문헌,텍스트,문단번호,절번호,절원문,글자수,트리거,판정대상
사기,화식열전,1,1,老子曰,3,,
사기,화식열전,1,2,至治之極,4,,
사기,화식열전,1,3,鄰國相望,4,,
사기,화식열전,1,4,雞狗之聲相聞,6,,
사기,화식열전,1,5,民各甘其食,5,,
사기,화식열전,1,6,美其服,3,,
사기,화식열전,1,7,安其俗,3,,
사기,화식열전,1,8,樂其業,3,,
사기,화식열전,1,9,至老,2,,
사기,화식열전,1,10,死,1,,
사기,화식열전,1,11,不相往來,4,,
사기,화식열전,1,12,必用此為務,5,,
사기,화식열전,1,13,輓近世涂民耳目,7,,
사기,화식열전,1,14,則幾無行矣,5,,
사기,화식열전,2,1,太史公曰,4,,
사기,화식열전,2,2,夫神農以前,5,,
사기,화식열전,2,3,吾不知已,4,,
사기,화식열전,2,4,至若詩書所述虞夏以來,10,,
사기,화식열전,2,5,耳目欲極聲色之好,8,,
사기,화식열전,2,6,口欲窮芻豢之,6,,
사기,화식열전,2,7,味,1,,
사기,화식열전,2,8,身安逸樂,4,,
사기,화식열전,2,9,而心誇矜輓能之榮使,9,,
사기,화식열전,2,10,俗之漸民久矣,6,,
사기,화식열전,2,11,雖戶說以眇論,6,,
사기,화식열전,2,12,終不能化,4,,
사기,화식열전,2,13,故善者因之,5,,Y
사기,화식열전,2,14,其次利道之,5,利,Y
사기,화식열전,2,15,其次教誨之,5,,Y
사기,화식열전,2,16,其次整齊之,5,,
사기,화식열전,2,17,最下者與之爭,6,,
사기,화식열전,3,1,夫山西饒材,5,,
사기,화식열전,3,2,竹,1,,
사기,화식열전,3,3,穀,1,,
사기,화식열전,3,4,纑,1,,
사기,화식열전,3,5,旄,1,,
사기,화식열전,3,6,玉石,2,,
사기,화식열전,3,7,山東多魚,4,,
사기,화식열전,3,8,鹽,1,,
사기,화식열전,3,9,漆,1,,
사기,화식열전,3,10,絲,1,,
사기,화식열전,3,11,聲色,2,,
사기,화식열전,3,12,江南出枏,4,,
사기,화식열전,3,13,梓,1,,
사기,화식열전,3,14,薑,1,,
사기,화식열전,3,15,桂,1,,
사기,화식열전,3,16,金,1,,
사기,화식열전,3,17,錫,1,,
사기,화식열전,3,18,連,1,,
사기,화식열전,3,19,丹沙,2,,
사기,화식열전,3,20,犀,1,,
사기,화식열전,3,21,瑁,1,,
사기,화식열전,3,22,珠璣,2,,
사기,화식열전,3,23,齒革,2,,
사기,화식열전,3,24,龍門,2,,
사기,화식열전,3,25,碣石北多馬,5,,
사기,화식열전,3,26,牛,1,,
사기,화식열전,3,27,羊,1,,
사기,화식열전,3,28,旃裘,2,,
사기,화식열전,3,29,筋角,2,,
사기,화식열전,3,30,銅,1,,
사기,화식열전,3,31,鐵則,2,,
사기,화식열전,3,32,千里往往山出棋置,8,,
사기,화식열전,3,33,此其大較也,5,,
사기,화식열전,3,34,皆中國人民所喜好謠俗被服飲食奉生送死之具也,21,,
사기,화식열전,3,35,故待農而食,5,,
사기,화식열전,3,36,之,1,,
사기,화식열전,3,37,虞而出之,4,,
사기,화식열전,3,38,工而成之,4,,Y
사기,화식열전,3,39,商而通之,4,商,Y
사기,화식열전,3,40,此寧有政教發徵期會哉,10,,Y
사기,화식열전,3,41,人各任其能,5,,
사기,화식열전,3,42,竭其力,3,,
사기,화식열전,3,43,以得所,3,,
사기,화식열전,3,44,欲,1,,
사기,화식열전,3,45,故物賤之徵貴,6,,
사기,화식열전,3,46,貴之徵賤,4,,
사기,화식열전,3,47,各勸其業,4,,
사기,화식열전,3,48,樂其事,3,,
사기,화식열전,3,49,若水之趨下,5,,
사기,화식열전,3,50,日夜無休時,5,,
사기,화식열전,3,51,不召而自來,5,,
사기,화식열전,3,52,不,1,,
사기,화식열전,3,53,求而民出之,5,,
사기,화식열전,3,54,豈非道之所符,6,,
사기,화식열전,3,55,而自然之驗邪,6,,
사기,화식열전,4,1,周書曰,3,,
사기,화식열전,4,2,農不出則乏其食,7,,
사기,화식열전,4,3,工不出則乏其事,7,,Y
사기,화식열전,4,4,商不出則三寶絕,7,商,Y
사기,화식열전,4,5,虞不出則財匱少,7,財,Y
사기,화식열전,4,6,財匱,2,財,Y
사기,화식열전,4,7,少而山澤不辟矣,7,,Y
사기,화식열전,4,8,此四者,3,,
사기,화식열전,4,9,民所衣食之原也,7,,
사기,화식열전,4,10,原大則饒,4,,
사기,화식열전,4,11,原小則鮮,4,,Y
사기,화식열전,4,12,上則富國,4,富,Y
사기,화식열전,4,13,下則富家,4,富,Y
사기,화식열전,4,14,貧富,2,富 貧,Y
사기,화식열전,4,15,之道,2,,Y
사기,화식열전,4,16,莫之奪予,4,,
사기,화식열전,4,17,而巧者有餘,5,,
사기,화식열전,4,18,拙者不足,4,,
사기,화식열전,4,19,故太公望封於營丘,8,,
사기,화식열전,4,20,地澙鹵,3,,
사기,화식열전,4,21,人民寡,3,,
사기,화식열전,4,22,於是太公勸其,6,,
사기,화식열전,4,23,女功,2,,
사기,화식열전,4,24,極技巧,3,,
사기,화식열전,4,25,通魚鹽,3,,
사기,화식열전,4,26,則人物歸之,5,,
사기,화식열전,4,27,繦至而輻湊,5,,
사기,화식열전,4,28,故齊冠帶衣履天下,8,,
사기,화식열전,4,29,海岱之閒斂袂而往朝,9,,
사기,화식열전,4,30,焉,1,,
사기,화식열전,4,31,其後齊中衰,5,,
사기,화식열전,4,32,管子修之,4,,
사기,화식열전,4,33,設輕重九府,5,,
사기,화식열전,4,34,則桓公以霸,5,,
사기,화식열전,4,35,九合諸侯,4,,
사기,화식열전,4,36,一匡天下,4,,
사기,화식열전,4,37,而管氏亦有三,6,,
사기,화식열전,4,38,歸,1,,
사기,화식열전,4,39,位在陪臣,4,,Y
사기,화식열전,4,40,富於列國之君,6,富,Y
사기,화식열전,4,41,是以齊富彊至於威,8,富,Y
사기,화식열전,4,42,宣也,2,,Y
사기,화식열전,5,1,故曰,2,,
사기,화식열전,5,2,倉廩實而知禮節,7,,
사기,화식열전,5,3,衣食足而知榮辱,7,,
사기,화식열전,5,4,禮生於有而廢於無,8,,Y
사기,화식열전,5,5,故君子富,4,富,Y
사기,화식열전,5,6,好行其德,4,,Y
사기,화식열전,5,7,小人,2,,Y
사기,화식열전,5,8,富,1,富,Y
사기,화식열전,5,9,以適其力,4,,Y
사기,화식열전,5,10,淵深而魚生之,6,,
사기,화식열전,5,11,山深而獸往之,6,,Y
사기,화식열전,5,12,人富而仁義附焉,7,富,Y
사기,화식열전,5,13,富者得埶益彰,6,富,Y
사기,화식열전,5,14,失埶則客無所,6,,Y
사기,화식열전,5,15,之,1,,
사기,화식열전,5,16,以而不樂,4,,
사기,화식열전,5,17,夷狄益甚,4,,
사기,화식열전,5,18,諺曰,2,,Y
사기,화식열전,5,19,千金之子,4,千金,Y
사기,화식열전,5,20,不死於市,4,,Y
사기,화식열전,5,21,此非空言也,5,,
사기,화식열전,5,22,故曰,2,,
사기,화식열전,5,23,天下熙熙,4,,Y
사기,화식열전,5,24,皆為利來,4,利,Y
사기,화식열전,5,25,天下壤壤,4,,Y
사기,화식열전,5,26,皆為利往,4,利,Y
사기,화식열전,5,27,夫千乘之王,5,,Y
사기,화식열전,5,28,萬家之侯,4,,
사기,화식열전,5,29,百室之君,4,,Y
사기,화식열전,5,30,尚猶患貧,4,貧,Y
사기,화식열전,5,31,而況匹夫編,5,,Y
사기,화식열전,5,32,戶之民乎,4,,
사기,화식열전,6,1,昔者越王句踐困於會稽之上,12,,
사기,화식열전,6,2,乃用范蠡,4,,
사기,화식열전,6,3,計然,2,,
사기,화식열전,6,4,計然曰,3,,
사기,화식열전,6,5,知斗則修備,5,,
사기,화식열전,6,6,時用則知物,5,,
사기,화식열전,6,7,二者形則,4,,Y
사기,화식열전,6,8,萬貨之情可得而觀已,9,貨,Y
사기,화식열전,6,9,故歲在金,4,,Y
사기,화식열전,6,10,穰,1,,
사기,화식열전,6,11,水,1,,
사기,화식열전,6,12,毀,1,,
사기,화식열전,6,13,木,1,,
사기,화식열전,6,14,饑,1,,
사기,화식열전,6,15,火,1,,
사기,화식열전,6,16,旱,1,,Y
사기,화식열전,6,17,旱則資舟,4,資,Y
사기,화식열전,6,18,水則資車,4,資,Y
사기,화식열전,6,19,物之理,3,,Y
사기,화식열전,6,20,也,1,,
사기,화식열전,6,21,六歲穰,3,,
사기,화식열전,6,22,六歲旱,3,,
사기,화식열전,6,23,十二歲一大饑,6,,
사기,화식열전,6,24,夫糶,2,,
사기,화식열전,6,25,二十病農,4,,
사기,화식열전,6,26,九十病末,4,,Y
사기,화식열전,6,27,末病則財不出,6,財,Y
사기,화식열전,6,28,農病則草不,5,,Y
사기,화식열전,6,29,辟矣,2,,
사기,화식열전,6,30,上不過八十,5,,
사기,화식열전,6,31,下不減三十,5,,Y
사기,화식열전,6,32,則農末俱利,5,利,Y
사기,화식열전,6,33,平糶齊物,4,,Y
사기,화식열전,6,34,關市不乏,4,,
사기,화식열전,6,35,治國之道也,5,,
사기,화식열전,6,36,積著之理,4,,
사기,화식열전,6,37,務完物,3,,Y
사기,화식열전,6,38,無息幣,3,息,Y
사기,화식열전,6,39,以物相貿易,5,貿易,Y
사기,화식열전,6,40,腐敗而食之貨勿留,8,貨,Y
사기,화식열전,6,41,無敢居貴,4,,Y
사기,화식열전,6,42,論其有餘不足,6,,
사기,화식열전,6,43,則知貴賤,4,,
사기,화식열전,6,44,貴上,2,,
사기,화식열전,6,45,極則反賤,4,,
사기,화식열전,6,46,賤下極則反貴,6,,
사기,화식열전,6,47,貴出如糞土,5,,
사기,화식열전,6,48,賤取如珠玉,5,,Y
사기,화식열전,6,49,財幣欲其行如流水,8,財幣,Y
사기,화식열전,6,50,修之十年,4,,Y
사기,화식열전,6,51,國富,2,富,Y
사기,화식열전,6,52,厚賂戰士,4,,Y
사기,화식열전,6,53,士赴矢石,4,,
사기,화식열전,6,54,如渴得飲,4,,
사기,화식열전,6,55,遂報彊吳,4,,
사기,화식열전,6,56,觀兵中國,4,,
사기,화식열전,6,57,稱號,2,,
사기,화식열전,6,58,五霸,2,,
사기,화식열전,7,1,范蠡既雪會稽之恥,8,,
사기,화식열전,7,2,乃喟然而嘆曰,6,,
사기,화식열전,7,3,計然之策七,5,,
사기,화식열전,7,4,越用其五而得意,7,,
사기,화식열전,7,5,既已施於國,5,,
사기,화식열전,7,6,吾欲用之,4,,
사기,화식열전,7,7,家,1,,
사기,화식열전,7,8,乃乘扁舟浮於江湖,8,,
사기,화식열전,7,9,變名易姓,4,,
사기,화식열전,7,10,適齊為鴟夷子皮,7,,
사기,화식열전,7,11,之陶為朱公,5,,
사기,화식열전,7,12,朱公以為陶天下之中,9,,
사기,화식열전,7,13,諸,1,,
사기,화식열전,7,14,侯四通,3,,Y
사기,화식열전,7,15,貨物所交易也,6,貨,Y
사기,화식열전,7,16,乃治產積居,5,產,Y
사기,화식열전,7,17,與時逐而不責於人,8,,Y
사기,화식열전,7,18,故善治生者,5,,
사기,화식열전,7,19,能擇人而任時,6,,
사기,화식열전,7,20,十九年,3,,Y
사기,화식열전,7,21,之中三致千金,6,千金,Y
사기,화식열전,7,22,再分散與貧交疏昆弟,9,貧,Y
사기,화식열전,7,23,此所謂富好行其德者也,10,富,Y
사기,화식열전,7,24,後年衰老而聽子孫,8,,Y
사기,화식열전,7,25,子孫修業而,5,,Y
사기,화식열전,8,1,息之,2,息,Y
사기,화식열전,8,2,遂至巨萬,4,,Y
사기,화식열전,8,3,故言富者皆稱陶朱公,9,富,Y
사기,화식열전,9,1,子贛既學於仲尼,7,,Y
사기,화식열전,9,2,退而仕於衛,5,,Y
사기,화식열전,9,3,廢著鬻財於曹,6,財,Y
사기,화식열전,9,4,魯之閒,3,,Y
사기,화식열전,9,5,七十子之徒,5,,
사기,화식열전,9,6,賜最為饒益,5,,
사기,화식열전,9,7,原憲不厭糟,5,,
사기,화식열전,9,8,糠,1,,
사기,화식열전,9,9,匿於窮巷,4,,Y
사기,화식열전,9,10,子貢結駟連騎,6,貢,Y
사기,화식열전,9,11,束帛之幣以聘享諸侯,9,,Y
사기,화식열전,9,12,所至,2,,
사기,화식열전,9,13,國君無不分庭與之抗禮,10,,
사기,화식열전,9,14,夫使孔子,4,,
사기,화식열전,9,15,名布揚於天下者,7,,Y
사기,화식열전,9,16,子貢先後之也,6,貢,Y
사기,화식열전,9,17,此所謂得埶而益彰者乎,10,,Y
사기,화식열전,10,1,白圭,2,,
사기,화식열전,10,2,周人也,3,,
사기,화식열전,10,3,當魏文侯時,5,,
사기,화식열전,10,4,李克務盡地力,6,,
사기,화식열전,10,5,而白圭樂觀時變,7,,
사기,화식열전,10,6,故人棄我取,5,,
사기,화식열전,10,7,人取我與,4,,
사기,화식열전,10,8,夫歲孰,3,,
사기,화식열전,10,9,取穀,2,,
사기,화식열전,10,10,予之絲漆,4,,
사기,화식열전,10,11,繭出取帛絮,5,,
사기,화식열전,10,12,予之食,3,,
사기,화식열전,10,13,太陰在卯,4,,
사기,화식열전,10,14,穰,1,,
사기,화식열전,10,15,明歲衰惡,4,,
사기,화식열전,10,16,至午,2,,
사기,화식열전,10,17,旱,1,,
사기,화식열전,10,18,明歲美,3,,
사기,화식열전,10,19,至酉,2,,
사기,화식열전,10,20,穰,1,,
사기,화식열전,10,21,明歲衰惡,4,,
사기,화식열전,10,22,至子,2,,
사기,화식열전,10,23,大旱,2,,
사기,화식열전,10,24,明歲美,3,,
사기,화식열전,10,25,有水,2,,
사기,화식열전,10,26,至卯,2,,Y
사기,화식열전,10,27,積著率歲倍,5,倍,Y
사기,화식열전,10,28,欲長錢,3,錢,Y
사기,화식열전,10,29,取下穀,3,,Y
사기,화식열전,10,30,長石斗,3,,
사기,화식열전,10,31,取,1,,
사기,화식열전,10,32,上種,2,,
사기,화식열전,10,33,能薄飲食,4,,
사기,화식열전,10,34,忍嗜欲,3,,
사기,화식열전,10,35,節衣服,3,,
사기,화식열전,10,36,與用事僮仆同苦樂,8,,
사기,화식열전,10,37,趨時若猛獸摯鳥之發,9,,
사기,화식열전,10,38,故曰,2,,
사기,화식열전,10,39,吾治生,3,,Y
사기,화식열전,10,40,產,1,產,Y
사기,화식열전,10,41,猶伊尹,3,,Y
사기,화식열전,10,42,呂尚之謀,4,,
사기,화식열전,10,43,孫吳用兵,4,,Y
사기,화식열전,10,44,商鞅行法是也,6,商,Y
사기,화식열전,10,45,是故其智不足與權變,9,,Y
사기,화식열전,10,46,勇不足以決斷,6,,
사기,화식열전,10,47,仁不,2,,
사기,화식열전,10,48,能以取予,4,,
사기,화식열전,10,49,彊不能有所守,6,,
사기,화식열전,10,50,雖欲學吾術,5,,
사기,화식열전,10,51,終不告之矣,5,,
사기,화식열전,10,52,蓋天下言治生祖白圭,9,,
사기,화식열전,10,53,白圭其有所試,6,,
사기,화식열전,10,54,矣,1,,
사기,화식열전,10,55,能試有所長,5,,
사기,화식열전,10,56,非茍而已也,5,,
사기,화식열전,11,1,猗頓用盬鹽起,6,,
사기,화식열전,11,2,而邯鄲郭縱以鐵冶成業,10,,Y
사기,화식열전,11,3,與王者埒富,5,富,Y
사기,화식열전,12,1,烏氏倮牧,4,,Y
사기,화식열전,12,2,及眾,2,,Y
사기,화식열전,12,3,斥賣,2,賣,Y
사기,화식열전,12,4,求奇繒物,4,,Y
사기,화식열전,12,5,閒獻遺戎王,5,,Y
사기,화식열전,12,6,戎王什倍其償,6,倍 償 什,Y
사기,화식열전,12,7,與之畜,3,,Y
사기,화식열전,12,8,畜至用谷量馬牛,7,,
사기,화식열전,12,9,秦,1,,
사기,화식열전,12,10,始皇帝令倮比封君,8,,
사기,화식열전,12,11,以時與列臣朝請,7,,
사기,화식열전,12,12,而巴蜀寡婦清,6,,
사기,화식열전,12,13,其先得丹穴,5,,Y
사기,화식열전,12,14,而擅其利數世,6,利,Y
사기,화식열전,12,15,家亦不,3,,Y
사기,화식열전,12,16,訾,1,,
사기,화식열전,12,17,清,1,,
사기,화식열전,12,18,寡婦也,3,,
사기,화식열전,12,19,能守其業,4,,Y
사기,화식열전,12,20,用財自衛,4,財,Y
사기,화식열전,12,21,不見侵犯,4,,Y
사기,화식열전,12,22,秦皇帝以為貞婦而客之,10,,
사기,화식열전,12,23,為筑女懷清臺,6,,
사기,화식열전,12,24,夫,1,,
사기,화식열전,12,25,倮鄙人牧長,5,,
사기,화식열전,12,26,清窮鄉寡婦,5,,
사기,화식열전,12,27,禮抗萬乘,4,,
사기,화식열전,12,28,名顯天下,4,,Y
사기,화식열전,12,29,豈非以富邪,5,富,Y
사기,화식열전,13,1,漢興,2,,Y
사기,화식열전,13,2,海內為一,4,,
사기,화식열전,13,3,開關梁,3,,
사기,화식열전,13,4,弛山澤之禁,5,,Y
사기,화식열전,13,5,是以富商大賈周流天下,10,富 商 賈,Y
사기,화식열전,13,6,交易之物莫不通,7,,Y
사기,화식열전,13,7,得其所欲,4,,
사기,화식열전,13,8,而徙豪傑諸侯彊族於京師,11,,
사기,화식열전,14,1,關中自汧,4,,
사기,화식열전,14,2,雍以東至河,5,,
사기,화식열전,14,3,華,1,,
사기,화식열전,14,4,膏壤沃野千里,6,,Y
사기,화식열전,14,5,自虞夏之貢以為上田,9,貢,Y
사기,화식열전,14,6,而公劉適邠,5,,Y
사기,화식열전,14,7,大王,2,,
사기,화식열전,14,8,王季在,3,,
사기,화식열전,14,9,岐,1,,
사기,화식열전,14,10,文王作豐,4,,
사기,화식열전,14,11,武王治鎬,4,,
사기,화식열전,14,12,故其民猶有先王之遺風,10,,
사기,화식열전,14,13,好稼穡,3,,Y
사기,화식열전,14,14,殖五穀,3,殖,Y
사기,화식열전,14,15,地重,2,,Y
사기,화식열전,14,16,重為邪,3,,
사기,화식열전,14,17,及秦文,3,,
사기,화식열전,14,18,孝,1,,
사기,화식열전,14,19,德,1,,
사기,화식열전,14,20,繆居雍,3,,Y
사기,화식열전,14,21,隙隴蜀之貨物而多賈,9,貨 賈,Y
사기,화식열전,14,22,獻,1,,Y
사기,화식열전,14,23,孝,1,,
사기,화식열전,14,24,公徙櫟邑,4,,
사기,화식열전,14,25,櫟邑北卻戎翟,6,,
사기,화식열전,14,26,東通三晉,4,,Y
사기,화식열전,14,27,亦多大賈,4,賈,Y
사기,화식열전,14,28,武,1,,Y
사기,화식열전,14,29,孝,1,,
사기,화식열전,14,30,昭治咸陽,4,,
사기,화식열전,14,31,因以漢都,4,,
사기,화식열전,14,32,長安諸陵,4,,
사기,화식열전,14,33,四方輻湊并至而會,8,,
사기,화식열전,14,34,地小人眾,4,,
사기,화식열전,14,35,故,1,,
사기,화식열전,14,36,其民益玩巧而事末也,9,,
사기,화식열전,14,37,南則巴蜀,4,,
사기,화식열전,14,38,巴蜀亦沃野,5,,
사기,화식열전,14,39,地饒炧,3,,
사기,화식열전,14,40,薑,1,,
사기,화식열전,14,41,丹沙,2,,
사기,화식열전,14,42,石,1,,
사기,화식열전,14,43,銅,1,,
사기,화식열전,14,44,鐵,1,,
사기,화식열전,14,45,竹,1,,
사기,화식열전,14,46,木之器,3,,
사기,화식열전,14,47,南御滇僰,4,,
사기,화식열전,14,48,僰僮,2,,
사기,화식열전,14,49,西近邛笮,4,,
사기,화식열전,14,50,笮馬,2,,
사기,화식열전,14,51,旄牛,2,,
사기,화식열전,14,52,然四塞,3,,
사기,화식열전,14,53,棧道千里,4,,
사기,화식열전,14,54,無所不通,4,,
사기,화식열전,14,55,唯褒斜綰轂其口,7,,
사기,화식열전,14,56,以,1,,
사기,화식열전,14,57,所多易所鮮,5,,
사기,화식열전,14,58,天水,2,,
사기,화식열전,14,59,隴西,2,,
사기,화식열전,14,60,北地,2,,
사기,화식열전,14,61,上郡與關中同俗,7,,Y
사기,화식열전,14,62,然西有羌中之利,7,利,Y
사기,화식열전,14,63,北有戎翟之畜,6,,Y
사기,화식열전,14,64,畜牧為天,4,,
사기,화식열전,14,65,下饒,2,,
사기,화식열전,14,66,然地亦窮險,5,,
사기,화식열전,14,67,唯京師要其道,6,,
사기,화식열전,14,68,故關中之地,5,,
사기,화식열전,14,69,於天下三分之一,7,,Y
사기,화식열전,14,70,而人眾不過什三,7,什,Y
사기,화식열전,14,71,然量其,3,,Y
사기,화식열전,14,72,富,1,富,Y
사기,화식열전,14,73,什居其六,4,什,Y
사기,화식열전,15,1,昔唐人都河東,6,,Y
사기,화식열전,15,2,殷人都河內,5,,
사기,화식열전,15,3,周人都河南,5,,
사기,화식열전,15,4,夫三河在天下之中,8,,
사기,화식열전,15,5,若鼎足,3,,
사기,화식열전,15,6,王者所更居也,6,,
사기,화식열전,15,7,建國各,3,,
사기,화식열전,15,8,數百千歲,4,,
사기,화식열전,15,9,土地小狹,4,,
사기,화식열전,15,10,民人眾,3,,
사기,화식열전,15,11,都國諸侯所聚會,7,,Y
사기,화식열전,15,12,故其俗纖儉習事,7,儉,Y
사기,화식열전,15,13,楊,1,,Y
사기,화식열전,15,14,平陽陳西賈秦,6,賈,Y
사기,화식열전,15,15,翟,1,,Y
사기,화식열전,15,16,北,1,,Y
사기,화식열전,15,17,賈種,2,賈,Y
사기,화식열전,15,18,代,1,,Y
사기,화식열전,15,19,種,1,,
사기,화식열전,15,20,代,1,,
사기,화식열전,15,21,石北也,3,,
사기,화식열전,15,22,地邊胡,3,,
사기,화식열전,15,23,數被寇,3,,
사기,화식열전,15,24,人民矜懻忮,5,,
사기,화식열전,15,25,好氣,2,,
사기,화식열전,15,26,任俠為姦,4,,Y
사기,화식열전,15,27,不事農商,4,商,Y
사기,화식열전,15,28,然迫,2,,Y
사기,화식열전,15,29,近北夷,3,,
사기,화식열전,15,30,師旅亟往,4,,Y
사기,화식열전,15,31,中國委輸時有奇羨,8,羨,Y
사기,화식열전,15,32,其民羯羠不均,6,,Y
사기,화식열전,15,33,自全晉之時固已患其僄悍,11,,
사기,화식열전,15,34,而武靈王益,5,,
사기,화식열전,15,35,厲之,2,,
사기,화식열전,15,36,其謠俗猶有趙之風也,9,,
사기,화식열전,15,37,故楊,2,,
사기,화식열전,15,38,平陽陳掾其閒,6,,
사기,화식열전,15,39,得所欲,3,,
사기,화식열전,15,40,溫,1,,Y
사기,화식열전,15,41,軹西賈上黨,5,賈,Y
사기,화식열전,15,42,北賈趙,3,賈,Y
사기,화식열전,15,43,中山,2,,Y
사기,화식열전,15,44,中山地薄人眾,6,,
사기,화식열전,15,45,猶有沙丘紂淫地餘民,9,,
사기,화식열전,15,46,民俗懁急,4,,Y
사기,화식열전,15,47,仰機利而食,5,利,Y
사기,화식열전,15,48,丈夫相聚游戲,6,,Y
사기,화식열전,15,49,悲歌慨,3,,
사기,화식열전,15,50,起則相,3,,
사기,화식열전,15,51,隨椎剽,3,,
사기,화식열전,15,52,休則掘冢作巧姦冶,8,,
사기,화식열전,15,53,多美物,3,,
사기,화식열전,15,54,為倡優,3,,
사기,화식열전,15,55,女子則鼓鳴瑟,6,,
사기,화식열전,15,56,跕屣,2,,Y
사기,화식열전,15,57,游媚貴富,4,富,Y
사기,화식열전,15,58,入後宮,3,,Y
사기,화식열전,15,59,遍諸,2,,
사기,화식열전,16,1,侯,1,,
사기,화식열전,17,1,然邯鄲亦漳,5,,
사기,화식열전,17,2,河之閒一都會也,7,,
사기,화식열전,17,3,北通燕,3,,
사기,화식열전,17,4,涿,1,,
사기,화식열전,17,5,南有鄭,3,,
사기,화식열전,17,6,衛,1,,
사기,화식열전,17,7,鄭,1,,
사기,화식열전,17,8,衛俗與趙相類,6,,
사기,화식열전,17,9,然近梁,3,,
사기,화식열전,17,10,魯,1,,
사기,화식열전,17,11,微,1,,
사기,화식열전,17,12,重而矜節,4,,
사기,화식열전,17,13,濮上之邑徙野王,7,,
사기,화식열전,17,14,野王好氣任俠,6,,
사기,화식열전,17,15,衛之風也,4,,
사기,화식열전,18,1,夫燕亦勃,4,,
사기,화식열전,18,2,碣之閒一都會也,7,,
사기,화식열전,18,3,南通齊,3,,
사기,화식열전,18,4,趙,1,,
사기,화식열전,18,5,東北邊胡,4,,
사기,화식열전,18,6,上谷至遼東,5,,
사기,화식열전,18,7,地踔遠,3,,
사기,화식열전,18,8,人民希,3,,
사기,화식열전,18,9,數被寇,3,,
사기,화식열전,18,10,大與趙,3,,
사기,화식열전,18,11,代俗相類,4,,
사기,화식열전,18,12,而民雕捍少慮,6,,
사기,화식열전,18,13,有魚鹽棗栗之饒,7,,
사기,화식열전,18,14,北鄰烏桓,4,,
사기,화식열전,18,15,夫餘,2,,
사기,화식열전,18,16,東綰穢貉,4,,
사기,화식열전,18,17,朝鮮,2,,
사기,화식열전,18,18,真番,2,,Y
사기,화식열전,18,19,之利,2,利,Y
사기,화식열전,19,1,洛陽東賈齊,5,賈,Y
사기,화식열전,19,2,魯,1,,Y
사기,화식열전,19,3,南賈梁,3,賈,Y
사기,화식열전,19,4,楚,1,,Y
사기,화식열전,19,5,故泰山之陽則魯,7,,
사기,화식열전,19,6,其陰則齊,4,,
사기,화식열전,19,7,齊帶山海,4,,
사기,화식열전,19,8,膏壤千里,4,,
사기,화식열전,19,9,宜桑麻,3,,
사기,화식열전,19,10,人民多文綵布帛魚鹽,9,,
사기,화식열전,19,11,臨菑亦海岱之閒一都會也,11,,
사기,화식열전,19,12,其俗寬緩闊,5,,
사기,화식열전,19,13,達,1,,
사기,화식열전,19,14,而足智,3,,
사기,화식열전,19,15,好議論,3,,
사기,화식열전,19,16,地重,2,,
사기,화식열전,19,17,難動搖,3,,
사기,화식열전,19,18,怯於眾鬬,4,,
사기,화식열전,19,19,勇於持刺,4,,
사기,화식열전,19,20,故多劫人者,5,,
사기,화식열전,19,21,大國之風也,5,,
사기,화식열전,19,22,其中具,3,,
사기,화식열전,19,23,五民,2,,
사기,화식열전,20,1,而鄒,2,,
사기,화식열전,20,2,魯濱洙,3,,
사기,화식열전,20,3,泗,1,,
사기,화식열전,20,4,猶有周公遺風,6,,
사기,화식열전,20,5,俗好儒,3,,
사기,화식열전,20,6,備於禮,3,,
사기,화식열전,20,7,故其民齪齪,5,,
사기,화식열전,20,8,頗有桑麻之業,6,,
사기,화식열전,20,9,無林澤之,4,,
사기,화식열전,20,10,饒,1,,
사기,화식열전,20,11,地小人眾,4,,Y
사기,화식열전,20,12,儉嗇,2,儉,Y
사기,화식열전,20,13,畏罪遠邪,4,,Y
사기,화식열전,20,14,及其衰,3,,Y
사기,화식열전,20,15,好賈趨利,4,利 賈,Y
사기,화식열전,20,16,甚於周人,4,,Y
사기,화식열전,21,1,夫自鴻溝以東,6,,
사기,화식열전,21,2,芒,1,,
사기,화식열전,21,3,碭以北,3,,
사기,화식열전,21,4,屬巨野,3,,
사기,화식열전,21,5,此梁,2,,
사기,화식열전,21,6,宋也,2,,
사기,화식열전,21,7,陶,1,,
사기,화식열전,21,8,睢陽亦一都會也,7,,
사기,화식열전,21,9,昔堯作,3,,
사기,화식열전,21,10,游,1,,
사기,화식열전,21,11,於,1,,
사기,화식열전,21,12,成陽,2,,
사기,화식열전,21,13,舜漁於雷澤,5,,
사기,화식열전,21,14,湯止于亳,4,,
사기,화식열전,21,15,其俗猶有先王遺風,8,,
사기,화식열전,21,16,重厚多君子,5,,
사기,화식열전,21,17,好稼穡,3,,
사기,화식열전,21,18,雖無山川之饒,6,,
사기,화식열전,21,19,能惡,2,,
사기,화식열전,21,20,衣食,2,,
사기,화식열전,21,21,致其蓄藏,4,,
사기,화식열전,22,1,越,1,,
사기,화식열전,22,2,楚則有三俗,5,,
사기,화식열전,22,3,夫自淮北沛,5,,
사기,화식열전,22,4,陳,1,,
사기,화식열전,22,5,汝南,2,,
사기,화식열전,22,6,南郡,2,,
사기,화식열전,22,7,此西楚也,4,,
사기,화식열전,22,8,其俗剽輕,4,,
사기,화식열전,22,9,易發怒,3,,
사기,화식열전,22,10,地薄,2,,
사기,화식열전,22,11,寡於積,3,,
사기,화식열전,22,12,聚,1,,
사기,화식열전,22,13,江陵故郢都,5,,
사기,화식열전,22,14,西通巫,3,,
사기,화식열전,22,15,巴,1,,
사기,화식열전,22,16,東有雲夢之饒,6,,
사기,화식열전,22,17,陳在楚夏之交,6,,Y
사기,화식열전,22,18,通魚鹽之貨,5,貨,Y
사기,화식열전,22,19,其民多賈,4,賈,Y
사기,화식열전,22,20,徐,1,,Y
사기,화식열전,22,21,僮,1,,
사기,화식열전,22,22,取慮,2,,
사기,화식열전,22,23,則清刻,3,,
사기,화식열전,22,24,矜己諾,3,,
사기,화식열전,23,1,彭城以東,4,,
사기,화식열전,23,2,東海,2,,
사기,화식열전,23,3,吳,1,,
사기,화식열전,23,4,廣陵,2,,
사기,화식열전,23,5,此東楚也,4,,
사기,화식열전,23,6,其俗類徐,4,,
사기,화식열전,23,7,僮,1,,
사기,화식열전,23,8,朐,1,,
사기,화식열전,23,9,繒以北,3,,
사기,화식열전,23,10,俗則齊,3,,
사기,화식열전,23,11,浙江南則越,5,,
사기,화식열전,23,12,夫,1,,
사기,화식열전,23,13,吳自闔廬,4,,
사기,화식열전,23,14,春申,2,,
사기,화식열전,23,15,王濞三人招致天下之喜游子弟,13,,
사기,화식열전,23,16,東有海鹽之饒,6,,
사기,화식열전,23,17,章山之銅,4,,
사기,화식열전,23,18,三江,2,,Y
사기,화식열전,23,19,五湖之利,4,利,Y
사기,화식열전,23,20,亦江東一都會也,7,,Y
사기,화식열전,24,1,衡山,2,,
사기,화식열전,24,2,九江,2,,
사기,화식열전,24,3,江南,2,,
사기,화식열전,24,4,豫章,2,,
사기,화식열전,24,5,長沙,2,,
사기,화식열전,24,6,是南楚也,4,,
사기,화식열전,24,7,其俗大類西楚,6,,
사기,화식열전,24,8,郢之後徙壽春,6,,
사기,화식열전,24,9,亦一都會也,5,,
사기,화식열전,24,10,而合,2,,
사기,화식열전,24,11,肥受南北潮,5,,
사기,화식열전,24,12,皮革,2,,
사기,화식열전,24,13,鮑,1,,
사기,화식열전,24,14,木輸會也,4,,
사기,화식열전,24,15,與閩中,3,,
사기,화식열전,24,16,干越雜俗,4,,
사기,화식열전,24,17,故南楚好辭,5,,
사기,화식열전,24,18,巧說少信,4,,
사기,화식열전,24,19,江南卑溼,4,,
사기,화식열전,24,20,丈,1,,
사기,화식열전,24,21,夫早夭,3,,
사기,화식열전,24,22,多竹木,3,,
사기,화식열전,24,23,豫章出黃金,5,,
사기,화식열전,24,24,長沙出連,4,,
사기,화식열전,24,25,錫,1,,
사기,화식열전,24,26,然堇堇物之所有,7,,
사기,화식열전,24,27,取之不足以更費,7,,
사기,화식열전,24,28,九疑,2,,
사기,화식열전,24,29,蒼梧,2,,
사기,화식열전,24,30,以南至儋耳者,6,,
사기,화식열전,24,31,與江南大同俗,6,,
사기,화식열전,24,32,而楊越多焉,5,,
사기,화식열전,24,33,番禺亦其一都會也,8,,
사기,화식열전,24,34,珠璣,2,,
사기,화식열전,24,35,犀,1,,
사기,화식열전,24,36,瑁,1,,
사기,화식열전,24,37,果,1,,
사기,화식열전,24,38,布之湊,3,,
사기,화식열전,25,1,潁川,2,,
사기,화식열전,25,2,南陽,2,,
사기,화식열전,25,3,夏人之居也,5,,
사기,화식열전,25,4,夏人政尚忠樸,6,,
사기,화식열전,25,5,猶有先王之遺風,7,,
사기,화식열전,25,6,潁川敦願,4,,
사기,화식열전,25,7,秦末世,3,,
사기,화식열전,25,8,遷不軌之民於,6,,
사기,화식열전,25,9,南陽,2,,
사기,화식열전,25,10,南陽西通武關,6,,
사기,화식열전,25,11,鄖關,2,,
사기,화식열전,25,12,東南受漢,4,,
사기,화식열전,25,13,江,1,,
사기,화식열전,25,14,淮,1,,
사기,화식열전,25,15,宛亦一都會也,6,,
사기,화식열전,25,16,俗雜好事,4,,Y
사기,화식열전,25,17,業多賈,3,賈,Y
사기,화식열전,25,18,其任俠,3,,Y
사기,화식열전,25,19,交通潁川,4,,
사기,화식열전,25,20,故至今謂之,5,,
사기,화식열전,25,21,夏人,2,,
사기,화식열전,26,1,夫天下物所鮮所多,8,,
사기,화식열전,26,2,人民謠俗,4,,
사기,화식열전,26,3,山東食海鹽,5,,
사기,화식열전,26,4,山西食鹽鹵,5,,
사기,화식열전,26,5,領南,2,,
사기,화식열전,26,6,沙北固往往出鹽,7,,
사기,화식열전,26,7,大體如此,4,,
사기,화식열전,26,8,矣,1,,
사기,화식열전,27,1,總之,2,,
사기,화식열전,27,2,楚越之地,4,,
사기,화식열전,27,3,地廣人希,4,,
사기,화식열전,27,4,飯稻羹魚,4,,
사기,화식열전,27,5,或火耕而水耨,6,,
사기,화식열전,27,6,果隋蠃蛤,4,,Y
사기,화식열전,27,7,不待賈而足,5,賈,Y
사기,화식열전,27,8,地埶饒食,4,,Y
사기,화식열전,27,9,無,1,,
사기,화식열전,27,10,饑饉之患,4,,
사기,화식열전,27,11,以故呰窳偷生,6,,Y
사기,화식열전,27,12,無積聚而多貧,6,貧,Y
사기,화식열전,27,13,是故江淮以南,6,,Y
사기,화식열전,27,14,無凍餓之人,5,,Y
사기,화식열전,27,15,亦無千金之家,6,千金,Y
사기,화식열전,27,16,沂,1,,Y
사기,화식열전,27,17,泗,1,,
사기,화식열전,27,18,水以北,3,,
사기,화식열전,27,19,宜五穀桑麻六畜,7,,
사기,화식열전,27,20,地小人眾,4,,
사기,화식열전,27,21,數被水旱之害,6,,
사기,화식열전,27,22,民好畜藏,4,,
사기,화식열전,27,23,故秦,2,,
사기,화식열전,27,24,夏,1,,
사기,화식열전,27,25,梁,1,,
사기,화식열전,27,26,魯好農而重,5,,
사기,화식열전,27,27,民,1,,
사기,화식열전,27,28,三河,2,,
사기,화식열전,27,29,宛,1,,
사기,화식열전,27,30,陳亦然,3,,Y
사기,화식열전,27,31,加以商賈,4,商 賈,Y
사기,화식열전,27,32,齊,1,,Y
사기,화식열전,27,33,趙設智巧,4,,Y
사기,화식열전,27,34,仰機利,3,利,Y
사기,화식열전,27,35,燕,1,,Y
사기,화식열전,27,36,代田畜而事蠶,6,,
사기,화식열전,28,1,由此觀之,4,,
사기,화식열전,28,2,賢人深謀於廊廟,7,,
사기,화식열전,28,3,論議朝廷,4,,
사기,화식열전,28,4,守信死節隱居巖穴之士設為名高者安歸乎,18,,Y
사기,화식열전,28,5,歸於富厚,4,富,Y
사기,화식열전,28,6,也,1,,Y
사기,화식열전,28,7,是以廉吏久,5,,Y
사기,화식열전,28,8,久更富,3,富,Y
사기,화식열전,28,9,廉賈歸富,4,富 賈,Y
사기,화식열전,28,10,富者,2,富,Y
사기,화식열전,28,11,人之情性,4,,Y
사기,화식열전,28,12,所不學而俱欲者也,8,,
사기,화식열전,28,13,故壯士在軍,5,,
사기,화식열전,28,14,攻城,2,,
사기,화식열전,28,15,先登,2,,
사기,화식열전,28,16,陷陣卻敵,4,,
사기,화식열전,28,17,斬將搴旗,4,,
사기,화식열전,28,18,前蒙矢石,4,,
사기,화식열전,28,19,不避湯火之難者,7,,
사기,화식열전,28,20,為重賞使也,5,,
사기,화식열전,28,21,其在閭巷少年,6,,
사기,화식열전,28,22,攻剽椎,3,,
사기,화식열전,28,23,埋,1,,
사기,화식열전,28,24,劫人作姦,4,,
사기,화식열전,28,25,掘冢鑄幣,4,,
사기,화식열전,28,26,任俠并兼,4,,
사기,화식열전,28,27,借交報仇,4,,
사기,화식열전,28,28,篡逐幽隱,4,,
사기,화식열전,28,29,不避法禁,4,,
사기,화식열전,28,30,走死地如騖者,6,,
사기,화식열전,28,31,其實皆,3,,Y
사기,화식열전,28,32,為財用耳,4,財,Y
사기,화식열전,28,33,今夫趙女鄭姬,6,,Y
사기,화식열전,28,34,設形容,3,,
사기,화식열전,28,35,揳鳴琴,3,,
사기,화식열전,28,36,揄長袂,3,,Y
사기,화식열전,28,37,躡利屣,3,利,Y
사기,화식열전,28,38,目挑心招,4,,Y
사기,화식열전,28,39,出不遠千里,5,,
사기,화식열전,28,40,不擇老,3,,
사기,화식열전,28,41,少者,2,,Y
사기,화식열전,28,42,奔富厚也,4,富,Y
사기,화식열전,28,43,游閒公子,4,,Y
사기,화식열전,28,44,飾冠劍,3,,
사기,화식열전,28,45,連車騎,3,,Y
사기,화식열전,28,46,亦為富貴容也,6,富,Y
사기,화식열전,28,47,弋射漁獵,4,,Y
사기,화식열전,28,48,犯晨夜,3,,
사기,화식열전,28,49,冒霜雪,3,,
사기,화식열전,28,50,馳,1,,
사기,화식열전,28,51,阬谷,2,,
사기,화식열전,28,52,不避猛獸之害,6,,
사기,화식열전,28,53,為得味也,4,,
사기,화식열전,28,54,博戲馳逐,4,,
사기,화식열전,28,55,鬬雞走狗,4,,
사기,화식열전,28,56,作色相矜,4,,
사기,화식열전,28,57,必爭勝者,4,,
사기,화식열전,28,58,重失負也,4,,
사기,화식열전,28,59,醫方,2,,
사기,화식열전,28,60,諸食技術之人,6,,
사기,화식열전,28,61,焦神極能,4,,
사기,화식열전,28,62,為重糈也,4,,
사기,화식열전,28,63,吏士舞文弄法,6,,
사기,화식열전,28,64,刻章偽書,4,,
사기,화식열전,28,65,不避刀鋸之誅者,7,,
사기,화식열전,28,66,沒於賂遺,4,,
사기,화식열전,28,67,也,1,,Y
사기,화식열전,28,68,農工商賈畜長,6,商 賈,Y
사기,화식열전,28,69,固求富益貨也,6,貨 富,Y
사기,화식열전,28,70,此有知盡能索耳,7,,Y
사기,화식열전,28,71,終不餘力而讓財矣,8,財,Y
사기,화식열전,29,1,諺曰,2,,Y
사기,화식열전,29,2,百里不販樵,5,,
사기,화식열전,29,3,千里不販糴,5,,
사기,화식열전,29,4,居之一歲,4,,
사기,화식열전,29,5,種之以穀,4,,
사기,화식열전,29,6,十歲,2,,
사기,화식열전,29,7,樹之以木,4,,
사기,화식열전,29,8,百歲,2,,
사기,화식열전,29,9,來之以,3,,
사기,화식열전,29,10,德,1,,
사기,화식열전,29,11,德者,2,,
사기,화식열전,29,12,人物之謂也,5,,
사기,화식열전,29,13,今有無秩祿之奉,7,,
사기,화식열전,29,14,爵邑之入,4,,
사기,화식열전,29,15,而樂與之比者,6,,
사기,화식열전,29,16,命曰,2,,Y
사기,화식열전,29,17,素封,2,素封,Y
사기,화식열전,29,18,封者食租,4,,Y
사기,화식열전,29,19,稅,1,稅,Y
사기,화식열전,29,20,歲率戶二百,5,,Y
사기,화식열전,29,21,千戶之君則二十萬,8,,
사기,화식열전,29,22,朝覲聘享出其中,7,,Y
사기,화식열전,29,23,庶民農工商賈,6,商 賈,Y
사기,화식열전,29,24,率亦歲萬息二千,7,息,Y
사기,화식열전,29,25,百萬,2,,Y
사기,화식열전,29,26,之家則二十萬,6,,Y
사기,화식열전,29,27,而更傜租賦出其中,8,賦,Y
사기,화식열전,29,28,衣食之欲,4,,Y
사기,화식열전,29,29,恣所好美矣,5,,
사기,화식열전,29,30,故曰陸地牧馬二百蹄,9,,
사기,화식열전,29,31,牛蹄角千,4,,
사기,화식열전,29,32,千足羊,3,,
사기,화식열전,29,33,澤中千足彘,5,,
사기,화식열전,29,34,水居千石魚陂,6,,
사기,화식열전,29,35,山居千章之材,6,,
사기,화식열전,29,36,安邑千樹棗,5,,
사기,화식열전,29,37,燕,1,,
사기,화식열전,29,38,秦千樹栗,4,,
사기,화식열전,29,39,蜀,1,,
사기,화식열전,29,40,漢,1,,
사기,화식열전,29,41,江,1,,
사기,화식열전,29,42,陵千樹橘,4,,
사기,화식열전,29,43,淮北,2,,
사기,화식열전,29,44,常山已南,4,,
사기,화식열전,29,45,河濟之閒千樹萩,7,,
사기,화식열전,29,46,陳,1,,
사기,화식열전,29,47,夏千畝漆,4,,
사기,화식열전,29,48,齊,1,,
사기,화식열전,29,49,魯千畝桑麻,5,,
사기,화식열전,29,50,渭川千畝竹,5,,
사기,화식열전,29,51,及名國萬家之城,7,,
사기,화식열전,29,52,帶郭千畝畝鐘之田,8,,
사기,화식열전,29,53,若千畝卮茜,5,,
사기,화식열전,29,54,千畦薑韭,4,,
사기,화식열전,29,55,此其人皆與千戶侯等,9,,Y
사기,화식열전,29,56,然是富給,4,富,Y
사기,화식열전,29,57,之資也,3,資,Y
사기,화식열전,29,58,不窺市井,4,,Y
사기,화식열전,29,59,不行異邑,4,,
사기,화식열전,29,60,坐而待收,4,,
사기,화식열전,29,61,身有處士之義而取給焉,10,,Y
사기,화식열전,29,62,若至家貧親老,6,貧,Y
사기,화식열전,29,63,妻子軟弱,4,,Y
사기,화식열전,29,64,歲時無以祭祀進醵,8,,
사기,화식열전,29,65,飲食被服不足以自通,9,,
사기,화식열전,29,66,如此不慚恥,5,,
사기,화식열전,29,67,則無所比矣,5,,Y
사기,화식열전,29,68,是以無財作力,6,財,Y
사기,화식열전,29,69,少有鬬,3,,Y
사기,화식열전,29,70,智,1,,
사기,화식열전,29,71,既饒爭時,4,,
사기,화식열전,29,72,此其大經也,5,,
사기,화식열전,29,73,今治生不待危身取給,9,,
사기,화식열전,29,74,則賢人勉焉,5,,Y
사기,화식열전,29,75,是故本富為上,6,富,Y
사기,화식열전,29,76,末富次之,4,富,Y
사기,화식열전,29,77,姦,1,,Y
사기,화식열전,29,78,富最下,3,富,Y
사기,화식열전,29,79,無巖處奇士之行,7,,Y
사기,화식열전,29,80,而長貧賤,4,貧,Y
사기,화식열전,29,81,好語仁義,4,,Y
사기,화식열전,29,82,亦足羞也,4,,
사기,화식열전,30,1,凡編戶之民,5,,Y
사기,화식열전,30,2,富相什則卑下之,7,富 什,Y
사기,화식열전,30,3,伯則畏憚之,5,,Y
사기,화식열전,30,4,千則役,3,,
사기,화식열전,30,5,萬則仆,3,,
사기,화식열전,30,6,物之理也,4,,Y
사기,화식열전,30,7,夫用貧求富,5,富 貧,Y
사기,화식열전,30,8,農不如,3,,Y
사기,화식열전,30,9,工,1,,Y
사기,화식열전,30,10,工不如商,4,商,Y
사기,화식열전,30,11,刺繡文不如倚市門,8,,Y
사기,화식열전,30,12,此言末業,4,,Y
사기,화식열전,30,13,貧者之資也,5,貧 資,Y
사기,화식열전,30,14,通邑大都,4,,Y
사기,화식열전,30,15,酤一歲千釀,5,,
사기,화식열전,30,16,醯醬千,3,,
사기,화식열전,30,17,瓨,1,,
사기,화식열전,30,18,漿千甔,3,,
사기,화식열전,30,19,屠牛羊彘千皮,6,,
사기,화식열전,30,20,販穀糶千鐘,5,,
사기,화식열전,30,21,薪槁千車,4,,
사기,화식열전,30,22,船長千丈,4,,
사기,화식열전,30,23,木千章,3,,
사기,화식열전,30,24,竹竿萬,3,,
사기,화식열전,30,25,其軺車百,4,,
사기,화식열전,30,26,乘,1,,
사기,화식열전,30,27,牛車千兩,4,,
사기,화식열전,30,28,木器髤者千枚,6,,
사기,화식열전,30,29,銅器千鈞,4,,
사기,화식열전,30,30,素木鐵器若炧茜千石,9,,
사기,화식열전,30,31,馬蹄蹾千,4,,
사기,화식열전,30,32,牛千足,3,,
사기,화식열전,30,33,羊彘千,3,,
사기,화식열전,30,34,雙,1,,
사기,화식열전,30,35,僮手指千,4,,
사기,화식열전,30,36,筋角丹沙千斤,6,,
사기,화식열전,30,37,其帛絮細布千鈞,7,,
사기,화식열전,30,38,文采千匹,4,,
사기,화식열전,30,39,榻布皮革千石,6,,
사기,화식열전,30,40,漆千斗,3,,
사기,화식열전,30,41,糱麹鹽豉,4,,
사기,화식열전,30,42,千荅,2,,
사기,화식열전,30,43,鮐鮆千斤,4,,
사기,화식열전,30,44,鯫千石,3,,
사기,화식열전,30,45,鮑千鈞,3,,
사기,화식열전,30,46,棗栗千石者三之,7,,
사기,화식열전,30,47,狐鼦裘千皮,5,,
사기,화식열전,30,48,羔羊裘千石,5,,
사기,화식열전,30,49,旃席千具,4,,
사기,화식열전,30,50,佗,1,,
사기,화식열전,30,51,果菜千鐘,4,,Y
사기,화식열전,30,52,子貸金錢千貫,6,錢,Y
사기,화식열전,30,53,節駔會,3,,Y
사기,화식열전,30,54,貪賈三之,4,賈,Y
사기,화식열전,30,55,廉賈五之,4,賈,Y
사기,화식열전,30,56,此亦比千乘之家,7,,Y
사기,화식열전,30,57,其大率也,4,,
사기,화식열전,30,58,佗雜業,3,,Y
사기,화식열전,30,59,不中什二,4,什,Y
사기,화식열전,30,60,則非吾財也,5,財,Y
사기,화식열전,31,1,請略道當世千里之中,9,,Y
사기,화식열전,31,2,賢人所以富者,6,富,Y
사기,화식열전,31,3,令後世得以觀擇焉,8,,Y
사기,화식열전,32,1,蜀卓氏之先,5,,
사기,화식열전,32,2,趙人也,3,,Y
사기,화식열전,32,3,用鐵冶富,4,富,Y
사기,화식열전,32,4,秦破趙,3,,Y
사기,화식열전,32,5,遷卓氏,3,,
사기,화식열전,32,6,卓氏見虜略,5,,
사기,화식열전,32,7,獨夫妻推輦,5,,
사기,화식열전,32,8,行詣遷處,4,,
사기,화식열전,32,9,諸遷,2,,Y
사기,화식열전,32,10,虜少有餘財,5,財,Y
사기,화식열전,32,11,爭與吏,3,,Y
사기,화식열전,32,12,求近處,3,,
사기,화식열전,32,13,處葭萌,3,,
사기,화식열전,32,14,唯卓氏曰,4,,
사기,화식열전,32,15,此地狹薄,4,,
사기,화식열전,32,16,吾聞汶山之下,6,,
사기,화식열전,32,17,沃野,2,,
사기,화식열전,32,18,下有蹲,3,,
사기,화식열전,32,19,鴟,1,,
사기,화식열전,32,20,至死不饑,4,,
사기,화식열전,32,21,民工於市,4,,Y
사기,화식열전,32,22,易賈,2,賈,Y
사기,화식열전,32,23,乃求遠遷,4,,Y
사기,화식열전,32,24,致之臨邛,4,,
사기,화식열전,32,25,大喜,2,,
사기,화식열전,32,26,即鐵山鼓鑄,5,,
사기,화식열전,32,27,運籌策,3,,
사기,화식열전,32,28,傾滇蜀,3,,
사기,화식열전,33,1,之民,2,,Y
사기,화식열전,33,2,富至僮千人,5,富,Y
사기,화식열전,33,3,田池射獵之樂,6,,Y
사기,화식열전,33,4,擬於人君,4,,
사기,화식열전,34,1,程鄭,2,,
사기,화식열전,34,2,山東遷虜也,5,,
사기,화식열전,34,3,亦冶鑄,3,,Y
사기,화식열전,34,4,賈椎髻之民,5,賈,Y
사기,화식열전,34,5,富埒卓氏,4,富,Y
사기,화식열전,34,6,俱居臨邛,4,,Y
사기,화식열전,35,1,宛孔氏之先,5,,
사기,화식열전,35,2,梁人也,3,,
사기,화식열전,35,3,用鐵冶為業,5,,
사기,화식열전,35,4,秦伐魏,3,,
사기,화식열전,35,5,遷孔氏南陽,5,,
사기,화식열전,35,6,大鼓鑄,3,,
사기,화식열전,35,7,規陂池,3,,
사기,화식열전,35,8,連車騎,3,,
사기,화식열전,35,9,游諸侯,3,,Y
사기,화식열전,35,10,因通商賈之利,6,利 商 賈,Y
사기,화식열전,35,11,有游閒公子之賜與名,9,,Y
사기,화식열전,35,12,然其贏得過當,6,贏,Y
사기,화식열전,35,13,愈於纖嗇,4,,Y
사기,화식열전,35,14,家致富數千金,6,千金 富,Y
사기,화식열전,35,15,故南陽行賈盡,6,賈,Y
사기,화식열전,35,16,法孔氏之雍容,6,,Y
사기,화식열전,36,1,魯人俗儉嗇,5,儉,Y
사기,화식열전,36,2,而曹邴氏尤甚,6,,Y
사기,화식열전,36,3,以鐵冶起,4,,Y
사기,화식열전,36,4,富至巨萬,4,富,Y
사기,화식열전,36,5,然家自父兄子孫約,8,,Y
사기,화식열전,36,6,俛有拾,3,,
사기,화식열전,36,7,仰有取,3,,
사기,화식열전,36,8,貰貸,2,,Y
사기,화식열전,36,9,行賈遍郡國,5,賈,Y
사기,화식열전,36,10,鄒,1,,Y
사기,화식열전,36,11,魯以其故多去文學而趨利者,12,利,Y
사기,화식열전,36,12,以曹邴氏也,5,,Y
사기,화식열전,37,1,齊俗賤奴虜,5,,
사기,화식열전,37,2,而刀閒獨愛貴之,7,,
사기,화식열전,37,3,桀黠奴,3,,
사기,화식열전,37,4,人之所患也,5,,
사기,화식열전,37,5,唯刀閒收取,5,,Y
사기,화식열전,37,6,使之逐漁鹽商賈之利,9,利 商 賈,Y
사기,화식열전,37,7,或連,2,,Y
사기,화식열전,37,8,車騎,2,,
사기,화식열전,37,9,交守相,3,,
사기,화식열전,37,10,然愈益任之,5,,
사기,화식열전,37,11,終得其力,4,,Y
사기,화식열전,37,12,起富數千萬,5,富,Y
사기,화식열전,37,13,故曰,2,,Y
사기,화식열전,37,14,寧爵毋刀,4,,
사기,화식열전,37,15,言其能使豪奴自饒而,9,,
사기,화식열전,37,16,盡其力,3,,
사기,화식열전,38,1,周人既纖,4,,
사기,화식열전,38,2,而師史尤甚,5,,
사기,화식열전,38,3,轉轂以百數,5,,Y
사기,화식열전,38,4,賈郡國,3,賈,Y
사기,화식열전,38,5,無所不至,4,,Y
사기,화식열전,38,6,洛陽街居在齊秦楚趙之中,11,,Y
사기,화식열전,38,7,貧人學事,4,貧,Y
사기,화식열전,38,8,富家,2,富,Y
사기,화식열전,38,9,相矜以久賈,5,賈,Y
사기,화식열전,38,10,數過邑不入門,6,,Y
사기,화식열전,38,11,設任此等,4,,
사기,화식열전,38,12,故師史能致七千萬,8,,
사기,화식열전,39,1,宣曲任氏之先,6,,
사기,화식열전,39,2,為督道倉吏,5,,
사기,화식열전,39,3,秦之敗也,4,,
사기,화식열전,39,4,豪傑皆爭取金玉,7,,Y
사기,화식열전,39,5,而任氏獨窖倉粟,7,窖,Y
사기,화식열전,39,6,楚漢相距滎陽也,7,,Y
사기,화식열전,39,7,民不得耕種,5,,
사기,화식열전,39,8,米石至萬,4,,
사기,화식열전,39,9,而豪傑金玉盡歸任氏,9,,Y
사기,화식열전,39,10,任氏以此起富,6,富,Y
사기,화식열전,39,11,富人爭奢侈,5,富 奢,Y
사기,화식열전,39,12,而任氏折節為儉,7,儉,Y
사기,화식열전,39,13,力田畜,3,,Y
사기,화식열전,39,14,田畜人爭取賤賈,7,賈,Y
사기,화식열전,39,15,任氏獨取貴善,6,,Y
사기,화식열전,39,16,富者數世,4,富,Y
사기,화식열전,39,17,然任公家約,5,,Y
사기,화식열전,39,18,非田畜所出弗衣食,8,,
사기,화식열전,39,19,公事不,3,,
사기,화식열전,39,20,畢則身不得飲酒食肉,9,,
사기,화식열전,39,21,以此為閭里率,6,,Y
사기,화식열전,39,22,故富而主上重之,7,富,Y
사기,화식열전,40,1,塞之斥也,4,,Y
사기,화식열전,40,2,唯橋姚已致馬千匹,8,,Y
사기,화식열전,40,3,牛倍之,3,倍,Y
사기,화식열전,40,4,羊萬頭,3,,Y
사기,화식열전,40,5,粟以萬鐘計,5,,
사기,화식열전,40,6,吳楚七國兵起時,7,,
사기,화식열전,40,7,長安中列侯封,6,,
사기,화식열전,40,8,君行從軍旅,5,,Y
사기,화식열전,40,9,齎貸子錢,4,錢,Y
사기,화식열전,40,10,子錢家以為侯邑國在關東,11,錢,Y
사기,화식열전,40,11,關東成敗未決,6,,Y
사기,화식열전,40,12,莫肯與,3,,Y
사기,화식열전,40,13,唯無鹽氏出捐千金,8,千金,Y
사기,화식열전,40,14,貸,1,,Y
사기,화식열전,40,15,其息什之,4,息 什,Y
사기,화식열전,40,16,三月,2,,Y
사기,화식열전,40,17,吳楚平,3,,
사기,화식열전,40,18,一歲之中,4,,Y
사기,화식열전,40,19,則無鹽氏之息什倍,8,倍 息 什,Y
사기,화식열전,40,20,用此富埒關中,6,富,Y
사기,화식열전,41,1,關中富商大賈,6,富 商 賈,Y
사기,화식열전,41,2,大抵盡諸田,5,,Y
사기,화식열전,41,3,田嗇,2,,
사기,화식열전,41,4,田蘭,2,,
사기,화식열전,41,5,韋家栗氏,4,,
사기,화식열전,41,6,安陵,2,,
사기,화식열전,41,7,杜杜氏,3,,
사기,화식열전,41,8,亦巨萬,3,,
사기,화식열전,42,1,此其章章尤異者也,8,,Y
사기,화식열전,42,2,皆非有爵邑奉祿弄法犯姦而富,13,富,Y
사기,화식열전,42,3,盡椎埋去就,5,,Y
사기,화식열전,42,4,與時俯仰,4,,Y
사기,화식열전,42,5,獲其贏利,4,利 贏,Y
사기,화식열전,42,6,以末致,3,,Y
사기,화식열전,42,7,財,1,財,Y
사기,화식열전,42,8,用本守之,4,,Y
사기,화식열전,42,9,以武一切,4,,
사기,화식열전,42,10,用文持之,4,,
사기,화식열전,42,11,變化有概,4,,
사기,화식열전,42,12,故足術也,4,,
사기,화식열전,42,13,若至力農畜,5,,Y
사기,화식열전,42,14,工虞商賈,4,商 賈,Y
사기,화식열전,42,15,為權利以,4,利,Y
사기,화식열전,42,16,成富,2,富,Y
사기,화식열전,42,17,大者傾郡,4,,Y
사기,화식열전,42,18,中者傾縣,4,,
사기,화식열전,42,19,下者傾鄉里者,6,,
사기,화식열전,42,20,不可勝數,4,,
사기,화식열전,43,1,夫纖嗇筋力,5,,
사기,화식열전,43,2,治生之正道也,6,,Y
사기,화식열전,43,3,而富者必用奇勝,7,富,Y
사기,화식열전,43,4,田農,2,,Y
사기,화식열전,43,5,掘業,2,,
사기,화식열전,43,6,而秦揚以蓋一州,7,,
사기,화식열전,43,7,掘冢,2,,
사기,화식열전,43,8,姦事也,3,,
사기,화식열전,43,9,而田叔以起,5,,
사기,화식열전,43,10,博戲,2,,
사기,화식열전,43,11,惡業也,3,,Y
사기,화식열전,43,12,而桓發用富,5,富,Y
사기,화식열전,43,13,行賈,2,賈,Y
사기,화식열전,43,14,丈夫賤行也,5,,Y
사기,화식열전,43,15,而雍樂成以饒,6,,
사기,화식열전,43,16,販脂,2,,
사기,화식열전,43,17,辱處也,3,,Y
사기,화식열전,43,18,而雍伯千金,5,千金,Y
사기,화식열전,43,19,賣漿,2,賣,Y
사기,화식열전,43,20,小業也,3,,Y
사기,화식열전,43,21,而張氏千萬,5,,
사기,화식열전,43,22,灑削,2,,
사기,화식열전,43,23,薄技也,3,,
사기,화식열전,43,24,而郅氏鼎食,5,,
사기,화식열전,43,25,胃脯,2,,
사기,화식열전,43,26,簡微耳,3,,
사기,화식열전,43,27,濁氏連,3,,
사기,화식열전,43,28,騎,1,,
사기,화식열전,43,29,馬醫,2,,
사기,화식열전,43,30,淺方,2,,
사기,화식열전,43,31,張裏擊鐘,4,,
사기,화식열전,43,32,此皆誠壹之所致,7,,
사기,화식열전,43,33,由是觀之,4,,Y
사기,화식열전,43,34,富無經業,4,富,Y
사기,화식열전,43,35,則貨無常主,5,貨,Y
사기,화식열전,43,36,能者輻湊,4,,Y
사기,화식열전,43,37,不肖者瓦解,5,,Y
사기,화식열전,43,38,千金之家比一都之君,9,千金,Y
사기,화식열전,43,39,巨萬者乃與王者同樂,9,,Y
사기,화식열전,43,40,豈所謂,3,,Y
사기,화식열전,43,41,素封,2,素封,Y
사기,화식열전,43,42,者邪非也,4,,Y
열하일기,도강록,2,1,起辛未,3,,
열하일기,도강록,2,2,止乙酉,3,,
열하일기,도강록,2,3,自鴨綠江,4,,
열하일기,도강록,2,4,至遼陽十五日,6,,
열하일기,도강록,3,1,曷爲後三庚子,6,,
열하일기,도강록,3,2,記行程陰晴,5,,
열하일기,도강록,3,3,將年以係月日也,7,,
열하일기,도강록,3,4,曷稱後,3,,
열하일기,도강록,3,5,崇禎紀元後也,6,,
열하일기,도강록,3,6,曷三庚子,4,,
열하일기,도강록,3,7,崇禎紀元後三周庚,8,,
열하일기,도강록,3,8,子也,2,,
열하일기,도강록,3,9,曷不稱崇禎,5,,
열하일기,도강록,3,10,將渡江故諱之也,7,,
열하일기,도강록,3,11,曷諱之,3,,
열하일기,도강록,3,12,江以外淸人也,6,,
열하일기,도강록,3,13,天下皆奉淸正朔,7,,
열하일기,도강록,3,14,故不敢稱崇禎也,7,,
열하일기,도강록,3,15,曷私,2,,
열하일기,도강록,3,16,稱崇禎,3,,
열하일기,도강록,3,17,皇明中華也,5,,
열하일기,도강록,3,18,吾初受命之上國也,8,,
열하일기,도강록,3,19,崇禎十七年,5,,
열하일기,도강록,3,20,毅宗烈皇帝殉社稷,8,,
열하일기,도강록,3,21,明室亡,3,,
열하일기,도강록,3,22,于今百三十餘年,7,,
열하일기,도강록,3,23,曷至今稱之,5,,
열하일기,도강록,3,24,淸人入主中國,6,,
열하일기,도강록,3,25,而先王之制度變而爲胡,10,,
열하일기,도강록,3,26,環東土數千里,6,,
열하일기,도강록,3,27,畫江而爲國,5,,
열하일기,도강록,3,28,獨守先王之制度,7,,
열하일기,도강록,3,29,是明明室猶存於鴨水以東也,12,,
열하일기,도강록,3,30,雖力不足以攘除戎狄肅淸中原,13,,
열하일기,도강록,3,31,以光復先王之舊,7,,
열하일기,도강록,3,32,然皆能尊崇禎,6,,
열하일기,도강록,3,33,以存,2,,
열하일기,도강록,3,34,中國也,3,,
열하일기,도강록,3,35,崇禎百五十六年癸卯,9,,
열하일기,도강록,3,36,洌上外史題,5,,
열하일기,도강록,4,1,後三庚子我聖上四年,9,,
열하일기,도강록,4,2,淸乾隆四十五年,7,,
열하일기,도강록,6,1,午後渡鴨綠江,6,,
열하일기,도강록,6,2,行三十里,4,,
열하일기,도강록,6,3,露宿九連城,5,,
열하일기,도강록,6,4,夜大雨卽止,5,,
열하일기,도강록,6,5,初留龍灣,4,,
열하일기,도강록,6,6,義州舘,3,,
열하일기,도강록,6,7,十日,2,,
열하일기,도강록,6,8,方物盡到,4,,
열하일기,도강록,6,9,行期甚促,4,,
열하일기,도강록,6,10,而,1,,
열하일기,도강록,6,11,一雨成霖,4,,
열하일기,도강록,6,12,兩江通漲,4,,
열하일기,도강록,6,13,中間快晴,4,,
열하일기,도강록,6,14,亦已四日,4,,
열하일기,도강록,6,15,而水勢益盛,5,,
열하일기,도강록,6,16,木石俱轉,4,,
열하일기,도강록,6,17,濁浪連空,4,,
열하일기,도강록,6,18,盖鴨綠江,4,,
열하일기,도강록,6,19,發源最遠故,5,,
열하일기,도강록,6,20,耳,1,,
열하일기,도강록,6,21,按唐書,3,,
열하일기,도강록,6,22,高麗馬訾水,5,,
열하일기,도강록,6,23,出靺鞨之白山,6,,
열하일기,도강록,6,24,色若鴨頭,4,,
열하일기,도강록,6,25,故號鴨綠江,5,,
열하일기,도강록,6,26,所謂白山者,5,,
열하일기,도강록,6,27,卽長白山也,5,,
열하일기,도강록,6,28,山海經,3,,
열하일기,도강록,6,29,稱,1,,
열하일기,도강록,6,30,不咸山,3,,
열하일기,도강록,6,31,我國稱白頭山,6,,
열하일기,도강록,6,32,白頭山,3,,
열하일기,도강록,6,33,爲諸江發源之祖,7,,
열하일기,도강록,6,34,西南流者爲鴨綠江,8,,
열하일기,도강록,6,35,皇輿考云,4,,
열하일기,도강록,6,36,天下有三大水,6,,
열하일기,도강록,6,37,黃河,2,,
열하일기,도강록,6,38,長江,2,,
열하일기,도강록,6,39,鴨綠江也,4,,
열하일기,도강록,6,40,兩山墨談,4,,
열하일기,도강록,6,41,陳霆著,3,,
열하일기,도강록,6,42,云,1,,
열하일기,도강록,6,43,自淮以北爲北條,7,,
열하일기,도강록,6,44,凡水皆宗大河,6,,
열하일기,도강록,6,45,未有以江名者,6,,
열하일기,도강록,6,46,而北之在高,5,,
열하일기,도강록,6,47,麗曰鴨綠江,5,,
열하일기,도강록,6,48,盖是江也,4,,
열하일기,도강록,6,49,天下之大水也,6,,
열하일기,도강록,6,50,其發源之地,5,,
열하일기,도강록,6,51,方旱方潦,4,,
열하일기,도강록,6,52,難度於千里之外也,8,,
열하일기,도강록,6,53,以今漲勢觀之,6,,
열하일기,도강록,6,54,白山長霖,4,,
열하일기,도강록,6,55,可以推知,4,,
열하일기,도강록,6,56,况此非尋常津涉之地乎,10,,
열하일기,도강록,6,57,今當盛潦,4,,
열하일기,도강록,6,58,汀步艤泊,4,,
열하일기,도강록,6,59,皆失故處,4,,
열하일기,도강록,6,60,中流礁沙,4,,
열하일기,도강록,6,61,亦所難審,4,,
열하일기,도강록,6,62,操舟者少失其勢,7,,
열하일기,도강록,6,63,則有非人力所可廻旋,9,,
열하일기,도강록,6,64,一行譯員迭援故事,8,,
열하일기,도강록,6,65,固請退期,4,,
열하일기,도강록,6,66,灣尹,2,,
열하일기,도강록,6,67,李在學,3,,
열하일기,도강록,6,68,亦送親裨,4,,
열하일기,도강록,6,69,爲挽,2,,
열하일기,도강록,6,70,數日,2,,
열하일기,도강록,6,71,而正使堅以是日爲渡江之期,12,,
열하일기,도강록,6,72,狀啓已書塡日時矣,8,,
열하일기,도강록,7,1,朝起開牕,4,,
열하일기,도강록,7,2,濃雲密布,4,,
열하일기,도강록,7,3,雨意彌山,4,,
열하일기,도강록,7,4,盥櫛已罷,4,,
열하일기,도강록,7,5,整頓行李,4,,
열하일기,도강록,7,6,手封家書及諸處答札,9,,
열하일기,도강록,7,7,出付撥便,4,,
열하일기,도강록,7,8,於是略啜早粥,6,,
열하일기,도강록,7,9,徐往舘所,4,,
열하일기,도강록,7,10,諸裨已著軍服戰笠矣,9,,Y
열하일기,도강록,7,11,頂起銀花雲月,6,銀,Y
열하일기,도강록,7,12,懸孔雀羽,4,,Y
열하일기,도강록,7,13,腰繫藍方紗紬纏帶,8,,
열하일기,도강록,7,14,佩環刀,3,,
열하일기,도강록,7,15,手握短鞭,4,,
열하일기,도강록,7,16,相,1,,
열하일기,도강록,7,17,視而笑曰,4,,
열하일기,도강록,7,18,貌樣何如,4,,
열하일기,도강록,7,19,盧參奉以漸上房裨將,9,,
열하일기,도강록,7,20,視帖裏時,4,,
열하일기,도강록,7,21,更加豪健矣,5,,
열하일기,도강록,7,22,帖裏方言天翼,6,,
열하일기,도강록,7,23,裨將我境則著,6,,
열하일기,도강록,7,24,帖裏,2,,
열하일기,도강록,7,25,渡江則換着狹袖,7,,
열하일기,도강록,7,26,鄭進士珏上房裨將,8,,
열하일기,도강록,7,27,笑迎曰,3,,
열하일기,도강록,7,28,今日眞得渡江矣,7,,
열하일기,도강록,7,29,盧從傍曰,4,,
열하일기,도강록,7,30,乃今將渡江矣,6,,
열하일기,도강록,7,31,余皆應曰,4,,
열하일기,도강록,7,32,唯唯,2,,
열하일기,도강록,7,33,盖一旬留館,5,,
열하일기,도강록,7,34,擧懷支離之意,6,,
열하일기,도강록,7,35,皆畜奮飛之氣,6,,
열하일기,도강록,7,36,加以霖雨江漲,6,,
열하일기,도강록,7,37,益生躁鬱,4,,
열하일기,도강록,7,38,及此期日倐,5,,
열하일기,도강록,7,39,屆,1,,
열하일기,도강록,7,40,則雖欲無渡,5,,
열하일기,도강록,7,41,不可得也,4,,
열하일기,도강록,7,42,遙瞻前途,4,,
열하일기,도강록,7,43,溽暑蒸人,4,,
열하일기,도강록,7,44,回想家鄕,4,,
열하일기,도강록,7,45,雲山渺漠,4,,
열하일기,도강록,7,46,人情到此,4,,
열하일기,도강록,7,47,安得無憮然退悔,7,,
열하일기,도강록,7,48,所,1,,
열하일기,도강록,7,49,謂平生壯遊,5,,
열하일기,도강록,7,50,恒言曰不可不一觀云者,10,,
열하일기,도강록,7,51,眞屬第二義,5,,
열하일기,도강록,7,52,其曰今日渡江云者,8,,
열하일기,도강록,7,53,非快暢得意之語,7,,
열하일기,도강록,7,54,乃無可奈,4,,
열하일기,도강록,7,55,何之意耳,4,,
열하일기,도강록,7,56,譯官金震夏,5,,
열하일기,도강록,7,57,二上堂,3,,
열하일기,도강록,7,58,以年老病重,5,,
열하일기,도강록,7,59,落後而去,4,,
열하일기,도강록,7,60,辭別鄭重,4,,
열하일기,도강록,7,61,不覺悵然,4,,
열하일기,도강록,8,1,朝飯後,3,,
열하일기,도강록,8,2,余獨先一騎而出,7,,
열하일기,도강록,8,3,馬紫騮而白題,6,,
열하일기,도강록,8,4,脛瘦而蹄高,5,,
열하일기,도강록,8,5,頭銳而腰短,5,,
열하일기,도강록,8,6,竦其雙耳,4,,
열하일기,도강록,8,7,眞有萬里之想矣,7,,
열하일기,도강록,8,8,昌大,2,,
열하일기,도강록,8,9,前控,2,,
열하일기,도강록,8,10,張福後囑,4,,
열하일기,도강록,8,11,鞍掛雙囊,4,,
열하일기,도강록,8,12,左硯右鏡,4,,
열하일기,도강록,8,13,筆二墨一,4,,
열하일기,도강록,8,14,小空冊四卷,5,,
열하일기,도강록,8,15,程里錄一軸,5,,
열하일기,도강록,8,16,行裝至輕,4,,
열하일기,도강록,8,17,搜檢雖嚴,4,,
열하일기,도강록,8,18,可以,2,,
열하일기,도강록,8,19,無虞矣,3,,
열하일기,도강록,8,20,未及城門,4,,
열하일기,도강록,8,21,而驟雨一陣,5,,
열하일기,도강록,8,22,從東而至,4,,
열하일기,도강록,8,23,遂促鞭而行,5,,
열하일기,도강록,8,24,下馬城闉,4,,
열하일기,도강록,8,25,獨步上樓,4,,
열하일기,도강록,8,26,俯視城底,4,,
열하일기,도강록,8,27,獨昌大持馬,5,,
열하일기,도강록,8,28,而立,2,,
열하일기,도강록,8,29,不見張福,4,,
열하일기,도강록,8,30,少焉,2,,
열하일기,도강록,8,31,張福出立道傍小角門,9,,
열하일기,도강록,8,32,望上望下,4,,
열하일기,도강록,8,33,攲笠遮雨,4,,
열하일기,도강록,8,34,手提烏瓷小壺,6,,
열하일기,도강록,8,35,颯颯而來,4,,
열하일기,도강록,8,36,盖兩人,3,,
열하일기,도강록,8,37,者,1,,
열하일기,도강록,8,38,自檢其囊中得廿六文,9,,Y
열하일기,도강록,8,39,而東錢有禁,5,錢,Y
열하일기,도강록,8,40,不可出境,4,,Y
열하일기,도강록,8,41,棄之道則可惜,6,,
열하일기,도강록,8,42,故沽酒,3,,
열하일기,도강록,8,43,云,1,,
열하일기,도강록,8,44,問汝輩能飮幾何,7,,
열하일기,도강록,8,45,皆,1,,
열하일기,도강록,8,46,對不能近口,5,,
열하일기,도강록,8,47,余罵曰,3,,
열하일기,도강록,8,48,竪子惡能飮乎,6,,
열하일기,도강록,8,49,又自慰曰,4,,
열하일기,도강록,8,50,遠道一助,4,,
열하일기,도강록,8,51,於是悄然獨酌,6,,
열하일기,도강록,8,52,東望龍鐵諸山,6,,
열하일기,도강록,8,53,皆入萬,3,,
열하일기,도강록,8,54,重雲矣,3,,
열하일기,도강록,8,55,滿酌一盞,4,,
열하일기,도강록,8,56,酹第一柱,4,,Y
열하일기,도강록,8,57,自祈利涉,4,利,Y
열하일기,도강록,8,58,又斟一杯,4,,Y
열하일기,도강록,8,59,酹第二柱,4,,
열하일기,도강록,8,60,爲張福昌大祈,6,,
열하일기,도강록,8,61,搖壺則猶餘數杯,7,,
열하일기,도강록,8,62,使昌,2,,
열하일기,도강록,8,63,大酹地禱馬,5,,
열하일기,도강록,9,1,倚墻東望,4,,
열하일기,도강록,9,2,蒸雲乍騰,4,,
열하일기,도강록,9,3,白馬山城西邊一峯,8,,
열하일기,도강록,9,4,忽露半面,4,,
열하일기,도강록,9,5,其色深靑,4,,
열하일기,도강록,9,6,恰似吾燕岩書堂,7,,
열하일기,도강록,9,7,望見佛日後峯矣,7,,
열하일기,도강록,9,8,紅粉樓中別莫愁,7,,
열하일기,도강록,9,9,秋風數騎出邊頭,7,,Y
열하일기,도강록,9,10,畵船簫鼓無消息,7,息,Y
열하일기,도강록,9,11,斷膓淸南第一州,7,,Y
열하일기,도강록,9,12,此柳惠風入瀋陽時作也,10,,
열하일기,도강록,9,13,余,1,,
열하일기,도강록,9,14,浪咏數回,4,,
열하일기,도강록,9,15,獨自大笑曰,5,,
열하일기,도강록,9,16,此出疆人漫作無聊語爾,10,,
열하일기,도강록,9,17,安得有畵船簫皷哉,8,,
열하일기,도강록,9,18,昔荊卿將渡易水,7,,
열하일기,도강록,9,19,頃之未發,4,,
열하일기,도강록,9,20,太子疑其改悔,6,,
열하일기,도강록,9,21,請先遣秦舞陽,6,,
열하일기,도강록,9,22,荊軻怒叱曰,5,,
열하일기,도강록,9,23,僕所以留者,5,,
열하일기,도강록,9,24,待吾客與俱,5,,
열하일기,도강록,9,25,此荊卿漫作無聊語耳,9,,
열하일기,도강록,9,26,若疑,2,,
열하일기,도강록,9,27,荊卿改悔,4,,
열하일기,도강록,9,28,則可謂淺之知荊卿,8,,
열하일기,도강록,9,29,而荊卿所待之客,7,,
열하일기,도강록,9,30,亦未必有姓名其人也,9,,
열하일기,도강록,9,31,夫提一匕首,5,,
열하일기,도강록,9,32,入不測之强秦,6,,
열하일기,도강록,9,33,已多一秦舞陽,6,,
열하일기,도강록,9,34,復安用他客耶,6,,
열하일기,도강록,9,35,寒風歌筑,4,,
열하일기,도강록,9,36,聊盡今日之歡而已,8,,
열하일기,도강록,9,37,然而作者曰,5,,
열하일기,도강록,9,38,其人居遠未來,6,,
열하일기,도강록,9,39,巧哉其,3,,
열하일기,도강록,9,40,居遠也,3,,
열하일기,도강록,9,41,其人者,3,,
열하일기,도강록,9,42,天下之至交也,6,,
열하일기,도강록,9,43,是期也,3,,
열하일기,도강록,9,44,天下之大信也,6,,
열하일기,도강록,9,45,以天下之至交,6,,
열하일기,도강록,9,46,臨一往不返之期,7,,
열하일기,도강록,9,47,夫豈日暮而,5,,
열하일기,도강록,9,48,不至哉,3,,
열하일기,도강록,9,49,故其人所居未必楚吳三晉之遠,13,,
열하일기,도강록,9,50,亦未必以是日爲入秦之期,11,,
열하일기,도강록,9,51,而有握手丁寧之約也,9,,
열하일기,도강록,9,52,只在荊卿,4,,
열하일기,도강록,9,53,意中,2,,
열하일기,도강록,9,54,忽待是客,4,,
열하일기,도강록,9,55,作之者乃就荊卿意中之客,11,,
열하일기,도강록,9,56,而演之曰其人,6,,
열하일기,도강록,9,57,其人者,3,,
열하일기,도강록,9,58,所不知何人也,6,,
열하일기,도강록,9,59,以所不知何人而,7,,
열하일기,도강록,9,60,曰居遠,3,,
열하일기,도강록,9,61,爲荊卿慰之,5,,
열하일기,도강록,9,62,又恐其人之或來也,8,,
열하일기,도강록,9,63,則曰未來,4,,
열하일기,도강록,9,64,爲荊卿幸之耳,6,,
열하일기,도강록,9,65,誠若天下眞有其人,8,,
열하일기,도강록,9,66,吾且見之矣,5,,
열하일기,도강록,9,67,其人身長七尺二寸,8,,
열하일기,도강록,9,68,濃眉綠髯,4,,
열하일기,도강록,9,69,下豊上銳,4,,
열하일기,도강록,9,70,何以知其然也,6,,
열하일기,도강록,9,71,吾讀惠風此詩知之矣,9,,
열하일기,도강록,9,72,惠風名得恭,5,,
열하일기,도강록,9,73,號泠,2,,
열하일기,도강록,9,74,齋,1,,
열하일기,도강록,10,1,正使前排拂拂出城,8,,
열하일기,도강록,10,2,旗幟棍棒之屬,6,,
열하일기,도강록,10,3,排立於前,4,,
열하일기,도강록,10,4,故謂之前排,5,,
열하일기,도강록,10,5,來源與周主簿雙行矣,9,,
열하일기,도강록,10,6,來源,2,,
열하일기,도강록,10,7,余三從弟,4,,
열하일기,도강록,10,8,周主簿名命新,6,,
열하일기,도강록,10,9,俱上房裨將,5,,
열하일기,도강록,10,10,鞭鞘仗脇,4,,
열하일기,도강록,10,11,聳身據鞍,4,,
열하일기,도강록,10,12,肩高項長,4,,
열하일기,도강록,10,13,非不驍勇,4,,
열하일기,도강록,10,14,而坐下衾袋,5,,
열하일기,도강록,10,15,太厖氄,3,,
열하일기,도강록,10,16,僕夫藁,3,,
열하일기,도강록,10,17,鞋,1,,
열하일기,도강록,10,18,遍掛鞍後,4,,
열하일기,도강록,10,19,來源軍服,4,,
열하일기,도강록,10,20,靑苧也,3,,
열하일기,도강록,10,21,舊件新浣,4,,
열하일기,도강록,10,22,鬅騰郭索,4,,Y
열하일기,도강록,10,23,可謂太崇儉矣,6,儉,Y
열하일기,도강록,10,24,稍俟副使之出城,7,,Y
열하일기,도강록,10,25,乃按轡徐行,5,,
열하일기,도강록,10,26,最後,2,,
열하일기,도강록,10,27,至九龍亭,4,,
열하일기,도강록,10,28,卽發船所也,5,,
열하일기,도강록,10,29,灣尹已設幕出待,7,,
열하일기,도강록,10,30,而書狀淸晨先出,7,,
열하일기,도강록,10,31,與灣尹眼同搜檢,7,,
열하일기,도강록,10,32,例也,2,,
열하일기,도강록,10,33,方校閱人馬,5,,
열하일기,도강록,10,34,人籍姓名居住年甲髯疤有無身材短長馬錄其毛色,21,,
열하일기,도강록,10,35,立三旗爲門,5,,
열하일기,도강록,10,36,搜其禁物,4,,
열하일기,도강록,10,37,大者如黃金眞珠人參貂皮,11,,Y
열하일기,도강록,10,38,及包外濫銀,5,銀,Y
열하일기,도강록,10,39,小者新舊名目,6,,Y
열하일기,도강록,10,40,不下數十種,5,,
열하일기,도강록,10,41,瑣雜難悉,4,,
열하일기,도강록,10,42,廝隷則披衣摸袴,7,,
열하일기,도강록,10,43,裨譯則解視行裝衾袋衣褓,11,,
열하일기,도강록,10,44,披,1,,
열하일기,도강록,10,45,猖江岸,3,,
열하일기,도강록,10,46,皮箱紙匣,4,,
열하일기,도강록,10,47,狼藉草莽,4,,
열하일기,도강록,10,48,爭自收拾,4,,
열하일기,도강록,10,49,睊睊相顧,4,,
열하일기,도강록,10,50,大抵不檢,4,,
열하일기,도강록,10,51,則無以防姦,5,,
열하일기,도강록,10,52,搜之則有傷軆貌,7,,
열하일기,도강록,10,53,而其實,3,,
열하일기,도강록,10,54,文具而已,4,,Y
열하일기,도강록,10,55,灣賈之先期潛越,7,賈,Y
열하일기,도강록,10,56,有誰禁之,4,,Y
열하일기,도강록,10,57,禁物之現捉於初旗者,9,,
열하일기,도강록,10,58,重棍而公屬,5,,
열하일기,도강록,10,59,其物入中旗者,6,,
열하일기,도강록,10,60,刑配,2,,
열하일기,도강록,10,61,入第,2,,
열하일기,도강록,10,62,三旗者,3,,
열하일기,도강록,10,63,梟首示衆,4,,
열하일기,도강록,10,64,其立法則嚴矣,6,,
열하일기,도강록,10,65,今行原包猶未及半,8,,
열하일기,도강록,10,66,多空包者,4,,Y
열하일기,도강록,10,67,其濫銀奚論,5,銀,Y
열하일기,도강록,11,1,茶啖草草,4,,Y
열하일기,도강록,11,2,乍進旋退,4,,
열하일기,도강록,11,3,葢急於渡江,5,,
열하일기,도강록,11,4,無人下箸,4,,
열하일기,도강록,11,5,船只五隻,4,,
열하일기,도강록,11,6,如京江之津船,6,,
열하일기,도강록,11,7,而其制稍大,5,,
열하일기,도강록,11,8,先濟方物及人馬,7,,
열하일기,도강록,11,9,正使所乘,4,,
열하일기,도강록,11,10,載表咨文及首譯以下上房帶率同船,15,,
열하일기,도강록,11,11,副使書狀並其帶率合乘一船,12,,
열하일기,도강록,11,12,於是龍灣吏校房妓通引,10,,
열하일기,도강록,11,13,及平壤陪行營吏啓書等,10,,
열하일기,도강록,11,14,皆於船頭,4,,
열하일기,도강록,11,15,次第拜辭,4,,
열하일기,도강록,11,16,上房馬頭,4,,
열하일기,도강록,11,17,順安奴,3,,
열하일기,도강록,11,18,名時大,3,,
열하일기,도강록,11,19,唱謁未了,4,,
열하일기,도강록,11,20,篙師擧槳一刺,6,,
열하일기,도강록,11,21,水勢迅疾,4,,
열하일기,도강록,11,22,棹歌齊唱,4,,
열하일기,도강록,11,23,努力奏功,4,,
열하일기,도강록,11,24,星奔電邁,4,,
열하일기,도강록,11,25,怳若隔晨,4,,
열하일기,도강록,11,26,統軍亭楹楯欄檻,7,,
열하일기,도강록,11,27,八面爭轉辭別者,7,,
열하일기,도강록,11,28,猶立沙頭,4,,
열하일기,도강록,11,29,而渺渺如荳,5,,
열하일기,도강록,11,30,余謂洪君命福首譯,8,,
열하일기,도강록,11,31,曰,1,,
열하일기,도강록,11,32,君知道乎,4,,
열하일기,도강록,11,33,洪拱曰,3,,
열하일기,도강록,11,34,惡,1,,
열하일기,도강록,11,35,是何言也,4,,
열하일기,도강록,11,36,余曰,2,,
열하일기,도강록,11,37,道不難知,4,,
열하일기,도강록,11,38,惟在,2,,
열하일기,도강록,11,39,彼岸,2,,
열하일기,도강록,11,40,洪曰,2,,
열하일기,도강록,11,41,所謂誕先登岸耶,7,,
열하일기,도강록,11,42,余曰,2,,
열하일기,도강록,11,43,非此之謂也,5,,
열하일기,도강록,11,44,此江乃彼我交界處也,9,,
열하일기,도강록,11,45,非岸則水,4,,
열하일기,도강록,11,46,凡天下民彛物,6,,
열하일기,도강록,11,47,則,1,,
열하일기,도강록,11,48,如水之際岸,5,,
열하일기,도강록,11,49,道不他求,4,,
열하일기,도강록,11,50,卽在其際,4,,
열하일기,도강록,11,51,洪曰,2,,
열하일기,도강록,11,52,敢問何謂也,5,,
열하일기,도강록,11,53,余曰,2,,
열하일기,도강록,11,54,人心惟危,4,,
열하일기,도강록,11,55,道心惟微,4,,
열하일기,도강록,11,56,泰西人辨幾,5,,
열하일기,도강록,11,57,何一畫,3,,
열하일기,도강록,11,58,以一線諭之,5,,
열하일기,도강록,11,59,不足以盡其微,6,,
열하일기,도강록,11,60,則曰有光無光之際,8,,
열하일기,도강록,11,61,乃佛氏臨之曰不卽不離,10,,
열하일기,도강록,11,62,故善處其際,5,,
열하일기,도강록,11,63,惟,1,,
열하일기,도강록,11,64,知道者能之,5,,Y
열하일기,도강록,11,65,鄭之子產,4,產,Y
열하일기,도강록,12,1,船已泊岸,4,,Y
열하일기,도강록,12,2,蘆荻如織,4,,
열하일기,도강록,12,3,下不見地,4,,
열하일기,도강록,12,4,下隷輩爭下岸折蘆荻,9,,
열하일기,도강록,12,5,忙掇船上茵席,6,,
열하일기,도강록,12,6,欲爲鋪設,4,,
열하일기,도강록,12,7,而蘆根如戟,5,,
열하일기,도강록,12,8,黑土泥,3,,
열하일기,도강록,12,9,濃,1,,
열하일기,도강록,12,10,自正使以下,5,,
열하일기,도강록,12,11,茫然露立於蘆荻中矣,9,,
열하일기,도강록,12,12,問人馬先渡者何去,8,,
열하일기,도강록,12,13,左右對曰,4,,
열하일기,도강록,12,14,不知,2,,
열하일기,도강록,12,15,又問方物安在,6,,
열하일기,도강록,12,16,又,1,,
열하일기,도강록,12,17,對曰,2,,
열하일기,도강록,12,18,不知,2,,
열하일기,도강록,12,19,遙指九龍亭沙岸曰,8,,
열하일기,도강록,12,20,一行人馬太半未濟,8,,
열하일기,도강록,12,21,彼蟻屯者是也,6,,
열하일기,도강록,12,22,遙望龍灣,4,,
열하일기,도강록,12,23,一片孤城,4,,
열하일기,도강록,12,24,如晒匹,3,,
열하일기,도강록,12,25,練,1,,
열하일기,도강록,12,26,城門如針孔,5,,
열하일기,도강록,12,27,漏出天光,4,,
열하일기,도강록,12,28,如一點晨星,5,,
열하일기,도강록,12,29,有大筏乘漲而下,7,,
열하일기,도강록,12,30,時大遙呼曰位,6,,
열하일기,도강록,12,31,盖呼聲也,4,,
열하일기,도강록,12,32,位者,2,,
열하일기,도강록,12,33,尊稱,2,,
열하일기,도강록,12,34,也,1,,
열하일기,도강록,12,35,有一人起立應聲曰,8,,
열하일기,도강록,12,36,爾們的不時節,6,,Y
열하일기,도강록,12,37,緣何朝貢入大國,7,貢,Y
열하일기,도강록,12,38,暑天裏長途,5,,Y
열하일기,도강록,12,39,辛苦時大,4,,
열하일기,도강록,12,40,又問爾們的那,6,,
열하일기,도강록,12,41,地人民往何處砍木,8,,
열하일기,도강록,12,42,答曰,2,,
열하일기,도강록,12,43,俺等俱鳳城居住,7,,
열하일기,도강록,12,44,往長白山砍來,6,,
열하일기,도강록,12,45,說猶未了,4,,
열하일기,도강록,12,46,筏已杳然去矣,6,,
열하일기,도강록,12,47,時兩江合漲,5,,
열하일기,도강록,12,48,而中間爲孤島,6,,
열하일기,도강록,12,49,人馬先濟者,5,,
열하일기,도강록,12,50,誤爲下此,4,,
열하일기,도강록,12,51,相距雖五里,5,,
열하일기,도강록,12,52,無船復渡,4,,
열하일기,도강록,12,53,遂嚴勅兩船篙工,7,,
열하일기,도강록,12,54,速濟人馬,4,,
열하일기,도강록,12,55,則對以逆,4,,
열하일기,도강록,12,56,漲行船,3,,
열하일기,도강록,12,57,非時日可及,5,,
열하일기,도강록,12,58,使臣皆躁怒,5,,
열하일기,도강록,12,59,欲治領船灣校,6,,
열하일기,도강록,12,60,而無軍牢,4,,
열하일기,도강록,12,61,軍牢亦先渡,5,,
열하일기,도강록,12,62,誤下於中島故耳,7,,
열하일기,도강록,12,63,副房裨將,4,,
열하일기,도강록,12,64,李瑞龜,3,,
열하일기,도강록,12,65,不勝忿憤,4,,
열하일기,도강록,12,66,叱副旁馬頭,5,,
열하일기,도강록,12,67,捽入灣校,4,,
열하일기,도강록,12,68,而無可覆之地,6,,
열하일기,도강록,12,69,於是,2,,
열하일기,도강록,12,70,半開其臀,4,,
열하일기,도강록,12,71,以馬鞭略扣四五,7,,
열하일기,도강록,12,72,喝令拿,3,,
열하일기,도강록,12,73,出,1,,
열하일기,도강록,12,74,斯速擧行,4,,
열하일기,도강록,12,75,灣校一手著笠,6,,
열하일기,도강록,12,76,一手係袴,4,,
열하일기,도강록,12,77,連聲唱喏,4,,
열하일기,도강록,12,78,驅下兩船篙工,6,,
열하일기,도강록,12,79,入水曳船,4,,
열하일기,도강록,12,80,而水勢悍急,5,,
열하일기,도강록,12,81,進寸退尺,4,,
열하일기,도강록,12,82,威令無所施少焉,7,,
열하일기,도강록,12,83,一隻船沿岸飛下,7,,
열하일기,도강록,12,84,軍牢領三房轎馬而來,9,,
열하일기,도강록,12,85,張福呼昌大曰,6,,
열하일기,도강록,12,86,汝亦來乎,4,,
열하일기,도강록,12,87,葢幸之也,4,,
열하일기,도강록,12,88,使,1,,
열하일기,도강록,12,89,兩漢點視行裝,6,,
열하일기,도강록,12,90,則俱得無恙矣,6,,
열하일기,도강록,12,91,裨譯所騎,4,,
열하일기,도강록,12,92,或來或否,4,,
열하일기,도강록,12,93,於是正使先發軍牢一雙騎而吹角引路,16,,
열하일기,도강록,12,94,一雙步而,4,,
열하일기,도강록,12,95,前導,2,,
열하일기,도강록,12,96,颼飀穿蘆荻而行,7,,
열하일기,도강록,12,97,余於馬上拔佩刀,7,,
열하일기,도강록,12,98,斬蘆一竿,4,,
열하일기,도강록,12,99,皮堅肉厚而不堪作箭,9,,
열하일기,도강록,12,100,只合筆管矣,5,,
열하일기,도강록,12,101,一鹿驚起,4,,
열하일기,도강록,12,102,超,1,,
열하일기,도강록,12,103,越蘆荻,3,,
열하일기,도강록,12,104,如麥際飛鳥,5,,
열하일기,도강록,12,105,一行皆驚,4,,
열하일기,도강록,12,106,行十里至三江,6,,
열하일기,도강록,12,107,江淸如練,4,,
열하일기,도강록,12,108,名愛刺河,4,,
열하일기,도강록,12,109,而不知何處發源,7,,
열하일기,도강록,12,110,與鴨綠江相去,6,,
열하일기,도강록,12,111,不過十里,4,,
열하일기,도강록,12,112,而獨無潦漲之意,7,,
열하일기,도강록,12,113,其各地發源可知矣,8,,
열하일기,도강록,12,114,有兩隻船,4,,
열하일기,도강록,12,115,類我國上游船,6,,
열하일기,도강록,12,116,而長廣皆不及,6,,
열하일기,도강록,12,117,制甚堅緻,4,,
열하일기,도강록,12,118,刺船者皆鳳城人,7,,
열하일기,도강록,12,119,待此三日,4,,
열하일기,도강록,12,120,糧盡告飢云,5,,
열하일기,도강록,12,121,葢此河,3,,
열하일기,도강록,12,122,彼我不得往來之地,8,,
열하일기,도강록,12,123,而我國譯學及大國,8,,
열하일기,도강록,12,124,移咨不時,4,,
열하일기,도강록,12,125,有交關之事,5,,
열하일기,도강록,12,126,故鳳城將軍爲置船隻云,10,,
열하일기,도강록,12,127,船泊處甚沮洳,6,,
열하일기,도강록,12,128,余呼一胡曰位,6,,
열하일기,도강록,12,129,葢俄者纔學于時大也,9,,
열하일기,도강록,12,130,其人欣,3,,
열하일기,도강록,12,131,然捨槳而來,5,,
열하일기,도강록,12,132,余騰身載其背,6,,
열하일기,도강록,12,133,其人笑嘻嘻入船,7,,Y
열하일기,도강록,12,134,出氣長息曰,5,息,Y
열하일기,도강록,12,135,黑旋風媽媽這樣沉挑時,10,,Y
열하일기,도강록,12,136,巴不得上了沂,6,,
열하일기,도강록,12,137,風嶺,2,,
열하일기,도강록,12,138,趙主簿明會大笑,7,,
열하일기,도강록,12,139,余曰,2,,
열하일기,도강록,12,140,彼鹵漢不知江革,7,,
열하일기,도강록,12,141,但知李逵,4,,
열하일기,도강록,12,142,趙君曰,3,,
열하일기,도강록,12,143,所謂目不識丁,6,,
열하일기,도강록,12,144,正道此輩,4,,
열하일기,도강록,12,145,而,1,,
열하일기,도강록,12,146,稗官奇書,4,,
열하일기,도강록,12,147,皆其牙頰間常用例語,9,,
열하일기,도강록,12,148,所謂官話者是也,7,,
열하일기,도강록,13,1,河廣似我國臨津,7,,
열하일기,도강록,13,2,卽向九連城,5,,
열하일기,도강록,13,3,綠蕪列幕,4,,
열하일기,도강록,13,4,周羅虎網,4,,
열하일기,도강록,13,5,義州鎗軍,4,,
열하일기,도강록,13,6,處處伐木,4,,
열하일기,도강록,13,7,聲震原野,4,,
열하일기,도강록,13,8,獨立高阜,4,,
열하일기,도강록,13,9,擧目,2,,
열하일기,도강록,13,10,四望,2,,
열하일기,도강록,13,11,山明水淸,4,,
열하일기,도강록,13,12,開局平遠,4,,
열하일기,도강록,13,13,樹木連天,4,,
열하일기,도강록,13,14,隱隱有大邨落,6,,
열하일기,도강록,13,15,如聞鷄犬之聲,6,,
열하일기,도강록,13,16,土地肥沃,4,,
열하일기,도강록,13,17,可以耕墾,4,,
열하일기,도강록,13,18,浿江以西,4,,
열하일기,도강록,13,19,鴨綠以東,4,,
열하일기,도강록,13,20,無與此比,4,,
열하일기,도강록,13,21,合置巨鎭雄府,6,,
열하일기,도강록,13,22,彼我兩棄,4,,
열하일기,도강록,13,23,遂成閒區,4,,
열하일기,도강록,13,24,或云,2,,
열하일기,도강록,13,25,高句麗時,4,,
열하일기,도강록,13,26,亦甞都此,4,,
열하일기,도강록,13,27,所謂國內城,5,,
열하일기,도강록,13,28,皇明時爲鎭江府,7,,
열하일기,도강록,13,29,今淸陷遼,4,,
열하일기,도강록,13,30,則鎭江民人,5,,
열하일기,도강록,13,31,不肯剃頭,4,,
열하일기,도강록,13,32,或投毛文龍,5,,
열하일기,도강록,13,33,或投我國,4,,
열하일기,도강록,13,34,其後投我者,5,,
열하일기,도강록,13,35,盡爲淸人所,5,,
열하일기,도강록,13,36,刷還,2,,
열하일기,도강록,13,37,投文龍者,4,,
열하일기,도강록,13,38,多死于劉海之亂矣,8,,
열하일기,도강록,13,39,其爲空地,4,,
열하일기,도강록,13,40,且將百餘年,5,,
열하일기,도강록,13,41,漠然徒見山高而水淸者是也,12,,
열하일기,도강록,13,42,行視諸露,4,,
열하일기,도강록,13,43,屯處,2,,
열하일기,도강록,13,44,譯官或三人一幕,7,,
열하일기,도강록,13,45,或五人同帳,5,,
열하일기,도강록,13,46,譯卒及刷馬驅人,7,,Y
열하일기,도강록,13,47,伍伍什什,4,什,Y
열하일기,도강록,13,48,靠溪搆木,4,,Y
열하일기,도강록,13,49,炊烟相連,4,,
열하일기,도강록,13,50,人喧馬嘶,4,,
열하일기,도강록,13,51,儼,1,,
열하일기,도강록,13,52,成村閭,3,,Y
열하일기,도강록,13,53,灣商一隊,4,商,Y
열하일기,도강록,13,54,自爲一屯,4,,Y
열하일기,도강록,13,55,臨溪洗數十鷄,6,,
열하일기,도강록,13,56,張網獵魚,4,,
열하일기,도강록,13,57,烹羹煑蔬,4,,
열하일기,도강록,13,58,飯顆明潤,4,,
열하일기,도강록,13,59,最爲豊腴,4,,
열하일기,도강록,13,60,良久副使書,5,,
열하일기,도강록,13,61,狀,1,,
열하일기,도강록,13,62,次第來到,4,,
열하일기,도강록,13,63,日旣黃昏,4,,
열하일기,도강록,13,64,設燎三十餘處,6,,
열하일기,도강록,13,65,皆鋸截連抱巨木,7,,
열하일기,도강록,13,66,達曙通明,4,,
열하일기,도강록,13,67,軍牢吹角一聲,6,,
열하일기,도강록,13,68,則三百餘人,5,,
열하일기,도강록,13,69,齊,1,,
열하일기,도강록,13,70,聲吶喊,3,,
열하일기,도강록,13,71,所以警虎也,5,,
열하일기,도강록,13,72,竟夜如此,4,,
열하일기,도강록,13,73,軍牢自灣府選待最健者,10,,
열하일기,도강록,13,74,一行皁隷中,5,,
열하일기,도강록,13,75,最多事而亦最多食云,9,,
열하일기,도강록,13,76,其打扮,3,,
열하일기,도강록,13,77,令人絶倒,4,,
열하일기,도강록,13,78,藍雲紋緞,4,,
열하일기,도강록,13,79,着裏氈笠,4,,
열하일기,도강록,13,80,鬉結高頂,4,,
열하일기,도강록,13,81,雲月懸茜紅,5,,
열하일기,도강록,13,82,毦毛帽前,4,,
열하일기,도강록,13,83,縷金着一個勇字,7,,
열하일기,도강록,13,84,鴉靑麻布,4,,
열하일기,도강록,13,85,狹袖,2,,
열하일기,도강록,13,86,戰服,2,,
열하일기,도강록,13,87,木紅綿布褙子,6,,
열하일기,도강록,13,88,腰繫藍方紗紬纏帶,8,,
열하일기,도강록,13,89,肩掛朱紅綿絲大絨,8,,
열하일기,도강록,13,90,足穿多耳麻鞋,6,,
열하일기,도강록,13,91,觀其身手,4,,
열하일기,도강록,13,92,果然是一對,5,,
열하일기,도강록,13,93,健兒也,3,,
열하일기,도강록,13,94,但所坐馬,4,,
열하일기,도강록,13,95,所謂半駙擔,5,,
열하일기,도강록,13,96,不鞍而駄,4,,
열하일기,도강록,13,97,非騎而踞,4,,
열하일기,도강록,13,98,背揷着正藍色小令旗,9,,
열하일기,도강록,13,99,一手持軍令版,6,,
열하일기,도강록,13,100,一手執筆,4,,
열하일기,도강록,13,101,硯蠅拂及一條如腕大馬家木短鞭,14,,
열하일기,도강록,13,102,口吹吶叭,4,,
열하일기,도강록,13,103,坐下斜揷十餘塗朱木棍,10,,
열하일기,도강록,13,104,各房少有號令,6,,
열하일기,도강록,13,105,則輒呼軍牢,5,,
열하일기,도강록,13,106,軍,1,,
열하일기,도강록,13,107,牢陽若未聞,5,,
열하일기,도강록,13,108,連呼十數次,5,,
열하일기,도강록,13,109,則口中剌剌的誶責,8,,
열하일기,도강록,13,110,始乃高聲應喏,6,,
열하일기,도강록,13,111,若初聞呼聲然,6,,
열하일기,도강록,13,112,一躍下馬,4,,
열하일기,도강록,13,113,豕奔牛喘,4,,
열하일기,도강록,13,114,而,1,,
열하일기,도강록,13,115,吶叭及軍令版筆硯等物,10,,
열하일기,도강록,13,116,都掛一肩,4,,
열하일기,도강록,13,117,曳了一棍而去矣,7,,
열하일기,도강록,14,1,夜未半,3,,
열하일기,도강록,14,2,大雨暴霔,4,,
열하일기,도강록,14,3,帳幕上漏,4,,
열하일기,도강록,14,4,草氣下濕,4,,
열하일기,도강록,14,5,無處可避,4,,
열하일기,도강록,14,6,少焉開霽,4,,
열하일기,도강록,14,7,天星四垂,4,,
열하일기,도강록,14,8,若可捫也,4,,
열하일기,도강록,16,1,各房及譯員等諸屯,8,,
열하일기,도강록,16,2,處處出晒衣衾,6,,
열하일기,도강록,16,3,見濕於夜雨故也,7,,
열하일기,도강록,16,4,刷馬驅人中,5,,
열하일기,도강록,16,5,有負酒而來,5,,
열하일기,도강록,16,6,戴宗,2,,
열하일기,도강록,16,7,宣川奴,3,,
열하일기,도강록,16,8,御醫,2,,
열하일기,도강록,16,9,卞主簿馬頭,5,,
열하일기,도강록,16,10,沽獻一甁,4,,
열하일기,도강록,16,11,遂相携臨溪命酌,7,,
열하일기,도강록,16,12,渡江後望絶東酒,7,,
열하일기,도강록,16,13,而今忽得之,5,,
열하일기,도강록,16,14,非但酒味大佳,6,,
열하일기,도강록,16,15,暇日臨流,4,,
열하일기,도강록,16,16,趣不可勝,4,,
열하일기,도강록,16,17,馬頭輩爭投竿釣魚,8,,
열하일기,도강록,16,18,余醉,2,,
열하일기,도강록,16,19,奪一緡投之,5,,
열하일기,도강록,16,20,卽得二小魚,5,,
열하일기,도강록,16,21,葢魚未慣釣故也,7,,
열하일기,도강록,16,22,以方物未及到,6,,
열하일기,도강록,16,23,又露,2,,
열하일기,도강록,16,24,宿九連城,4,,
열하일기,도강록,18,1,發九連城,4,,
열하일기,도강록,18,2,行三十里,4,,
열하일기,도강록,18,3,到金石山下中火,7,,
열하일기,도강록,18,4,又行三十里,5,,
열하일기,도강록,18,5,露宿葱莠,4,,
열하일기,도강록,18,6,旣曉,2,,
열하일기,도강록,18,7,冐霧發行,4,,
열하일기,도강록,18,8,上判事馬頭得龍,7,,
열하일기,도강록,18,9,與,1,,
열하일기,도강록,18,10,刷馬驅人輩,5,,
열하일기,도강록,18,11,談說康世爵事,6,,
열하일기,도강록,18,12,霧中遙指金石山曰,8,,
열하일기,도강록,18,13,此荊州人康世爵所隱處,10,,
열하일기,도강록,18,14,其說津津可聽,6,,
열하일기,도강록,18,15,葢世爵祖,4,,
열하일기,도강록,18,16,霖,1,,
열하일기,도강록,18,17,從楊鎬東援我國,7,,
열하일기,도강록,18,18,死於平山,4,,
열하일기,도강록,18,19,父國泰官靑州通判,8,,
열하일기,도강록,18,20,萬曆丁巳,4,,
열하일기,도강록,18,21,坐事謫遼陽,5,,
열하일기,도강록,18,22,世爵年十八,5,,
열하일기,도강록,18,23,隨父在遼陽,5,,
열하일기,도강록,18,24,明年,2,,
열하일기,도강록,18,25,淸人陷撫順,5,,
열하일기,도강록,18,26,游擊將軍李永芳降,8,,
열하일기,도강록,18,27,經略楊鎬,4,,
열하일기,도강록,18,28,分遣諸將,4,,
열하일기,도강록,18,29,摠兵杜松出開原,7,,
열하일기,도강록,18,30,摠兵王尙乾出撫順,8,,
열하일기,도강록,18,31,摠,1,,
열하일기,도강록,18,32,兵李如栢出淸河,7,,
열하일기,도강록,18,33,都督劉綎出毛嶺,7,,
열하일기,도강록,18,34,國泰父子從劉綎,7,,
열하일기,도강록,18,35,淸伏兵從陿中出,7,,
열하일기,도강록,18,36,大軍前後不相救,7,,
열하일기,도강록,18,37,劉綎自燒死,5,,
열하일기,도강록,18,38,國泰中流矢仆,6,,
열하일기,도강록,18,39,世爵日暮得父屍,7,,
열하일기,도강록,18,40,埋谷中,3,,
열하일기,도강록,18,41,聚石以識之,5,,
열하일기,도강록,18,42,時朝鮮都元帥姜弘立,9,,
열하일기,도강록,18,43,副元帥金景瑞,6,,
열하일기,도강록,18,44,陣山上,3,,
열하일기,도강록,18,45,朝鮮左右營將,6,,
열하일기,도강록,18,46,陣山下,3,,
열하일기,도강록,18,47,世爵投元帥陣,6,,
열하일기,도강록,18,48,明日淸兵擊朝鮮左營,9,,
열하일기,도강록,18,49,無一人得脫,5,,
열하일기,도강록,18,50,山上軍望見皆股栗,8,,
열하일기,도강록,18,51,弘立,2,,
열하일기,도강록,18,52,不戰而降,4,,
열하일기,도강록,18,53,淸人圍弘立軍數匝,8,,
열하일기,도강록,18,54,搜明兵之竄入者,7,,
열하일기,도강록,18,55,反縛驅出,4,,
열하일기,도강록,18,56,皆劒斬之,4,,
열하일기,도강록,18,57,世爵被縛坐大石下,8,,
열하일기,도강록,18,58,主者忽忘,4,,
열하일기,도강록,18,59,而去,2,,
열하일기,도강록,18,60,世爵目朝鮮兵,6,,
열하일기,도강록,18,61,乞解其縛,4,,
열하일기,도강록,18,62,朝鮮兵相睥睨莫敢動,9,,
열하일기,도강록,18,63,世爵自以背磨之石,8,,
열하일기,도강록,18,64,楞縛繩斷,4,,
열하일기,도강록,18,65,遂起脫朝鮮死,6,,
열하일기,도강록,18,66,者衣,2,,
열하일기,도강록,18,67,換着之,3,,
열하일기,도강록,18,68,攛入朝鮮兵中以得免,9,,
열하일기,도강록,18,69,於是走還遼陽,6,,
열하일기,도강록,18,70,及熊廷弼鎭遼陽,7,,
열하일기,도강록,18,71,招世爵使復父讎,7,,
열하일기,도강록,18,72,是年,2,,
열하일기,도강록,18,73,淸人連,3,,
열하일기,도강록,18,74,陷開原鐵嶺,5,,
열하일기,도강록,18,75,則逮廷弼,4,,
열하일기,도강록,18,76,以薛國用代之,6,,
열하일기,도강록,18,77,世爵仍留薛軍中,7,,
열하일기,도강록,18,78,及瀋陽陷,4,,
열하일기,도강록,18,79,世爵晝伏夜行,6,,
열하일기,도강록,18,80,抵鳳凰城,4,,
열하일기,도강록,18,81,與廣寧,3,,
열하일기,도강록,18,82,人劉光漢,4,,
열하일기,도강록,18,83,收遼陽散卒,5,,
열하일기,도강록,18,84,共守之,3,,
열하일기,도강록,18,85,未幾,2,,
열하일기,도강록,18,86,光漢戰死,4,,
열하일기,도강록,18,87,世爵亦被十餘鎗,7,,
열하일기,도강록,18,88,自念中原路絶,6,,
열하일기,도강록,18,89,不如東出朝鮮,6,,
열하일기,도강록,18,90,猶,1,,
열하일기,도강록,18,91,得免薙髮左衽,6,,
열하일기,도강록,18,92,遂走穿塞,4,,
열하일기,도강록,18,93,隱金石山,4,,
열하일기,도강록,18,94,燎羊裘,3,,
열하일기,도강록,18,95,裹木葉以咽之,6,,
열하일기,도강록,18,96,數月得不死,5,,
열하일기,도강록,18,97,遂渡鴨綠江,5,,
열하일기,도강록,18,98,遍歷關西諸郡,6,,
열하일기,도강록,18,99,轉入會寧,4,,
열하일기,도강록,18,100,遂娶東婦生二子,7,,
열하일기,도강록,18,101,世爵年八十餘卒,7,,
열하일기,도강록,18,102,子孫蕃衍,4,,
열하일기,도강록,18,103,至百餘人,4,,
열하일기,도강록,18,104,而猶同居云,5,,
열하일기,도강록,18,105,得龍,2,,
열하일기,도강록,18,106,嘉山人也,4,,
열하일기,도강록,18,107,自,1,,
열하일기,도강록,18,108,十四歲,3,,
열하일기,도강록,18,109,出入燕中,4,,
열하일기,도강록,18,110,今三十餘次,5,,
열하일기,도강록,18,111,最善華語,4,,
열하일기,도강록,18,112,行中大小事例,6,,
열하일기,도강록,18,113,非得龍,3,,
열하일기,도강록,18,114,莫可當此任者,6,,
열하일기,도강록,18,115,已經本郡及龍鐵等,8,,
열하일기,도강록,18,116,諸府中軍,4,,
열하일기,도강록,18,117,階得嘉善,4,,
열하일기,도강록,18,118,而每使行,4,,
열하일기,도강록,18,119,則預關本郡,5,,
열하일기,도강록,18,120,囚其次知,4,,
열하일기,도강록,18,121,家屬,2,,
열하일기,도강록,18,122,謂之次知,4,,
열하일기,도강록,18,123,以防其逃避,5,,
열하일기,도강록,18,124,其爲人之幹,5,,
열하일기,도강록,18,125,能可知,3,,
열하일기,도강록,18,126,方世爵初出時,6,,
열하일기,도강록,18,127,客得龍家,4,,
열하일기,도강록,18,128,與得龍祖善,5,,
열하일기,도강록,18,129,互學華東語,5,,
열하일기,도강록,18,130,得龍之善漢語,6,,
열하일기,도강록,18,131,乃其家學云,5,,
열하일기,도강록,19,1,日旣暮,3,,
열하일기,도강록,19,2,抵葱莠,3,,
열하일기,도강록,19,3,恰似平山葱莠,6,,
열하일기,도강록,19,4,想我國人所名,6,,
열하일기,도강록,19,5,抑平山葱秀,5,,
열하일기,도강록,19,6,以類爲名否,5,,
열하일기,도강록,21,1,平明發行,4,,
열하일기,도강록,21,2,路逢五六胡人,6,,
열하일기,도강록,21,3,皆騎小驢,4,,
열하일기,도강록,21,4,帽服繿縷,4,,
열하일기,도강록,21,5,容貌疲殘,4,,
열하일기,도강록,21,6,皆鳳城甲軍,5,,
열하일기,도강록,21,7,往戍愛刺河,5,,
열하일기,도강록,21,8,而雇人倩往云,6,,
열하일기,도강록,21,9,東方則誠無慮矣,7,,
열하일기,도강록,21,10,然中國邊備可謂踈矣,9,,
열하일기,도강록,21,11,馬頭及刷馬驅人輩,8,,
열하일기,도강록,21,12,喝令下驢,4,,
열하일기,도강록,21,13,前行兩胡,4,,
열하일기,도강록,21,14,下驢側行,4,,
열하일기,도강록,21,15,後行,2,,
열하일기,도강록,21,16,三胡,2,,
열하일기,도강록,21,17,不肯下驢,4,,
열하일기,도강록,21,18,馬頭輩齊聲叱下,7,,
열하일기,도강록,21,19,則怒目直視曰,6,,
열하일기,도강록,21,20,爾們的大人干我甚事,9,,
열하일기,도강록,21,21,馬頭直前奪其鞭,7,,
열하일기,도강록,21,22,擊其赤,3,,
열하일기,도강록,21,23,脚曰,2,,
열하일기,도강록,21,24,吾們的大人,5,,
열하일기,도강록,21,25,陪奉是何等物件,7,,
열하일기,도강록,21,26,賫來是何等文書,7,,
열하일기,도강록,21,27,黃旗上明明的寫着萬歲爺御前上用,15,,
열하일기,도강록,21,28,爾們好,3,,
열하일기,도강록,21,29,不患瞎,3,,
열하일기,도강록,21,30,還不認過了皇上御用的,10,,
열하일기,도강록,21,31,其人下驢伏地,6,,
열하일기,도강록,21,32,稱死罪,3,,
열하일기,도강록,21,33,一人起抱咨文馬頭腰,9,,
열하일기,도강록,21,34,滿面歡笑曰,5,,
열하일기,도강록,21,35,老爺,2,,Y
열하일기,도강록,21,36,息怒,2,息,Y
열하일기,도강록,21,37,小人們該死的,6,,Y
열하일기,도강록,21,38,馬頭輩皆大笑,6,,
열하일기,도강록,21,39,叱令叩頭謝罪,6,,
열하일기,도강록,21,40,皆跪伏于泥中,6,,
열하일기,도강록,21,41,以首頓地,4,,
열하일기,도강록,21,42,黃泥滿額,4,,
열하일기,도강록,21,43,一行皆大,4,,
열하일기,도강록,21,44,笑,1,,
열하일기,도강록,21,45,叱令退去,4,,
열하일기,도강록,21,46,余曰,2,,
열하일기,도강록,21,47,聞汝輩入中國,6,,
열하일기,도강록,21,48,多惹鬧端云,5,,
열하일기,도강록,21,49,吾今目覩,4,,
열하일기,도강록,21,50,果驗前聞,4,,
열하일기,도강록,21,51,俄者亦涉不緊,6,,
열하일기,도강록,21,52,此後切勿因戱,6,,
열하일기,도강록,21,53,起鬧,2,,
열하일기,도강록,21,54,皆對曰,3,,
열하일기,도강록,21,55,不如此,3,,
열하일기,도강록,21,56,長途永日,4,,
열하일기,도강록,21,57,無以消遣,4,,
열하일기,도강록,22,1,望見鳳凰山,5,,
열하일기,도강록,22,2,恰是純石造成,6,,
열하일기,도강록,22,3,拔地特起,4,,
열하일기,도강록,22,4,如擘掌立指,5,,
열하일기,도강록,22,5,如半開芙蓉,5,,
열하일기,도강록,22,6,如天末夏雲,5,,
열하일기,도강록,22,7,秀峭戌削,4,,
열하일기,도강록,22,8,不可名狀,4,,
열하일기,도강록,22,9,而但欠淸潤之氣,7,,
열하일기,도강록,22,10,甞謂我京道峯三角,8,,
열하일기,도강록,22,11,勝於金剛,4,,
열하일기,도강록,22,12,何則,2,,
열하일기,도강록,22,13,金剛卽其洞府所謂萬二千峯,12,,
열하일기,도강록,22,14,非不奇峻雄深,6,,
열하일기,도강록,22,15,獸挐禽翔,4,,
열하일기,도강록,22,16,仙騰佛跌,4,,
열하일기,도강록,22,17,而陰森渺冥,5,,
열하일기,도강록,22,18,如入鬼窟,4,,
열하일기,도강록,22,19,余甞與申元發登斷髮嶺,10,,
열하일기,도강록,22,20,望見金剛山,5,,
열하일기,도강록,22,21,時方秋天深碧,6,,
열하일기,도강록,22,22,夕,1,,
열하일기,도강록,22,23,陽斜映,3,,
열하일기,도강록,22,24,無干霄秀色,5,,
열하일기,도강록,22,25,出身潤態,4,,
열하일기,도강록,22,26,未甞不爲金剛一歎,8,,
열하일기,도강록,22,27,及自上流舟下,6,,
열하일기,도강록,22,28,出頭尾江口,5,,
열하일기,도강록,22,29,西望漢陽,4,,
열하일기,도강록,22,30,三角諸山,4,,
열하일기,도강록,22,31,摩霄出靑,4,,
열하일기,도강록,22,32,微嵐淡靄,4,,
열하일기,도강록,22,33,明媚婀娜,4,,
열하일기,도강록,22,34,又甞坐南漢南門,7,,
열하일기,도강록,22,35,北望漢陽,4,,
열하일기,도강록,22,36,如水花鏡月,5,,
열하일기,도강록,22,37,或曰,2,,
열하일기,도강록,22,38,光風浮空,4,,
열하일기,도강록,22,39,乃旺氣,3,,
열하일기,도강록,22,40,也,1,,
열하일기,도강록,22,41,旺氣者,3,,
열하일기,도강록,22,42,王氣也,3,,
열하일기,도강록,22,43,爲我京億萬載龍盤虎踞之勢,12,,
열하일기,도강록,22,44,其靈明之氣,5,,
열하일기,도강록,22,45,宜異乎他山也,6,,
열하일기,도강록,22,46,今此山勢之奇峭峻,8,,
열하일기,도강록,22,47,拔,1,,
열하일기,도강록,22,48,雖過道峯三角,6,,
열하일기,도강록,22,49,而其浮空光氣,6,,
열하일기,도강록,22,50,大不及漢陽諸山矣,8,,
열하일기,도강록,23,1,原野平濶,4,,
열하일기,도강록,23,2,雖不耕墾,4,,
열하일기,도강록,23,3,而處處砍柴根杮狼藉,9,,
열하일기,도강록,23,4,牛蹄轍跡,4,,
열하일기,도강록,23,5,縱橫艸間,4,,
열하일기,도강록,23,6,已知其近柵,5,,
열하일기,도강록,23,7,而居民之尋常出柵,8,,
열하일기,도강록,23,8,亦,1,,
열하일기,도강록,23,9,可驗矣,3,,
열하일기,도강록,23,10,疾驅行七八里,6,,
열하일기,도강록,23,11,抵柵外羊豕彌山,7,,
열하일기,도강록,23,12,朝烟繚靑,4,,
열하일기,도강록,23,13,刳木樹柵,4,,
열하일기,도강록,23,14,畧識經界,4,,
열하일기,도강록,23,15,可謂折柳樊圃矣,7,,
열하일기,도강록,23,16,柵門覆,3,,
열하일기,도강록,23,17,以苫草,3,,
열하일기,도강록,23,18,板扉深鎖,4,,
열하일기,도강록,23,19,離柵數十步,5,,
열하일기,도강록,23,20,設三使幕次,5,,
열하일기,도강록,23,21,少憩,2,,
열하일기,도강록,23,22,方物齊到,4,,
열하일기,도강록,23,23,露積柵外,4,,
열하일기,도강록,23,24,群胡觀光者列立柵內,9,,
열하일기,도강록,23,25,無不,2,,
열하일기,도강록,23,26,口含烟竹,4,,
열하일기,도강록,23,27,光頭搖扇,4,,Y
열하일기,도강록,23,28,或黑貢緞衣,5,貢,Y
열하일기,도강록,23,29,或秀花紬衣,5,,Y
열하일기,도강록,23,30,或生布生苧,5,,
열하일기,도강록,23,31,或三升布,4,,
열하일기,도강록,23,32,或野繭絲,4,,
열하일기,도강록,23,33,袴亦如之,4,,
열하일기,도강록,23,34,所佩繽,3,,
열하일기,도강록,23,35,紛,1,,
열하일기,도강록,23,36,或繡囊三四小佩刀,8,,
열하일기,도강록,23,37,皆揷雙牙箸,5,,
열하일기,도강록,23,38,烟袋,2,,
열하일기,도강록,23,39,如胡盧樣,4,,
열하일기,도강록,23,40,或繡刺花草禽鳥,7,,
열하일기,도강록,23,41,又古人名句,5,,
열하일기,도강록,23,42,譯官及諸馬頭輩,7,,
열하일기,도강록,23,43,爭立柵外,4,,
열하일기,도강록,23,44,兩相握手,4,,
열하일기,도강록,23,45,殷勤勞問,4,,
열하일기,도강록,23,46,群胡問你在王京那日起程,11,,
열하일기,도강록,23,47,在途時得免天水麽,8,,
열하일기,도강록,23,48,家裏都是太平麽,7,,
열하일기,도강록,23,49,充,1,,Y
열하일기,도강록,23,50,得包銀麽,4,包銀,Y
열하일기,도강록,23,51,人人酬酢如出一口,8,,Y
열하일기,도강록,23,52,又爭問韓相公安相公來麽,11,,
열하일기,도강록,23,53,此數人者,4,,
열하일기,도강록,23,54,俱義州人,4,,
열하일기,도강록,23,55,歲歲販燕,4,,
열하일기,도강록,23,56,皆巨猾,3,,
열하일기,도강록,23,57,習知燕中事,5,,
열하일기,도강록,23,58,所謂相公者,5,,Y
열하일기,도강록,23,59,商賈相尊之稱也,7,商 賈,Y
열하일기,도강록,24,1,使行時,3,,Y
열하일기,도강록,24,2,例給正官八包,6,,
열하일기,도강록,24,3,正官者,3,,
열하일기,도강록,24,4,裨譯共三十員,6,,
열하일기,도강록,24,5,八包者,3,,
열하일기,도강록,24,6,舊時官給正官,6,,
열하일기,도강록,24,7,人人蔘幾斤,5,,
열하일기,도강록,24,8,謂之八包,4,,
열하일기,도강록,24,9,今不,2,,
열하일기,도강록,24,10,官給,2,,Y
열하일기,도강록,24,11,令自備銀,4,銀,Y
열하일기,도강록,24,12,只限包數,4,,Y
열하일기,도강록,24,13,堂上包銀三千兩,7,包銀,Y
열하일기,도강록,24,14,堂下二千兩,5,,Y
열하일기,도강록,24,15,自帶入燕,4,,Y
열하일기,도강록,24,16,貿易諸貨爲奇羡,7,貿易 貨,Y
열하일기,도강록,24,17,貧不能自帶,5,貧,Y
열하일기,도강록,24,18,則賣其包窠松都,7,賣,Y
열하일기,도강록,24,19,平壤,2,,Y
열하일기,도강록,24,20,安州等處,4,,Y
열하일기,도강록,24,21,燕商買其包窠,6,買 商,Y
열하일기,도강록,24,22,充銀以去,4,銀,Y
열하일기,도강록,24,23,然諸處燕商,5,商,Y
열하일기,도강록,24,24,法不得身自入燕,7,,Y
열하일기,도강록,24,25,將包交付,4,,
열하일기,도강록,24,26,灣人,2,,Y
열하일기,도강록,24,27,貿易以來,4,貿易,Y
열하일기,도강록,24,28,如韓林諸賈,5,賈,Y
열하일기,도강록,24,29,連歲入燕,4,,Y
열하일기,도강록,24,30,視燕如門庭,5,,
열하일기,도강록,24,31,與燕市裨販,5,,
열하일기,도강록,24,32,連膓互肚,4,,
열하일기,도강록,24,33,兌發低仰,4,,
열하일기,도강록,24,34,都在其手,4,,
열하일기,도강록,24,35,燕,1,,Y
열하일기,도강록,24,36,貨之日增厥價,6,貨 價,Y
열하일기,도강록,24,37,亶由此輩,4,,Y
열하일기,도강록,24,38,擧國都不理會,6,,
열하일기,도강록,24,39,專責譯官,4,,Y
열하일기,도강록,24,40,譯官失權於灣賈,7,賈,Y
열하일기,도강록,24,41,拱手而已,4,,Y
열하일기,도강록,24,42,諸處燕商,4,商,Y
열하일기,도강록,24,43,雖知爲灣,4,,Y
열하일기,도강록,24,44,賈之所操縱,5,賈,Y
열하일기,도강록,24,45,而事非目覩,5,,Y
열하일기,도강록,24,46,則敢怒而不敢言,7,,
열하일기,도강록,24,47,其來已久,4,,Y
열하일기,도강록,24,48,今者灣賈之蹔爲隱身,9,賈,Y
열하일기,도강록,24,49,不卽相見,4,,Y
열하일기,도강록,24,50,亦一鉤引小,5,,
열하일기,도강록,24,51,數也,2,,
열하일기,도강록,25,1,朝飯於柵外,5,,
열하일기,도강록,25,2,整頓行裝,4,,
열하일기,도강록,25,3,則雙囊左鑰,5,,
열하일기,도강록,25,4,不知去處,4,,
열하일기,도강록,25,5,遍覔草中,4,,
열하일기,도강록,25,6,終未得,3,,
열하일기,도강록,25,7,責張福曰,4,,
열하일기,도강록,25,8,汝不存心行裝,6,,
열하일기,도강록,25,9,常常遊,3,,
열하일기,도강록,25,10,目,1,,
열하일기,도강록,25,11,纔及柵門,4,,
열하일기,도강록,25,12,已有閪失,4,,
열하일기,도강록,25,13,諺所謂三三程一日未行,10,,
열하일기,도강록,25,14,若復行二千里,6,,
열하일기,도강록,25,15,比至皇城,4,,
열하일기,도강록,25,16,還恐失爾五臟,6,,
열하일기,도강록,25,17,吾聞舊,3,,
열하일기,도강록,25,18,遼東及東岳廟,6,,
열하일기,도강록,25,19,素號姦細人出沒處,8,,Y
열하일기,도강록,25,20,汝復賣眼,4,賣,Y
열하일기,도강록,25,21,又未知幾物見失,7,,Y
열하일기,도강록,25,22,張福閔然搔首曰,7,,
열하일기,도강록,25,23,小人已知之兩處,7,,
열하일기,도강록,25,24,觀光時,3,,
열하일기,도강록,25,25,小人當雙手護眼,7,,
열하일기,도강록,25,26,誰能拔之,4,,
열하일기,도강록,25,27,余不覺寒心,5,,
열하일기,도강록,25,28,乃應之曰,4,,
열하일기,도강록,25,29,善哉,2,,
열하일기,도강록,25,30,葢福也,3,,
열하일기,도강록,25,31,年少初行,4,,
열하일기,도강록,25,32,性又至迷,4,,
열하일기,도강록,25,33,同行馬頭輩,5,,
열하일기,도강록,25,34,多以戲語誑之,6,,
열하일기,도강록,25,35,則福也眞個信聽,7,,
열하일기,도강록,25,36,每事所認,4,,
열하일기,도강록,25,37,皆此類也,4,,
열하일기,도강록,25,38,遠途所仗,4,,
열하일기,도강록,25,39,可謂寒心,4,,
열하일기,도강록,26,1,復至柵外,4,,
열하일기,도강록,26,2,望見柵內,4,,
열하일기,도강록,26,3,閭閻皆高起五樑,7,,
열하일기,도강록,26,4,苫艸覆盖,4,,
열하일기,도강록,26,5,而屋脊穹崇,5,,
열하일기,도강록,26,6,門戶整齊,4,,
열하일기,도강록,26,7,街術平直,4,,
열하일기,도강록,26,8,兩沿若引繩,5,,
열하일기,도강록,26,9,然,1,,
열하일기,도강록,26,10,墻垣皆甎築,5,,
열하일기,도강록,26,11,乘車及載車,5,,
열하일기,도강록,26,12,縱橫道中,4,,
열하일기,도강록,26,13,擺列器皿,4,,
열하일기,도강록,26,14,皆畵瓷,3,,
열하일기,도강록,26,15,已見其制度絶無邨野氣,10,,
열하일기,도강록,26,16,往者洪友德保,6,,
열하일기,도강록,26,17,甞言,2,,
열하일기,도강록,26,18,大規模細心法,6,,
열하일기,도강록,26,19,柵門天下之東盡頭,8,,
열하일기,도강록,26,20,而猶尙如此,5,,
열하일기,도강록,26,21,前道遊覽,4,,
열하일기,도강록,26,22,忽然意沮,4,,
열하일기,도강록,26,23,直欲自此徑還,6,,
열하일기,도강록,26,24,不覺腹背沸烘,6,,
열하일기,도강록,26,25,余猛省曰,4,,
열하일기,도강록,26,26,此妒心也,4,,
열하일기,도강록,26,27,余素性淡泊,5,,
열하일기,도강록,26,28,慕羡猜妒,4,,
열하일기,도강록,26,29,本絶于中,4,,
열하일기,도강록,26,30,今一涉他境,5,,
열하일기,도강록,26,31,所見不過萬分之一,8,,
열하일기,도강록,26,32,乃復浮妄,4,,
열하일기,도강록,26,33,若是,2,,
열하일기,도강록,26,34,何也,2,,
열하일기,도강록,26,35,此直所見者小故耳,8,,
열하일기,도강록,26,36,若以如來慧眼,6,,
열하일기,도강록,26,37,遍觀十方世界,6,,
열하일기,도강록,26,38,無非平等,4,,
열하일기,도강록,26,39,萬事平等,4,,
열하일기,도강록,26,40,自無妒羡,4,,
열하일기,도강록,26,41,顧謂,2,,
열하일기,도강록,26,42,張福曰,3,,
열하일기,도강록,26,43,使汝往生中國何如,8,,
열하일기,도강록,26,44,對曰,2,,
열하일기,도강록,26,45,中國胡也,4,,
열하일기,도강록,26,46,小人不願,4,,
열하일기,도강록,26,47,俄有一盲人肩掛錦囊,9,,
열하일기,도강록,26,48,手彈月琴而行,6,,
열하일기,도강록,26,49,余,1,,
열하일기,도강록,26,50,大悟曰,3,,
열하일기,도강록,26,51,彼豈非平等眼耶,7,,
열하일기,도강록,26,52,少焉大開柵門,6,,
열하일기,도강록,26,53,鳳城將軍及柵門御史,9,,
열하일기,도강록,26,54,方來坐店房云,6,,
열하일기,도강록,26,55,群胡闐門而出,6,,
열하일기,도강록,26,56,爭,1,,
열하일기,도강록,26,57,閱視方物及私卜輕重,9,,
열하일기,도강록,26,58,葢自此雇車而運也,8,,
열하일기,도강록,26,59,來觀使臣坐處,6,,
열하일기,도강록,26,60,含烟睥睨,4,,
열하일기,도강록,26,61,指點相謂曰,5,,
열하일기,도강록,26,62,王子麽,3,,
열하일기,도강록,26,63,宗室正,3,,
열하일기,도강록,26,64,使,1,,
열하일기,도강록,26,65,稱王子故也,5,,
열하일기,도강록,26,66,有認之者曰,5,,
열하일기,도강록,26,67,不是這個斑白的駙馬大人,11,,
열하일기,도강록,26,68,頃歲來的,4,,
열하일기,도강록,26,69,指副使曰,4,,
열하일기,도강록,26,70,這髯的雙鶴補子,7,,
열하일기,도강록,26,71,乃是乙大人,5,,
열하일기,도강록,26,72,指書狀曰,4,,
열하일기,도강록,26,73,三大人俱翰林出身的文官之稱也,14,,
열하일기,도강록,27,1,溪邊有喧讙爭辨之聲,9,,
열하일기,도강록,27,2,而語音啁啾,5,,
열하일기,도강록,27,3,莫識一句,4,,
열하일기,도강록,27,4,急往觀之,4,,
열하일기,도강록,27,5,得龍方與群胡,6,,
열하일기,도강록,27,6,爭禮物多寡也,6,,
열하일기,도강록,27,7,禮單贈遺時,5,,
열하일기,도강록,27,8,攷例分給,4,,
열하일기,도강록,27,9,而鳳城姦胡,5,,
열하일기,도강록,27,10,必增名目,4,,
열하일기,도강록,27,11,加數要責,4,,
열하일기,도강록,27,12,其善否,3,,
열하일기,도강록,27,13,都係上判事馬頭,7,,
열하일기,도강록,27,14,若値生手,4,,
열하일기,도강록,27,15,不嫺漢語,4,,
열하일기,도강록,27,16,則不能,3,,
열하일기,도강록,27,17,爭詰,2,,
열하일기,도강록,27,18,都依所要,4,,
열하일기,도강록,27,19,今歲如此,4,,
열하일기,도강록,27,20,則明年已成前例,7,,
열하일기,도강록,27,21,故必爭之,4,,
열하일기,도강록,27,22,使臣不知此理,6,,
열하일기,도강록,27,23,常急於入柵,5,,
열하일기,도강록,27,24,必促任譯,4,,
열하일기,도강록,27,25,任譯,2,,
열하일기,도강록,27,26,又促馬頭,4,,
열하일기,도강록,27,27,其弊原久矣,5,,
열하일기,도강록,27,28,象三,2,,
열하일기,도강록,27,29,上判事馬頭,5,,
열하일기,도강록,27,30,方分傳禮單,5,,
열하일기,도강록,27,31,群胡環立者百餘人,8,,
열하일기,도강록,27,32,衆中一胡,4,,
열하일기,도강록,27,33,忽高聲罵象三,6,,
열하일기,도강록,27,34,得龍奮髯張目,6,,
열하일기,도강록,27,35,直前揪其胸,5,,
열하일기,도강록,27,36,揮拳欲打,4,,
열하일기,도강록,27,37,顧謂衆胡曰,5,,
열하일기,도강록,27,38,這個潑皮好無禮,7,,
열하일기,도강록,27,39,往年大膽,4,,
열하일기,도강록,27,40,偸老爺鼠皮項子,7,,
열하일기,도강록,27,41,又去歲,3,,
열하일기,도강록,27,42,欺老爺睡了,5,,
열하일기,도강록,27,43,拔俺腰刀,4,,
열하일기,도강록,27,44,割取了鞘綬,5,,
열하일기,도강록,27,45,又割了俺所佩的囊子,9,,
열하일기,도강록,27,46,爲俺所覺送,5,,
열하일기,도강록,27,47,與他一副老拳,6,,
열하일기,도강록,27,48,作知,2,,
열하일기,도강록,27,49,面禮,2,,
열하일기,도강록,27,50,這個萬端哀乞,6,,
열하일기,도강록,27,51,喚俺再生的爺孃,7,,
열하일기,도강록,27,52,今來年久,4,,
열하일기,도강록,27,53,還欺老爺,4,,
열하일기,도강록,27,54,不記面皮好大膽高聲大叫如此,13,,
열하일기,도강록,27,55,鼠子輩,3,,
열하일기,도강록,27,56,拿首了鳳城將軍,7,,
열하일기,도강록,27,57,衆胡齊聲勸解,6,,
열하일기,도강록,27,58,有一老胡,4,,
열하일기,도강록,27,59,美鬚髯衣服鮮麗,7,,
열하일기,도강록,27,60,前抱得龍腰曰,6,,Y
열하일기,도강록,27,61,請大哥息怒,5,息,Y
열하일기,도강록,27,62,得龍回,3,,Y
열하일기,도강록,27,63,怒作哂曰,4,,
열하일기,도강록,27,64,若不看賢弟面皮時這部,10,,
열하일기,도강록,27,65,截筒鼻一拳,5,,
열하일기,도강록,27,66,歪在鳳凰山外,6,,
열하일기,도강록,27,67,其擧措恇攘可笑,7,,
열하일기,도강록,27,68,趙判事達東來立,7,,
열하일기,도강록,27,69,余傍,2,,
열하일기,도강록,27,70,余爲說俄間光景,7,,
열하일기,도강록,27,71,可惜獨觀,4,,
열하일기,도강록,27,72,趙君笑曰,4,,
열하일기,도강록,27,73,這是殺威棒法,6,,
열하일기,도강록,27,74,趙君促得龍曰,6,,
열하일기,도강록,27,75,使道今將入柵,6,,
열하일기,도강록,27,76,禮單,2,,
열하일기,도강록,27,77,火速分給,4,,
열하일기,도강록,27,78,得龍連聲唱喏,6,,
열하일기,도강록,27,79,故作遑遽之色,6,,
열하일기,도강록,27,80,余故久立詳觀所給物件名目,12,,
열하일기,도강록,27,81,極爲恠雜,4,,
열하일기,도강록,27,82,柵門守直甫古二,7,,
열하일기,도강록,27,83,名,1,,
열하일기,도강록,27,84,甲軍八名,4,,
열하일기,도강록,27,85,各白紙十卷,5,,
열하일기,도강록,27,86,小烟竹十箇,5,,
열하일기,도강록,27,87,火刀十箇,4,,
열하일기,도강록,27,88,封草十封,4,,
열하일기,도강록,27,89,鳳城將軍二員,6,,
열하일기,도강록,27,90,主客司一員,5,,Y
열하일기,도강록,27,91,稅官一員,4,稅,Y
열하일기,도강록,27,92,御史一員,4,,Y
열하일기,도강록,27,93,滿洲章京八人,6,,
열하일기,도강록,27,94,加出章京二人,6,,
열하일기,도강록,27,95,蒙古章京二人,6,,
열하일기,도강록,27,96,迎送官三人,5,,
열하일기,도강록,27,97,帶子八人,4,,
열하일기,도강록,27,98,博氏八人,4,,
열하일기,도강록,27,99,加出博氏,4,,
열하일기,도강록,27,100,一人,2,,Y
열하일기,도강록,27,101,稅官博氏一人,6,稅,Y
열하일기,도강록,27,102,外郞一人,4,,Y
열하일기,도강록,27,103,衙譯二人,4,,
열하일기,도강록,27,104,筆帖式二人,5,,
열하일기,도강록,27,105,甫古十七人,5,,
열하일기,도강록,27,106,加出甫古七人,6,,Y
열하일기,도강록,27,107,稅官甫古二人,6,稅,Y
열하일기,도강록,27,108,分頭甫古九人,6,,Y
열하일기,도강록,27,109,甲軍五十名,5,,
열하일기,도강록,27,110,加出甲軍三十六名,8,,Y
열하일기,도강록,27,111,稅官甲軍十六名,7,稅,Y
열하일기,도강록,27,112,合一百二人,5,,Y
열하일기,도강록,27,113,分給壯紙一百五十六,9,,
열하일기,도강록,27,114,卷,1,,
열하일기,도강록,27,115,白紙四百六十九卷,8,,
열하일기,도강록,27,116,靑黍皮一百四十張,8,,
열하일기,도강록,27,117,小匣草五百八十匣,8,,
열하일기,도강록,27,118,封草八百封,5,,
열하일기,도강록,27,119,細烟竹七十四箇,7,,
열하일기,도강록,27,120,八面,2,,Y
열하일기,도강록,27,121,銀項烟竹七十四箇,8,銀,Y
열하일기,도강록,27,122,錫粧刀三十七柄,7,,Y
열하일기,도강록,27,123,鞘刀二百八十四柄,8,,
열하일기,도강록,27,124,扇子二百八十八柄,8,,
열하일기,도강록,27,125,大口魚七十四尾,7,,
열하일기,도강록,27,126,月乃,2,,
열하일기,도강록,27,127,革障泥,3,,
열하일기,도강록,27,128,七部,2,,
열하일기,도강록,27,129,環刀七把,4,,Y
열하일기,도강록,27,130,銀粧刀七柄,5,銀,Y
열하일기,도강록,27,131,銀烟竹七箇,5,銀,Y
열하일기,도강록,27,132,錫長烟竹四十二箇,8,,Y
열하일기,도강록,27,133,筆四十枝,4,,
열하일기,도강록,27,134,墨四十丁,4,,
열하일기,도강록,27,135,火刀二,3,,
열하일기,도강록,27,136,百六十二箇,5,,
열하일기,도강록,27,137,靑靑月乃二部,6,,
열하일기,도강록,27,138,別烟竹三十五箇,7,,
열하일기,도강록,27,139,油芚二部,4,,
열하일기,도강록,27,140,群胡不做一聲,6,,
열하일기,도강록,27,141,肅然受去,4,,
열하일기,도강록,27,142,趙君曰,3,,
열하일기,도강록,27,143,得龍能,3,,
열하일기,도강록,27,144,則能矣,3,,
열하일기,도강록,27,145,彼往歲元無失,6,,
열하일기,도강록,27,146,揮項刀囊等事,6,,
열하일기,도강록,27,147,公然惹閙,4,,
열하일기,도강록,27,148,罵折一人,4,,
열하일기,도강록,27,149,衆人自沮,4,,
열하일기,도강록,27,150,皆面面相顧,5,,
열하일기,도강록,27,151,無聊卻立,4,,
열하일기,도강록,27,152,若不,2,,
열하일기,도강록,27,153,如此,2,,
열하일기,도강록,27,154,雖三日不决,5,,
열하일기,도강록,27,155,無入柵之期矣,6,,
열하일기,도강록,27,156,已而,2,,
열하일기,도강록,27,157,軍牢跪告曰,5,,
열하일기,도강록,27,158,門上御史,4,,Y
열하일기,도강록,27,159,鳳城將軍出坐收稅廳,9,稅,Y
열하일기,도강록,27,160,於是三使,4,,Y
열하일기,도강록,27,161,次第入柵,4,,
열하일기,도강록,27,162,狀啓例付義州鎗軍而回矣,11,,
열하일기,도강록,27,163,一入此門,4,,
열하일기,도강록,27,164,則中土也,4,,Y
열하일기,도강록,27,165,鄕園消息,4,息,Y
열하일기,도강록,27,166,從此絶矣,4,,Y
열하일기,도강록,27,167,悵然東面而立良久,8,,
열하일기,도강록,27,168,轉身緩步入柵,6,,
열하일기,도강록,28,1,路右有草廳三間,7,,
열하일기,도강록,28,2,自御史將軍下至衙譯,9,,
열하일기,도강록,28,3,分班列椅而坐,6,,
열하일기,도강록,28,4,首譯以下拱手前立,8,,
열하일기,도강록,28,5,使臣至此,4,,
열하일기,도강록,28,6,馬頭叱隷,4,,
열하일기,도강록,28,7,停,1,,
열하일기,도강록,28,8,轎,1,,
열하일기,도강록,28,9,乍脫驂若將卸駕者,8,,
열하일기,도강록,28,10,因卽疾驅而過,6,,
열하일기,도강록,28,11,副三房亦如之,6,,
열하일기,도강록,28,12,有若相救者,5,,
열하일기,도강록,28,13,令人捧腹,4,,
열하일기,도강록,28,14,裨將譯官,4,,
열하일기,도강록,28,15,皆下馬步過,5,,
열하일기,도강록,28,16,獨卞季涵騎馬突過,8,,
열하일기,도강록,28,17,末坐一胡,4,,
열하일기,도강록,28,18,忽以東話高聲大罵曰,9,,
열하일기,도강록,28,19,無禮無禮,4,,
열하일기,도강록,28,20,幾位大人坐此,6,,
열하일기,도강록,28,21,外國從官,4,,
열하일기,도강록,28,22,焉敢唐突,4,,
열하일기,도강록,28,23,遄告使臣,4,,
열하일기,도강록,28,24,打臀可也,4,,
열하일기,도강록,28,25,聲雖嘶哮,4,,
열하일기,도강록,28,26,舌强喉澁,4,,
열하일기,도강록,28,27,如乳孩弄嬌,5,,
열하일기,도강록,28,28,醉客使癡,4,,
열하일기,도강록,28,29,此卽護行通官雙林云,9,,
열하일기,도강록,28,30,首譯對曰,4,,
열하일기,도강록,28,31,這是弊邦太醫官,7,,
열하일기,도강록,28,32,初行未諳事體,6,,
열하일기,도강록,28,33,且太醫,3,,
열하일기,도강록,28,34,奉國命,3,,
열하일기,도강록,28,35,隨護大大人,5,,
열하일기,도강록,28,36,大大人亦不敢擅勘,8,,
열하일기,도강록,28,37,諸老爺仰體皇上,7,,
열하일기,도강록,28,38,字小之念,4,,
열하일기,도강록,28,39,免其深究,4,,
열하일기,도강록,28,40,則益見大國寬恕之量,9,,
열하일기,도강록,28,41,諸人皆點頭微笑曰,8,,
열하일기,도강록,28,42,是也是也,4,,
열하일기,도강록,28,43,獨雙林視猛聲高,7,,
열하일기,도강록,28,44,怒氣,2,,
열하일기,도강록,28,45,未解,2,,
열하일기,도강록,28,46,首譯目余使去,6,,
열하일기,도강록,28,47,道逢卞君,4,,
열하일기,도강록,28,48,卞君曰,3,,
열하일기,도강록,28,49,大辱逢之,4,,
열하일기,도강록,28,50,余曰,2,,
열하일기,도강록,28,51,臀字可慮,4,,
열하일기,도강록,28,52,相與大笑,4,,
열하일기,도강록,28,53,遂聯袂行翫,5,,
열하일기,도강록,28,54,不覺,2,,
열하일기,도강록,28,55,讚歎,2,,
열하일기,도강록,29,1,柵內人家,4,,
열하일기,도강록,29,2,不過二三十戶,6,,
열하일기,도강록,29,3,莫不雄深軒鬯,6,,
열하일기,도강록,29,4,柳陰中挑出一竿靑帘,9,,
열하일기,도강록,29,5,相携而入,4,,
열하일기,도강록,29,6,東人已彌滿其中矣,8,,
열하일기,도강록,29,7,赤脚,2,,
열하일기,도강록,29,8,突鬢,2,,
열하일기,도강록,29,9,騎椅呼呶,4,,
열하일기,도강록,29,10,見余皆奔避出去,7,,
열하일기,도강록,29,11,主人大怒指着,6,,
열하일기,도강록,29,12,卞君道不解事的官人,9,,Y
열하일기,도강록,29,13,好妨人賣買,5,買 賣,Y
열하일기,도강록,29,14,戴宗撫其背曰,6,,Y
열하일기,도강록,29,15,哥哥,2,,
열하일기,도강록,29,16,不必饒舌,4,,
열하일기,도강록,29,17,兩位老爺,4,,
열하일기,도강록,29,18,略飮一兩杯,5,,
열하일기,도강록,29,19,便當起身,4,,
열하일기,도강록,29,20,這等鬼監魀,5,,
열하일기,도강록,29,21,那敢橫椅,4,,
열하일기,도강록,29,22,蹔相回避,4,,
열하일기,도강록,29,23,卽當復,3,,
열하일기,도강록,29,24,來,1,,
열하일기,도강록,29,25,已飮的,3,,Y
열하일기,도강록,29,26,計還酒錢,4,錢,Y
열하일기,도강록,29,27,未飮的暢襟快飮,7,,Y
열하일기,도강록,29,28,哥哥放心,4,,
열하일기,도강록,29,29,先斟四兩酒,5,,
열하일기,도강록,29,30,主人堆着笑臉道,7,,
열하일기,도강록,29,31,賢弟往歲,4,,
열하일기,도강록,29,32,不曾,2,,
열하일기,도강록,29,33,瞧瞧麽,3,,
열하일기,도강록,29,34,這等鬼監魀於鬧攘裡,9,,
열하일기,도강록,29,35,都白喫一道烟,6,,Y
열하일기,도강록,29,36,走了罷那地覔酒錢,8,錢,Y
열하일기,도강록,29,37,戴宗曰,3,,Y
열하일기,도강록,29,38,哥哥勿慮,4,,
열하일기,도강록,29,39,兩位老,3,,
열하일기,도강록,29,40,爺飮後卽起,5,,Y
열하일기,도강록,29,41,弟當盡驅這廝回店賣買,10,買 賣,Y
열하일기,도강록,29,42,店主曰,3,,Y
열하일기,도강록,29,43,是也,2,,
열하일기,도강록,29,44,兩位都斟四兩麽,7,,
열하일기,도강록,29,45,各斟四兩麽,5,,
열하일기,도강록,29,46,戴宗道每位,5,,
열하일기,도강록,29,47,四兩,2,,
열하일기,도강록,29,48,卞君罵曰,4,,
열하일기,도강록,29,49,四兩酒誰盡飮之,7,,
열하일기,도강록,29,50,戴宗笑曰,4,,Y
열하일기,도강록,29,51,四兩非酒錢也,6,錢,Y
열하일기,도강록,29,52,乃酒重也,4,,Y
열하일기,도강록,29,53,其卓上列置斟器,7,,
열하일기,도강록,29,54,自一,2,,
열하일기,도강록,29,55,兩至十兩,4,,
열하일기,도강록,29,56,各有其器,4,,
열하일기,도강록,29,57,皆以鍮鑞造觶,6,,Y
열하일기,도강록,29,58,出色似銀,4,銀,Y
열하일기,도강록,29,59,喚四兩酒,4,,Y
열하일기,도강록,29,60,則以四兩觶斟來,7,,
열하일기,도강록,29,61,沽酒者更不較量多少,9,,
열하일기,도강록,29,62,其,1,,
열하일기,도강록,29,63,簡便若此,4,,
열하일기,도강록,29,64,酒皆白燒露,5,,
열하일기,도강록,29,65,味不甚佳,4,,
열하일기,도강록,29,66,立醉旋醒,4,,
열하일기,도강록,29,67,周視鋪置,4,,
열하일기,도강록,29,68,皆整飭端方,5,,
열하일기,도강록,29,69,無一事苟且彌縫之法,9,,
열하일기,도강록,29,70,無一物委,4,,
열하일기,도강록,29,71,頓雜亂之形,5,,
열하일기,도강록,29,72,雖牛欄豚柵,5,,
열하일기,도강록,29,73,莫不疎直有度,6,,
열하일기,도강록,29,74,柴堆糞庤,4,,
열하일기,도강록,29,75,亦皆精麗如畵,6,,
열하일기,도강록,29,76,嗟乎,2,,Y
열하일기,도강록,29,77,如此然後始可謂之利用矣,11,利,Y
열하일기,도강록,29,78,利用然後可以厚生,8,利,Y
열하일기,도강록,29,79,厚生然後正其德矣,8,,Y
열하일기,도강록,29,80,不能利其用而能厚其生,10,利,Y
열하일기,도강록,29,81,鮮矣,2,,Y
열하일기,도강록,29,82,生旣不足以自厚,7,,
열하일기,도강록,29,83,則亦惡能正,5,,
열하일기,도강록,29,84,其德乎,3,,
열하일기,도강록,29,85,正使已入鄂姓家,7,,
열하일기,도강록,29,86,主人身長七尺,6,,
열하일기,도강록,29,87,豪健鷙悍,4,,
열하일기,도강록,29,88,其母年近七旬,6,,
열하일기,도강록,29,89,滿頭揷花,4,,
열하일기,도강록,29,90,眉眼韶雅,4,,
열하일기,도강록,29,91,聞其子孫滿,5,,
열하일기,도강록,29,92,前云,2,,
열하일기,도강록,30,1,點心後,3,,
열하일기,도강록,30,2,與來源及鄭進士,7,,
열하일기,도강록,30,3,出行觀翫鳳凰山,7,,
열하일기,도강록,30,4,離此六七里,5,,
열하일기,도강록,30,5,看其前面,4,,
열하일기,도강록,30,6,眞覺奇峭,4,,
열하일기,도강록,30,7,山中有安市城舊址,8,,
열하일기,도강록,30,8,遺,1,,
열하일기,도강록,30,9,堞尙存云,4,,
열하일기,도강록,30,10,非也,2,,
열하일기,도강록,30,11,三面皆絶險,5,,
열하일기,도강록,30,12,飛鳥莫能上,5,,
열하일기,도강록,30,13,惟正南一面稍平,7,,
열하일기,도강록,30,14,周不過數百步,6,,
열하일기,도강록,30,15,卽此彈丸小城,6,,
열하일기,도강록,30,16,非久淹大,4,,
열하일기,도강록,30,17,軍之地,3,,
열하일기,도강록,30,18,似是句麗時小小壘堡耳,10,,
열하일기,도강록,30,19,相携至大柳樹下納凉,9,,
열하일기,도강록,30,20,有井甎甃,4,,
열하일기,도강록,30,21,又磨治全石爲覆盖,8,,
열하일기,도강록,30,22,穿其兩傍,4,,
열하일기,도강록,30,23,劣,1,,
열하일기,도강록,30,24,容汲器,3,,
열하일기,도강록,30,25,所以防人墮溺,6,,
열하일기,도강록,30,26,且鄣塵土,4,,
열하일기,도강록,30,27,又水性本陰,5,,
열하일기,도강록,30,28,故使蔽陽養活水也,8,,
열하일기,도강록,30,29,井葢上設轆轤,6,,
열하일기,도강록,30,30,下垂雙綆,4,,
열하일기,도강록,30,31,結柳爲,3,,
열하일기,도강록,30,32,棬,1,,
열하일기,도강록,30,33,其形如瓢而深,6,,
열하일기,도강록,30,34,一上一下,4,,
열하일기,도강록,30,35,終日汲,3,,
열하일기,도강록,30,36,不勞人力,4,,
열하일기,도강록,30,37,水桶皆鐵箍,5,,
열하일기,도강록,30,38,以細釘緊約,5,,
열하일기,도강록,30,39,絶勝於綰竹,5,,
열하일기,도강록,30,40,爲經歲久則,5,,
열하일기,도강록,30,41,朽斷,2,,
열하일기,도강록,30,42,且桶身乾曝,5,,
열하일기,도강록,30,43,則竹箍自然寬脫,7,,
열하일기,도강록,30,44,所以鐵箍爲得也,7,,
열하일기,도강록,30,45,汲水皆肩擔而行,7,,
열하일기,도강록,30,46,謂之扁擔,4,,
열하일기,도강록,30,47,其法削一條木如,7,,
열하일기,도강록,30,48,臂膊大,3,,
열하일기,도강록,30,49,其長一丈,4,,
열하일기,도강록,30,50,兩頭懸桶,4,,
열하일기,도강록,30,51,去地尺餘,4,,
열하일기,도강록,30,52,水窸窣不溢,5,,
열하일기,도강록,30,53,惟平壤有此法,6,,
열하일기,도강록,30,54,然不肩擔而背負之故,9,,
열하일기,도강록,30,55,甚妨於窄,4,,
열하일기,도강록,30,56,路隘巷,3,,
열하일기,도강록,30,57,其擔法又此爲得之,8,,
열하일기,도강록,30,58,昔鮑宣妻提瓮出汲,8,,
열하일기,도강록,30,59,余甞疑何不頭戴而手提之,11,,
열하일기,도강록,30,60,乃今見之,4,,
열하일기,도강록,30,61,婦人皆爲高髻,6,,
열하일기,도강록,30,62,不可戴矣,4,,
열하일기,도강록,31,1,西南廣濶,4,,
열하일기,도강록,31,2,作平遠山淡沱水,7,,
열하일기,도강록,31,3,千柳陰濃,4,,
열하일기,도강록,31,4,茅簷疎籬,4,,
열하일기,도강록,31,5,時露林間,4,,
열하일기,도강록,31,6,平堤綠蕪,4,,
열하일기,도강록,31,7,牛羊散牧,4,,
열하일기,도강록,31,8,遠橋行人,4,,
열하일기,도강록,31,9,有擔有,3,,
열하일기,도강록,31,10,携,1,,
열하일기,도강록,31,11,立而望之,4,,
열하일기,도강록,31,12,頓忘間者行役之憊,8,,
열하일기,도강록,31,13,兩人者爲觀新刱佛堂,9,,
열하일기,도강록,31,14,棄我而去,4,,
열하일기,도강록,31,15,有十餘騎揚鞭馳過,8,,
열하일기,도강록,31,16,皆繡鞍駿馬,5,,
열하일기,도강록,31,17,意氣揚揚,4,,
열하일기,도강록,31,18,見余獨立,4,,
열하일기,도강록,31,19,滾鞍下馬,4,,
열하일기,도강록,31,20,爭執余手,4,,
열하일기,도강록,31,21,致慇懃之意,5,,
열하일기,도강록,31,22,其中一人美少年,7,,
열하일기,도강록,31,23,余畫地爲字以語之,8,,
열하일기,도강록,31,24,皆俯首,3,,
열하일기,도강록,31,25,熟視,2,,
열하일기,도강록,31,26,但點頭而已,5,,
열하일기,도강록,31,27,似不識爲何語也,7,,
열하일기,도강록,32,1,有兩碑,3,,
열하일기,도강록,32,2,皆靑石,3,,
열하일기,도강록,32,3,一門上御史善政碑,8,,Y
열하일기,도강록,32,4,一稅官某善政碑,7,稅,Y
열하일기,도강록,32,5,俱滿州人四字名,7,,Y
열하일기,도강록,32,6,撰書者,3,,
열하일기,도강록,32,7,亦俱滿州人,5,,
열하일기,도강록,32,8,文與筆,3,,
열하일기,도강록,32,9,俱拙,2,,
열하일기,도강록,32,10,但碑制極佳,5,,
열하일기,도강록,32,11,功費甚省,4,,
열하일기,도강록,32,12,此可爲法,4,,
열하일기,도강록,32,13,碑之兩傍,4,,
열하일기,도강록,32,14,不磨滑,3,,
열하일기,도강록,32,15,甎築夾碑爲墻,6,,
열하일기,도강록,32,16,沒碑頂,3,,
열하일기,도강록,32,17,因瓦覆爲屋,5,,
열하일기,도강록,32,18,碑在,2,,
열하일기,도강록,32,19,穴坎中,3,,
열하일기,도강록,32,20,以備風雨,4,,
열하일기,도강록,32,21,勝於建閣韜碑,6,,
열하일기,도강록,32,22,碑趺贔屭,4,,
열하일기,도강록,32,23,及碑文兩邊,5,,
열하일기,도강록,32,24,所鐫覇夏,4,,
열하일기,도강록,32,25,可數毫髮,4,,
열하일기,도강록,32,26,此不過窮邊民,6,,
열하일기,도강록,32,27,家所建,3,,
열하일기,도강록,32,28,然其精緻古雅,6,,
열하일기,도강록,32,29,不可當也,4,,
열하일기,도강록,33,1,向夕暑氣益熾,6,,
열하일기,도강록,33,2,急往所寓,4,,
열하일기,도강록,33,3,高揭北牕,4,,
열하일기,도강록,33,4,脫衣而臥,4,,
열하일기,도강록,33,5,北庭平廣,4,,
열하일기,도강록,33,6,葱畦蒜勝力田,6,,
열하일기,도강록,33,7,端方正直,4,,
열하일기,도강록,33,8,蓏棚匏架,4,,
열하일기,도강록,33,9,磊落蔭庭,4,,
열하일기,도강록,33,10,籬邊紅白蜀葵及玉簪花,10,,
열하일기,도강록,33,11,方盛開,3,,
열하일기,도강록,33,12,簷外有石榴數盆及繡毬一盆,12,,
열하일기,도강록,33,13,秋海棠二盆,5,,
열하일기,도강록,33,14,鄂之妻手提竹,6,,
열하일기,도강록,33,15,籃,1,,
열하일기,도강록,33,16,次第摘花,4,,
열하일기,도강록,33,17,將爲夕粧也,5,,
열하일기,도강록,33,18,昌大得酒一觶卵炒一盤而來餉曰,14,,
열하일기,도강록,33,19,何處去耶,4,,
열하일기,도강록,33,20,幾想殺我也,5,,
열하일기,도강록,33,21,其故作癡態,5,,
열하일기,도강록,33,22,以納忠款,4,,
열하일기,도강록,33,23,可憎可笑,4,,
열하일기,도강록,33,24,然酒我所嗜也,6,,
열하일기,도강록,33,25,况卵炒亦我所欲乎,8,,
열하일기,도강록,33,26,是日行三十里,6,,
열하일기,도강록,33,27,自鴨綠江至此,6,,
열하일기,도강록,33,28,該有一百二,5,,
열하일기,도강록,33,29,十里,2,,
열하일기,도강록,33,30,我人曰,3,,
열하일기,도강록,33,31,柵門,2,,
열하일기,도강록,33,32,本處人曰架子門,7,,
열하일기,도강록,33,33,內地人曰邊門,6,,
열하일기,도강록,35,1,早與卞君先爲發行,8,,
열하일기,도강록,35,2,戴宗遙指一所大庄院曰,10,,
열하일기,도강록,35,3,此通官徐宗孟家也,8,,
열하일기,도강록,35,4,皇城亦有家,5,,
열하일기,도강록,35,5,更勝於此,4,,
열하일기,도강록,35,6,宗孟貪婪,4,,
열하일기,도강록,35,7,多不法,3,,
열하일기,도강록,35,8,吮朝鮮膏血,5,,Y
열하일기,도강록,35,9,大致富厚,4,富,Y
열하일기,도강록,35,10,旣老爲禮部所覺,7,,Y
열하일기,도강록,35,11,家之在皇城者被籍,8,,
열하일기,도강록,35,12,而此猶存,4,,
열하일기,도강록,35,13,又指一所曰,5,,
열하일기,도강록,35,14,雙林,2,,
열하일기,도강록,35,15,家也,2,,
열하일기,도강록,35,16,其對門曰,4,,
열하일기,도강록,35,17,文通官家也,5,,Y
열하일기,도강록,35,18,舌本瀏利如誦熟文,8,利,Y
열하일기,도강록,35,19,戴宗宣川人也,6,,Y
열하일기,도강록,35,20,已六七入燕云,6,,
열하일기,도강록,36,1,比至鳳城三十里,7,,
열하일기,도강록,36,2,衣服盡濕,4,,
열하일기,도강록,36,3,行人髭鬚結露,6,,
열하일기,도강록,36,4,如秧針貫珠,5,,
열하일기,도강록,36,5,西邊天際,4,,
열하일기,도강록,36,6,重霧忽透,4,,
열하일기,도강록,36,7,片碧纔露,4,,
열하일기,도강록,36,8,嵌空玲瓏,4,,
열하일기,도강록,36,9,如牕眼小琉璃,6,,
열하일기,도강록,36,10,須臾霧氣,4,,
열하일기,도강록,36,11,盡化祥雲,4,,
열하일기,도강록,36,12,光景無限,4,,
열하일기,도강록,36,13,回看東方,4,,
열하일기,도강록,36,14,一輪紅日,4,,
열하일기,도강록,36,15,已高三竿矣,5,,
열하일기,도강록,37,1,中火於康永太家,7,,
열하일기,도강록,37,2,永太年二十三,6,,
열하일기,도강록,37,3,自稱民家,4,,
열하일기,도강록,37,4,漢人,2,,
열하일기,도강록,37,5,稱民家,3,,
열하일기,도강록,37,6,滿人,2,,
열하일기,도강록,37,7,稱旗下,3,,
열하일기,도강록,37,8,白晢美麗,4,,
열하일기,도강록,37,9,能鼓西洋琴,5,,
열하일기,도강록,37,10,問,1,,
열하일기,도강록,37,11,讀書否,3,,
열하일기,도강록,37,12,對曰,2,,
열하일기,도강록,37,13,已誦四書,4,,
열하일기,도강록,37,14,尙未講義,4,,
열하일기,도강록,37,15,所謂誦書講義,6,,
열하일기,도강록,37,16,有兩道,3,,
열하일기,도강록,37,17,非如我東初學之兼通音義,11,,
열하일기,도강록,37,18,中原初學,4,,
열하일기,도강록,37,19,者,1,,
열하일기,도강록,37,20,只學四書章句,6,,
열하일기,도강록,37,21,口誦而已,4,,
열하일기,도강록,37,22,誦熟然後,4,,
열하일기,도강록,37,23,更就師受旨曰,6,,
열하일기,도강록,37,24,講義,2,,
열하일기,도강록,37,25,設令終身未講義,7,,
열하일기,도강록,37,26,所習章句,4,,
열하일기,도강록,37,27,爲日用,3,,
열하일기,도강록,37,28,官話,2,,
열하일기,도강록,37,29,所以萬國方言,6,,
열하일기,도강록,37,30,惟漢語最易,5,,
열하일기,도강록,37,31,且有理也,4,,
열하일기,도강록,37,32,永太所精洒華侈,7,,
열하일기,도강록,37,33,種種位置,4,,
열하일기,도강록,37,34,莫非初見,4,,
열하일기,도강록,37,35,炕上鋪陳,4,,
열하일기,도강록,37,36,皆,1,,
열하일기,도강록,37,37,龍鳳氍毺椅榻所藉,8,,
열하일기,도강록,37,38,皆以錦緞爲褥,6,,
열하일기,도강록,37,39,庭中設架,4,,
열하일기,도강록,37,40,以細簟遮日,5,,
열하일기,도강록,37,41,四垂緗簾,4,,
열하일기,도강록,37,42,前列石榴五六盆,7,,
열하일기,도강록,37,43,就中白色石,5,,
열하일기,도강록,37,44,榴盛開,3,,
열하일기,도강록,37,45,又有異樹一盆,6,,
열하일기,도강록,37,46,葉類冬栢,4,,
열하일기,도강록,37,47,果似枳實,4,,
열하일기,도강록,37,48,問其名曰無花果,7,,
열하일기,도강록,37,49,果皆雙雙並蔕,6,,
열하일기,도강록,37,50,不花結實,4,,
열하일기,도강록,37,51,故名,2,,
열하일기,도강록,38,1,書狀來見,4,,
열하일기,도강록,38,2,趙鼎鎭,3,,
열하일기,도강록,38,3,各叙年甲,4,,
열하일기,도강록,38,4,長余五歲,4,,
열하일기,도강록,38,5,副使繼又來訪,6,,
열하일기,도강록,38,6,鄭元始,3,,
열하일기,도강록,38,7,爲叙萬里同苦之誼,8,,
열하일기,도강록,38,8,金子仁,3,,
열하일기,도강록,38,9,文淳,2,,
열하일기,도강록,38,10,爲,1,,
열하일기,도강록,38,11,道兄此行,4,,
열하일기,도강록,38,12,而我境冗擾,5,,
열하일기,도강록,38,13,未及相訪,4,,
열하일기,도강록,38,14,余曰,2,,
열하일기,도강록,38,15,定交於他國,5,,
열하일기,도강록,38,16,可謂異域親舊,6,,
열하일기,도강록,38,17,副使書狀,4,,
열하일기,도강록,38,18,皆大笑曰,4,,
열하일기,도강록,38,19,未知,2,,
열하일기,도강록,38,20,誰爲異域也,5,,
열하일기,도강록,38,21,副使長余二歲,6,,
열하일기,도강록,38,22,余祖父與副使祖父甞同牕治功令,14,,
열하일기,도강록,38,23,有同硏錄,4,,
열하일기,도강록,38,24,余祖父爲京兆堂上時,9,,
열하일기,도강록,38,25,副,1,,
열하일기,도강록,38,26,使祖父以京兆郞投刺,9,,
열하일기,도강록,38,27,各道舊日同硏事,7,,
열하일기,도강록,38,28,余時八九歲,5,,
열하일기,도강록,38,29,在傍知有舊誼,6,,
열하일기,도강록,39,1,書狀指白石榴曰,7,,
열하일기,도강록,39,2,曾見此否,4,,
열하일기,도강록,39,3,余對不曾見,5,,
열하일기,도강록,39,4,書狀曰,3,,
열하일기,도강록,39,5,吾童子時家有此榴,8,,
열하일기,도강록,39,6,國中更無,4,,
열하일기,도강록,39,7,葢此榴華而不,6,,
열하일기,도강록,39,8,實云,2,,
열하일기,도강록,39,9,略叙閒話,4,,
열하일기,도강록,39,10,皆起去,3,,
열하일기,도강록,39,11,渡江日雖相識面於蘆荻叢中,12,,
열하일기,도강록,39,12,未甞叙話,4,,
열하일기,도강록,39,13,又兩日柵外,5,,
열하일기,도강록,39,14,連幕露宿,4,,
열하일기,도강록,39,15,亦未甞晤,4,,
열하일기,도강록,39,16,故今以異域相戱者此也,10,,
열하일기,도강록,40,1,點心尙遠云,5,,
열하일기,도강록,40,2,不敢遲待,4,,
열하일기,도강록,40,3,遂忍飢行翫,5,,
열하일기,도강록,40,4,初由右邊小門而入,8,,
열하일기,도강록,40,5,故不知其家之雄侈若此,10,,
열하일기,도강록,40,6,今由前門而出,6,,
열하일기,도강록,40,7,則,1,,
열하일기,도강록,40,8,外庭數十百間,6,,
열하일기,도강록,40,9,三使帶率都入此家,8,,
열하일기,도강록,40,10,而不知着在何處,7,,
열하일기,도강록,40,11,非但我行區處綽綽有餘,10,,Y
열하일기,도강록,40,12,來商去旅,4,商,Y
열하일기,도강록,40,13,絡繹不絶,4,,Y
열하일기,도강록,40,14,又有車二十餘輛,7,,
열하일기,도강록,40,15,闐門而入,4,,
열하일기,도강록,40,16,一車所駕馬騾必五六頭,10,,
열하일기,도강록,40,17,而不聞喧聲,5,,
열하일기,도강록,40,18,深藏若虛,4,,
열하일기,도강록,40,19,葢其妥置凡百,6,,
열하일기,도강록,40,20,自有規,3,,
열하일기,도강록,40,21,模,1,,
열하일기,도강록,40,22,不相妨礙,4,,
열하일기,도강록,40,23,觀此外貌,4,,
열하일기,도강록,40,24,其他細節,4,,
열하일기,도강록,40,25,不須盡說矣,5,,
열하일기,도강록,40,26,緩步出門,4,,Y
열하일기,도강록,40,27,繁華富麗,4,富,Y
열하일기,도강록,40,28,雖到皇京,4,,Y
열하일기,도강록,40,29,想不更加,4,,
열하일기,도강록,40,30,不意中國,4,,
열하일기,도강록,40,31,之若是其盛也,6,,
열하일기,도강록,40,32,左右市廛,4,,
열하일기,도강록,40,33,連互輝耀,4,,
열하일기,도강록,40,34,皆彫牕綺戶,5,,
열하일기,도강록,40,35,畵棟朱欄,4,,
열하일기,도강록,40,36,碧榜金扁,4,,Y
열하일기,도강록,40,37,所居物皆內地奇貨,8,貨,Y
열하일기,도강록,40,38,邊門僻奧,4,,Y
열하일기,도강록,40,39,之地,2,,
열하일기,도강록,40,40,乃有精鑑雅識也,7,,
열하일기,도강록,40,41,又入一宅,4,,
열하일기,도강록,40,42,其壯麗更勝於康家,8,,
열하일기,도강록,40,43,而其制度大約皆同,8,,
열하일기,도강록,40,44,凡室屋之制,5,,
열하일기,도강록,40,45,必除地數百,5,,
열하일기,도강록,40,46,步,1,,
열하일기,도강록,40,47,長廣相適,4,,
열하일기,도강록,40,48,剷剗平正,4,,
열하일기,도강록,40,49,可以測土圭安針盤,8,,
열하일기,도강록,40,50,然後築臺,4,,
열하일기,도강록,40,51,臺皆石址,4,,
열하일기,도강록,40,52,或一級或二級三級,8,,
열하일기,도강록,40,53,皆甎築而磨石,6,,
열하일기,도강록,40,54,爲甃,2,,
열하일기,도강록,40,55,臺上建屋,4,,
열하일기,도강록,40,56,皆一字,3,,
열하일기,도강록,40,57,更無曲折附麗,6,,
열하일기,도강록,40,58,第一屋爲內室,6,,
열하일기,도강록,40,59,第二屋爲中堂,6,,
열하일기,도강록,40,60,第三屋爲前堂,6,,
열하일기,도강록,40,61,第四屋爲外室,6,,
열하일기,도강록,40,62,外室前臨大道,6,,
열하일기,도강록,40,63,爲店房,3,,
열하일기,도강록,40,64,爲市廛,3,,
열하일기,도강록,40,65,每堂前,3,,
열하일기,도강록,40,66,有左右翼室,5,,
열하일기,도강록,40,67,是爲廊廡寮廂,6,,
열하일기,도강록,40,68,大約一屋長,5,,
열하일기,도강록,40,69,必六楹八楹十楹十,8,,
열하일기,도강록,40,70,二楹,2,,
열하일기,도강록,40,71,兩楹之間甚廣,6,,
열하일기,도강록,40,72,幾我國平屋二間,7,,
열하일기,도강록,40,73,未甞隨材短長,6,,
열하일기,도강록,40,74,亦不任意闊狹,6,,
열하일기,도강록,40,75,必準尺度爲間架,7,,
열하일기,도강록,40,76,屋皆五梁或,5,,
열하일기,도강록,40,77,七梁,2,,
열하일기,도강록,40,78,從地至屋脊,5,,
열하일기,도강록,40,79,測其高下,4,,
열하일기,도강록,40,80,簷爲居中,4,,
열하일기,도강록,40,81,故瓦溝如建瓴,6,,
열하일기,도강록,40,82,屋左右及後面,6,,
열하일기,도강록,40,83,無冗簷,3,,
열하일기,도강록,40,84,以甎築墻,4,,
열하일기,도강록,40,85,直埋椽頭,4,,
열하일기,도강록,40,86,盡屋之高,4,,
열하일기,도강록,40,87,東西兩墻,4,,
열하일기,도강록,40,88,各穿圓牕面南,6,,
열하일기,도강록,40,89,皆戶正中,4,,
열하일기,도강록,40,90,一間爲出入之門,7,,
열하일기,도강록,40,91,必前後直對,5,,
열하일기,도강록,40,92,屋三重四重,5,,
열하일기,도강록,40,93,則門爲六,4,,
열하일기,도강록,40,94,重八重,3,,
열하일기,도강록,40,95,洞開則自內室門至外室門,11,,
열하일기,도강록,40,96,一望貫通,4,,
열하일기,도강록,40,97,其直如矢,4,,
열하일기,도강록,40,98,所謂洞開重門,6,,
열하일기,도강록,40,99,我心如此者,5,,
열하일기,도강록,40,100,以喩其正直,5,,
열하일기,도강록,40,101,也,1,,
열하일기,도강록,40,102,路逢李同知惠迪,7,,
열하일기,도강록,40,103,譯官三堂上,5,,
열하일기,도강록,40,104,李君笑曰,4,,
열하일기,도강록,40,105,窮邊邨野,4,,
열하일기,도강록,40,106,何足掛眼,4,,
열하일기,도강록,40,107,吾言雖至皇城,6,,
열하일기,도강록,40,108,未必勝此,4,,
열하일기,도강록,40,109,李,1,,
열하일기,도강록,40,110,君曰,2,,
열하일기,도강록,40,111,然,1,,Y
열하일기,도강록,40,112,雖有大小奢儉之別,8,儉 奢,Y
열하일기,도강록,40,113,規模大率相同耳,7,,Y
열하일기,도강록,40,114,爲室屋,3,,
열하일기,도강록,40,115,專靠於甓,4,,
열하일기,도강록,40,116,甓者甎也,4,,
열하일기,도강록,40,117,長一尺,3,,
열하일기,도강록,40,118,廣五寸,3,,
열하일기,도강록,40,119,比兩,2,,
열하일기,도강록,40,120,甎則正方,4,,
열하일기,도강록,40,121,厚二寸,3,,
열하일기,도강록,40,122,一匡搨成,4,,
열하일기,도강록,40,123,忌角缺,3,,
열하일기,도강록,40,124,忌楞刓,3,,
열하일기,도강록,40,125,忌軆翻,3,,
열하일기,도강록,40,126,一甎犯忌,4,,
열하일기,도강록,40,127,則全屋之功左矣,7,,
열하일기,도강록,40,128,是故,2,,
열하일기,도강록,40,129,旣一匡印搨,5,,
열하일기,도강록,40,130,而猶患參差,5,,
열하일기,도강록,40,131,必以曲尺見矩,6,,
열하일기,도강록,40,132,斤削礪磨,4,,
열하일기,도강록,40,133,務令匀齊,4,,
열하일기,도강록,40,134,萬甎一影,4,,
열하일기,도강록,40,135,其築法,3,,
열하일기,도강록,40,136,一縱一橫,4,,
열하일기,도강록,40,137,自成坎離,4,,
열하일기,도강록,40,138,隔以石灰,4,,
열하일기,도강록,40,139,其薄如紙,4,,
열하일기,도강록,40,140,僅取膠貼,4,,
열하일기,도강록,40,141,縫痕如線,4,,
열하일기,도강록,40,142,其和灰之法,5,,
열하일기,도강록,40,143,不雜麤沙,4,,
열하일기,도강록,40,144,亦忌黏土,4,,
열하일기,도강록,40,145,沙太麤則不貼,6,,
열하일기,도강록,40,146,土過黏則易坼,6,,
열하일기,도강록,40,147,故,1,,
열하일기,도강록,40,148,必取黑土之細膩者,8,,
열하일기,도강록,40,149,和灰同泥,4,,
열하일기,도강록,40,150,其色黛黧,4,,
열하일기,도강록,40,151,如新燔之瓦,5,,
열하일기,도강록,40,152,葢取其性之不黏不沙,9,,
열하일기,도강록,40,153,而又取其色質純如也,9,,
열하일기,도강록,40,154,又雜以檾絲,5,,
열하일기,도강록,40,155,細剉如毛,4,,
열하일기,도강록,40,156,如我東圬土,5,,
열하일기,도강록,40,157,用馬矢同泥,5,,
열하일기,도강록,40,158,欲其靭而無龜,6,,
열하일기,도강록,40,159,又調以桐油濃滑如乳,9,,
열하일기,도강록,40,160,欲其膠而無,5,,
열하일기,도강록,40,161,罅,1,,
열하일기,도강록,41,1,其葢瓦之法,5,,
열하일기,도강록,41,2,尤爲可效,4,,
열하일기,도강록,41,3,瓦之體如正圓之竹而四破之,12,,
열하일기,도강록,41,4,其一瓦之大,5,,
열하일기,도강록,41,5,恰比兩掌,4,,
열하일기,도강록,41,6,民家不用鴦瓦,6,,
열하일기,도강록,41,7,椽上,2,,
열하일기,도강록,41,8,不構散木,4,,
열하일기,도강록,41,9,直鋪數重蘆簟,6,,
열하일기,도강록,41,10,然後覆瓦,4,,
열하일기,도강록,41,11,簟上不藉泥土,6,,
열하일기,도강록,41,12,一仰一覆,4,,
열하일기,도강록,41,13,相爲雌雄,4,,
열하일기,도강록,41,14,縫瓦亦以石灰之泥,8,,
열하일기,도강록,41,15,鱗級膠,3,,
열하일기,도강록,41,16,貼,1,,
열하일기,도강록,41,17,自無雀鼠之穿屋,7,,
열하일기,도강록,41,18,最忌上重下虛,6,,
열하일기,도강록,41,19,我東葢瓦之法,6,,
열하일기,도강록,41,20,與此全異,4,,
열하일기,도강록,41,21,屋上厚鋪泥土,6,,
열하일기,도강록,41,22,故上重,3,,
열하일기,도강록,41,23,墻壁不甎築,5,,
열하일기,도강록,41,24,四柱無倚,4,,
열하일기,도강록,41,25,故下虛,3,,
열하일기,도강록,41,26,瓦軆過大,4,,
열하일기,도강록,41,27,故過彎,3,,
열하일기,도강록,41,28,過彎故自多空處,7,,
열하일기,도강록,41,29,不得不補以泥土,7,,
열하일기,도강록,41,30,泥土厭重,4,,
열하일기,도강록,41,31,已有棟撓之患,6,,
열하일기,도강록,41,32,泥土一乾,4,,
열하일기,도강록,41,33,則瓦底自浮,5,,
열하일기,도강록,41,34,鱗級流退,4,,
열하일기,도강록,41,35,乃生罅隙,4,,
열하일기,도강록,41,36,已不禁風透雨漏,7,,
열하일기,도강록,41,37,雀穿鼠竄,4,,
열하일기,도강록,41,38,蛇繆貓翻之患,6,,
열하일기,도강록,42,1,大約立屋甎功居多,8,,
열하일기,도강록,42,2,非但竟高築墻,6,,
열하일기,도강록,42,3,室內室外,4,,
열하일기,도강록,42,4,罔不鋪甎,4,,
열하일기,도강록,42,5,盡庭之廣,4,,
열하일기,도강록,42,6,麗目井井,4,,
열하일기,도강록,42,7,如畫碁道,4,,
열하일기,도강록,42,8,屋倚於壁,4,,
열하일기,도강록,42,9,上輕下完,4,,
열하일기,도강록,42,10,柱入於墻,4,,
열하일기,도강록,42,11,不經風雨,4,,
열하일기,도강록,42,12,於是不畏延燒,6,,
열하일기,도강록,42,13,不畏穿窬,4,,
열하일기,도강록,42,14,尤絶雀鼠蛇猫之患,8,,
열하일기,도강록,42,15,一閉正中一門,6,,
열하일기,도강록,42,16,則自成,3,,
열하일기,도강록,42,17,壁壘城堡,4,,
열하일기,도강록,42,18,室中之物,4,,
열하일기,도강록,42,19,都似櫃藏,4,,
열하일기,도강록,42,20,由是觀之,4,,
열하일기,도강록,42,21,不須許多土木,6,,
열하일기,도강록,42,22,不煩鐵冶墁工,6,,
열하일기,도강록,42,23,甓一燔而屋已成矣,8,,
열하일기,도강록,43,1,方新築鳳凰城,6,,
열하일기,도강록,43,2,或曰此則安市城也,8,,
열하일기,도강록,43,3,高勾麗方言,5,,
열하일기,도강록,43,4,稱大鳥曰安市,6,,
열하일기,도강록,43,5,今鄙語往往有訓鳳凰曰安市,12,,
열하일기,도강록,43,6,稱,1,,
열하일기,도강록,43,7,蛇曰白巖,4,,
열하일기,도강록,43,8,隋唐時就國語,6,,
열하일기,도강록,43,9,以鳳凰城爲安市城,8,,
열하일기,도강록,43,10,以蛇城爲白巖城,7,,
열하일기,도강록,43,11,其說頗似有理,6,,
열하일기,도강록,43,12,又世傳安市城主楊,8,,
열하일기,도강록,43,13,萬春,2,,
열하일기,도강록,43,14,射帝中目,4,,
열하일기,도강록,43,15,帝耀兵城下,5,,
열하일기,도강록,43,16,賜絹百匹,4,,
열하일기,도강록,43,17,以賞其爲主堅守,7,,
열하일기,도강록,43,18,三淵金公昌翕,6,,
열하일기,도강록,43,19,送其弟老稼齋昌業入燕詩,11,,
열하일기,도강록,43,20,曰,1,,
열하일기,도강록,43,21,千秋大膽楊萬春,7,,
열하일기,도강록,43,22,箭射虬髯落眸子,7,,
열하일기,도강록,43,23,牧隱李公穡貞觀吟曰,9,,
열하일기,도강록,43,24,爲是囊中一物爾,7,,
열하일기,도강록,43,25,那知玄花落白羽,7,,
열하일기,도강록,43,26,玄花言其目,5,,
열하일기,도강록,43,27,白羽言其箭,5,,
열하일기,도강록,43,28,二老所咏,4,,
열하일기,도강록,43,29,當出於吾東流傳之舊,9,,
열하일기,도강록,43,30,唐太宗動天下之兵,8,,
열하일기,도강록,43,31,不得志於彈丸小城,8,,
열하일기,도강록,43,32,蒼黃旋師,4,,
열하일기,도강록,43,33,其跡可疑,4,,Y
열하일기,도강록,43,34,金富軾只惜其史失姓名,10,富,Y
열하일기,도강록,43,35,葢富軾爲三國史,7,富,Y
열하일기,도강록,43,36,只就中國史,5,,Y
열하일기,도강록,43,37,書抄謄一番,5,,
열하일기,도강록,43,38,以作事實,4,,
열하일기,도강록,43,39,至引柳公權小說,7,,
열하일기,도강록,43,40,以證駐驆之被圍,7,,
열하일기,도강록,43,41,而唐書及司馬通鑑,8,,
열하일기,도강록,43,42,皆不見錄,4,,
열하일기,도강록,43,43,則疑其爲中國諱之,8,,
열하일기,도강록,43,44,然至若本土舊,6,,
열하일기,도강록,43,45,聞,1,,
열하일기,도강록,43,46,不敢略載一句,6,,
열하일기,도강록,43,47,傳信傳疑之間,6,,
열하일기,도강록,43,48,葢闕如也,4,,
열하일기,도강록,43,49,余曰,2,,
열하일기,도강록,43,50,唐太宗失目於安市,8,,
열하일기,도강록,43,51,雖不可攷,4,,
열하일기,도강록,43,52,葢以此城爲安市,7,,
열하일기,도강록,43,53,愚以爲非也,5,,
열하일기,도강록,43,54,按唐書,3,,
열하일기,도강록,43,55,安市城去平壤五百里,9,,
열하일기,도강록,43,56,鳳凰城,3,,Y
열하일기,도강록,43,57,亦稱王儉城,5,儉,Y
열하일기,도강록,43,58,地志又以鳳凰城稱平壤,10,,Y
열하일기,도강록,43,59,未知此何,4,,
열하일기,도강록,43,60,以名焉,3,,
열하일기,도강록,43,61,又地志古安市城在葢平縣東北七十里,16,,
열하일기,도강록,43,62,自葢平東至秀巖河三百里,11,,
열하일기,도강록,43,63,自秀巖河東至二百里,9,,
열하일기,도강록,43,64,爲,1,,
열하일기,도강록,43,65,鳳城,2,,
열하일기,도강록,43,66,若以此爲古平壤,7,,
열하일기,도강록,43,67,則與唐書所稱五百里相合,11,,
열하일기,도강록,43,68,然吾東之士,5,,
열하일기,도강록,43,69,只知今平壤言箕子都平壤則信,13,,
열하일기,도강록,43,70,言平,2,,
열하일기,도강록,43,71,壤有井田則信,6,,
열하일기,도강록,43,72,言平壤有箕子墓則信,9,,
열하일기,도강록,43,73,若復言鳳城爲平壤,8,,
열하일기,도강록,43,74,則大驚,3,,
열하일기,도강록,43,75,若曰,2,,
열하일기,도강록,43,76,遼東復有平壤,6,,
열하일기,도강록,43,77,則叱爲恠駭,5,,
열하일기,도강록,43,78,獨不知遼東本朝鮮故地,10,,
열하일기,도강록,43,79,肅愼濊貊東彝諸國,8,,
열하일기,도강록,43,80,盡服屬衛滿朝鮮,7,,
열하일기,도강록,43,81,又不知烏刺寧古塔後春等地本高勾麗,16,,
열하일기,도강록,43,82,疆,1,,
열하일기,도강록,43,83,嗟乎,2,,
열하일기,도강록,43,84,後世不詳地界,6,,
열하일기,도강록,43,85,則妄把漢四郡地,7,,
열하일기,도강록,43,86,盡局之於鴨綠江內,8,,
열하일기,도강록,43,87,牽合事實,4,,
열하일기,도강록,43,88,區區分排,4,,
열하일기,도강록,43,89,乃復覔浿水於其,7,,
열하일기,도강록,43,90,中,1,,
열하일기,도강록,43,91,或指鴨綠江爲浿水,8,,
열하일기,도강록,43,92,或指淸川江爲浿水,8,,
열하일기,도강록,43,93,或指大同江爲浿水,8,,
열하일기,도강록,43,94,是朝鮮舊疆,5,,
열하일기,도강록,43,95,不戰自蹙矣,5,,
열하일기,도강록,43,96,此其故何,4,,
열하일기,도강록,43,97,也,1,,
열하일기,도강록,43,98,定平壤於一處,6,,
열하일기,도강록,43,99,而浿水前郤,5,,
열하일기,도강록,43,100,常隨事跡,4,,
열하일기,도강록,43,101,吾甞以爲漢四郡地,8,,
열하일기,도강록,43,102,非特遼東,4,,
열하일기,도강록,43,103,當入女眞,4,,
열하일기,도강록,43,104,何以知其然也,6,,
열하일기,도강록,43,105,漢書地理志,5,,
열하일기,도강록,43,106,有玄莬樂浪,5,,
열하일기,도강록,43,107,而眞番臨芚無見焉,8,,
열하일기,도강록,43,108,葢昭帝始元五年,7,,
열하일기,도강록,43,109,合四郡爲二府,6,,
열하일기,도강록,43,110,元鳳元年,4,,
열하일기,도강록,43,111,又改二府,4,,
열하일기,도강록,43,112,爲二郡,3,,
열하일기,도강록,43,113,玄莬三縣,4,,
열하일기,도강록,43,114,有高勾麗,4,,
열하일기,도강록,43,115,樂浪二十五縣,6,,
열하일기,도강록,43,116,有朝鮮,3,,
열하일기,도강록,43,117,遼東十八縣,5,,
열하일기,도강록,43,118,有安市,3,,
열하일기,도강록,43,119,獨眞番,3,,
열하일기,도강록,43,120,去長安七千里,6,,
열하일기,도강록,43,121,臨,1,,
열하일기,도강록,43,122,芚,1,,
열하일기,도강록,43,123,去長安六千一百里,8,,
열하일기,도강록,43,124,金崙所謂我國界內不可得,11,,
열하일기,도강록,43,125,當在今寧古塔等地者是也,11,,
열하일기,도강록,43,126,由是論之,4,,
열하일기,도강록,43,127,眞番臨芚,4,,
열하일기,도강록,43,128,漢末卽入於扶餘挹婁沃沮,11,,
열하일기,도강록,43,129,扶餘五而沃沮四,7,,
열하일기,도강록,43,130,或變而爲勿吉,6,,
열하일기,도강록,43,131,變而爲靺鞨,5,,
열하일기,도강록,43,132,變而爲渤海,5,,
열하일기,도강록,43,133,變而爲女眞,5,,
열하일기,도강록,43,134,按渤海武王大武藝答日本聖武王書,15,,
열하일기,도강록,43,135,有曰,2,,
열하일기,도강록,43,136,復古麗之舊居,6,,
열하일기,도강록,43,137,有扶餘之遺俗,6,,
열하일기,도강록,43,138,以此推之,4,,
열하일기,도강록,43,139,漢之四郡半在,6,,
열하일기,도강록,43,140,遼東,2,,
열하일기,도강록,43,141,半在女眞,4,,
열하일기,도강록,43,142,跨踞包絡,4,,
열하일기,도강록,43,143,本我幅員,4,,
열하일기,도강록,43,144,益可驗矣,4,,
열하일기,도강록,43,145,然而自漢以來,6,,
열하일기,도강록,43,146,中國所稱浿水不定厥居,10,,
열하일기,도강록,43,147,又吾東之士,5,,
열하일기,도강록,43,148,必以今平壤立準,7,,
열하일기,도강록,43,149,而紛然尋浿水之跡,8,,
열하일기,도강록,43,150,此無他,3,,
열하일기,도강록,43,151,中國人凡稱遼左之水,9,,
열하일기,도강록,43,152,率號爲浿,4,,
열하일기,도강록,43,153,所以程里不合,6,,
열하일기,도강록,43,154,事實,2,,
열하일기,도강록,43,155,多舛者,3,,
열하일기,도강록,43,156,爲由此也,4,,
열하일기,도강록,43,157,故欲知古朝鮮,6,,
열하일기,도강록,43,158,高勾麗之舊域,6,,
열하일기,도강록,43,159,先合女眞於境內,7,,
열하일기,도강록,43,160,次尋浿水於遼東,7,,
열하일기,도강록,43,161,浿水定然後疆,6,,
열하일기,도강록,43,162,域明,2,,
열하일기,도강록,43,163,疆域明然後古今事實合矣,11,,
열하일기,도강록,44,1,然則鳳城果爲平壤乎,9,,
열하일기,도강록,44,2,曰此亦或箕氏衛氏高氏所都,12,,
열하일기,도강록,44,3,則爲一平壤也,6,,
열하일기,도강록,44,4,唐書裴矩傳,5,,
열하일기,도강록,44,5,言高麗本孤竹國,7,,
열하일기,도강록,44,6,周,1,,
열하일기,도강록,44,7,以封箕子,4,,
열하일기,도강록,44,8,漢分四郡,4,,
열하일기,도강록,44,9,所謂孤竹地,5,,
열하일기,도강록,44,10,在今永平府,5,,
열하일기,도강록,44,11,又廣寧縣,4,,
열하일기,도강록,44,12,舊有箕子廟,5,,
열하일기,도강록,44,13,戴冔冠塑像,5,,
열하일기,도강록,44,14,皇明嘉靖時,5,,
열하일기,도강록,44,15,燬於兵火,4,,
열하일기,도강록,44,16,廣寧人或稱平壤,7,,
열하일기,도강록,44,17,金史及文獻通考,7,,
열하일기,도강록,44,18,俱言廣寧咸平,6,,
열하일기,도강록,44,19,皆箕子封地,5,,
열하일기,도강록,44,20,以此推之,4,,
열하일기,도강록,44,21,永平廣寧之間,6,,
열하일기,도강록,44,22,爲一平壤也,5,,
열하일기,도강록,44,23,遼史,2,,
열하일기,도강록,44,24,渤海顯德府,5,,
열하일기,도강록,44,25,本朝鮮地,4,,
열하일기,도강록,44,26,箕子所封平壤城,7,,
열하일기,도강록,44,27,遼破渤海,4,,
열하일기,도강록,44,28,改爲東京,4,,
열하일기,도강록,44,29,卽今之遼陽縣是,7,,
열하일기,도강록,44,30,也,1,,
열하일기,도강록,44,31,以此推之,4,,
열하일기,도강록,44,32,遼陽縣,3,,
열하일기,도강록,44,33,爲一平壤也,5,,
열하일기,도강록,45,1,愚以爲箕氏初居永廣之間,11,,
열하일기,도강록,45,2,後爲燕將秦開所逐,8,,
열하일기,도강록,45,3,失地二千里,5,,
열하일기,도강록,45,4,漸東益徙,4,,
열하일기,도강록,45,5,如中國晉宋之南渡,8,,
열하일기,도강록,45,6,所止皆稱,4,,
열하일기,도강록,45,7,平壤,2,,
열하일기,도강록,45,8,今我大同江上平壤,8,,
열하일기,도강록,45,9,卽其一也,4,,
열하일기,도강록,45,10,浿水亦類此,5,,Y
열하일기,도강록,45,11,高勾麗封域時有贏縮,9,贏,Y
열하일기,도강록,45,12,則浿水之名,5,,Y
열하일기,도강록,45,13,亦隨而遷徙,5,,
열하일기,도강록,45,14,如,1,,
열하일기,도강록,45,15,中國南北朝時,6,,
열하일기,도강록,45,16,州郡之號互相僑置,8,,
열하일기,도강록,45,17,然而以今平壤爲平壞者,10,,
열하일기,도강록,45,18,指大同江曰此浿水也,9,,
열하일기,도강록,45,19,指平壤咸鏡兩界,7,,
열하일기,도강록,45,20,間山曰此葢馬大山也,9,,
열하일기,도강록,45,21,以遼陽爲平壤者,7,,
열하일기,도강록,45,22,指蓒芋濼水曰此浿水也,10,,
열하일기,도강록,45,23,指葢平縣山曰此葢馬大山也,12,,
열하일기,도강록,45,24,雖未,2,,
열하일기,도강록,45,25,詳孰是,3,,
열하일기,도강록,45,26,然必以今大同江爲浿水者,11,,
열하일기,도강록,45,27,自小之論耳,5,,
열하일기,도강록,46,1,唐儀鳳二年,5,,
열하일기,도강록,46,2,以高麗王臧,5,,
열하일기,도강록,46,3,高勾麗寶藏王高臧,8,,
열하일기,도강록,46,4,爲遼東州都督,6,,
열하일기,도강록,46,5,封朝鮮王,4,,
열하일기,도강록,46,6,遣歸遼東,4,,
열하일기,도강록,46,7,仍移安東都護府,7,,
열하일기,도강록,46,8,於新城以統之,6,,
열하일기,도강록,46,9,由是觀之,4,,
열하일기,도강록,46,10,高氏境土之在遼東者,9,,
열하일기,도강록,46,11,唐雖得之,4,,
열하일기,도강록,46,12,不能有而復歸之高氏,9,,
열하일기,도강록,46,13,則平壤本在遼東,7,,
열하일기,도강록,46,14,或爲寄名與浿水,7,,
열하일기,도강록,46,15,時有前郤耳,5,,
열하일기,도강록,46,16,漢樂浪郡治在遼東者,9,,
열하일기,도강록,46,17,非今平壤,4,,
열하일기,도강록,46,18,乃遼陽之平壤,6,,
열하일기,도강록,46,19,及勝國時,4,,
열하일기,도강록,46,20,王氏高麗,4,,
열하일기,도강록,46,21,遼東及渤海一境,7,,Y
열하일기,도강록,46,22,盡入契丹,4,契,Y
열하일기,도강록,46,23,則謹畫慈,4,,Y
열하일기,도강록,46,24,鐵兩嶺而守之,6,,
열하일기,도강록,46,25,並棄先春,4,,
열하일기,도강록,46,26,鴨綠而不復顧焉,7,,
열하일기,도강록,46,27,而况以外一步地,7,,
열하일기,도강록,46,28,乎,1,,
열하일기,도강록,46,29,雖內幷三國,5,,
열하일기,도강록,46,30,其境土武力,5,,
열하일기,도강록,46,31,遠不及高氏之强大,8,,
열하일기,도강록,46,32,後世拘泥之士,6,,
열하일기,도강록,46,33,戀慕平壤之舊號,7,,
열하일기,도강록,46,34,徒憑中國之史傳,7,,
열하일기,도강록,46,35,津津隋唐之舊蹟曰,8,,
열하일기,도강록,46,36,此浿水也,4,,
열하일기,도강록,46,37,此平壤也,4,,
열하일기,도강록,46,38,已不勝其逕庭,6,,
열하일기,도강록,46,39,此城之爲安市爲鳳凰,9,,
열하일기,도강록,46,40,惡足辨哉,4,,
열하일기,도강록,47,1,城周不過三里,6,,
열하일기,도강록,47,2,而甎築數十重,6,,
열하일기,도강록,47,3,制度雄侈,4,,
열하일기,도강록,47,4,四隅正方若置斗然,8,,
열하일기,도강록,47,5,今裁半築,4,,
열하일기,도강록,47,6,則其高低雖未可測,8,,
열하일기,도강록,47,7,門上建,3,,
열하일기,도강록,47,8,樓處,2,,
열하일기,도강록,47,9,設雲梯浮空,5,,
열하일기,도강록,47,10,駕起工役,4,,
열하일기,도강록,47,11,雖似浩大,4,,Y
열하일기,도강록,47,12,器械便利,4,利,Y
열하일기,도강록,47,13,運甓輸土,4,,Y
열하일기,도강록,47,14,皆機動輪轉,5,,
열하일기,도강록,47,15,或自上汲引,5,,
열하일기,도강록,47,16,或自推自行,5,,
열하일기,도강록,47,17,不一其法,4,,Y
열하일기,도강록,47,18,皆事半功倍之術,7,倍,Y
열하일기,도강록,47,19,莫非足法,4,,Y
열하일기,도강록,47,20,而非但行忙,5,,
열하일기,도강록,47,21,難以遍觀,4,,
열하일기,도강록,47,22,雖終日熟視,5,,
열하일기,도강록,47,23,非造次可學,5,,
열하일기,도강록,47,24,良可歎也,4,,
열하일기,도강록,48,1,食後,2,,
열하일기,도강록,48,2,與卞季涵鄭進士先行,9,,
열하일기,도강록,48,3,康永泰出門揖送,7,,
열하일기,도강록,48,4,頗有惜別之意,6,,
열하일기,도강록,48,5,且囑歸時當値冬節,8,,
열하일기,도강록,48,6,願賷賜一件時憲,7,,
열하일기,도강록,48,7,余解給一丸淸心,7,,
열하일기,도강록,49,1,過一鋪,3,,
열하일기,도강록,49,2,掛一面金書當字牌,8,,
열하일기,도강록,49,3,旁書惟軍器不當五字,9,,Y
열하일기,도강록,49,4,此典當舖也,5,典當,Y
열하일기,도강록,49,5,有數三美少年,6,,Y
열하일기,도강록,49,6,走出舖中,4,,
열하일기,도강록,49,7,遮馬請,3,,
열하일기,도강록,49,8,少刻納凉,4,,
열하일기,도강록,49,9,遂相與下馬隨入,7,,
열하일기,도강록,49,10,其凡百位置,5,,
열하일기,도강록,49,11,更勝康家,4,,
열하일기,도강록,49,12,庭中有二大盆,6,,
열하일기,도강록,49,13,種三五柄蓮子,6,,
열하일기,도강록,49,14,養得五色鮒魚,6,,
열하일기,도강록,49,15,年,1,,
열하일기,도강록,49,16,少手持掌大紗罾,7,,
열하일기,도강록,49,17,向小瓮邊,4,,
열하일기,도강록,49,18,臽了幾顆紅蟲,6,,
열하일기,도강록,49,19,浮沉盆中,4,,
열하일기,도강록,49,20,蟲細如蟹卵,5,,
열하일기,도강록,49,21,皆蠕蠕,3,,
열하일기,도강록,49,22,少年更以扇敲響那盆郭,10,,
열하일기,도강록,49,23,念念招魚,4,,
열하일기,도강록,49,24,魚皆出水呷沫,6,,
열하일기,도강록,50,1,日方午天,4,,
열하일기,도강록,50,2,火傘下曝,4,,
열하일기,도강록,50,3,悶塞不可久居,6,,
열하일기,도강록,50,4,遂行,2,,
열하일기,도강록,50,5,與鄭進士或先或後,8,,
열하일기,도강록,50,6,余謂鄭曰,4,,
열하일기,도강록,50,7,城制何如,4,,
열하일기,도강록,50,8,鄭曰,2,,
열하일기,도강록,50,9,甓不如,3,,
열하일기,도강록,50,10,石也,2,,
열하일기,도강록,50,11,余曰,2,,
열하일기,도강록,50,12,君不知也,4,,
열하일기,도강록,50,13,我國城制不甎而石,8,,
열하일기,도강록,50,14,非計也,3,,
열하일기,도강록,50,15,夫甎一凾出矩則萬甎同樣,11,,
열하일기,도강록,50,16,更無費力,4,,
열하일기,도강록,50,17,磨琢之功,4,,
열하일기,도강록,50,18,一窰燒成,4,,
열하일기,도강록,50,19,萬甎坐得,4,,
열하일기,도강록,50,20,更無募人運致之勞,8,,
열하일기,도강록,50,21,齊匀方正,4,,Y
열하일기,도강록,50,22,力省功倍,4,倍,Y
열하일기,도강록,50,23,運之輕而築之易,7,,Y
열하일기,도강록,50,24,莫甎若也,4,,
열하일기,도강록,50,25,今夫石劚,4,,
열하일기,도강록,50,26,之於山,3,,
열하일기,도강록,50,27,當用匠幾人,5,,
열하일기,도강록,50,28,輦運之時,4,,
열하일기,도강록,50,29,當用夫幾人,5,,
열하일기,도강록,50,30,旣運之後,4,,
열하일기,도강록,50,31,當用匠幾人,5,,
열하일기,도강록,50,32,以琢治之,4,,
열하일기,도강록,50,33,其琢治之功,5,,
열하일기,도강록,50,34,又當再,3,,
열하일기,도강록,50,35,費幾日,3,,
열하일기,도강록,50,36,築之之時,4,,
열하일기,도강록,50,37,安排一石之功,6,,
열하일기,도강록,50,38,又當再用夫幾人,7,,
열하일기,도강록,50,39,於是削崖而被之,7,,
열하일기,도강록,50,40,是土肉而石衣也,7,,
열하일기,도강록,50,41,外似峻整,4,,
열하일기,도강록,50,42,內,1,,
열하일기,도강록,50,43,實臲卼,3,,
열하일기,도강록,50,44,石旣參差不齊,6,,
열하일기,도강록,50,45,則恒以小石撑其尻跗,9,,
열하일기,도강록,50,46,崖與城之間,5,,
열하일기,도강록,50,47,實以碎礫,4,,
열하일기,도강록,50,48,雜以泥土,4,,
열하일기,도강록,50,49,一經潦雨,4,,
열하일기,도강록,50,50,膓虛腹漲,4,,
열하일기,도강록,50,51,一石踈脫,4,,
열하일기,도강록,50,52,萬石爭潰,4,,
열하일기,도강록,50,53,此易見之勢也,6,,
열하일기,도강록,50,54,且石灰之性,5,,
열하일기,도강록,50,55,能黏於甎,4,,
열하일기,도강록,50,56,而不能貼石,5,,
열하일기,도강록,50,57,余嘗與次修論城制,8,,
열하일기,도강록,50,58,或曰,2,,
열하일기,도강록,50,59,甓之堅剛安能當石,8,,
열하일기,도강록,50,60,次修大聲曰,5,,
열하일기,도강록,50,61,甓之勝於石,5,,
열하일기,도강록,50,62,豈較一甓一石之謂哉,9,,
열하일기,도강록,50,63,此可爲鐵論,5,,
열하일기,도강록,50,64,大約石灰不能,6,,
열하일기,도강록,50,65,貼石,2,,
열하일기,도강록,50,66,則用灰彌多,5,,
열하일기,도강록,50,67,而彌自皸坼,5,,
열하일기,도강록,50,68,背石卷起,4,,
열하일기,도강록,50,69,故石常各自一石,7,,
열하일기,도강록,50,70,而附土爲固而已,7,,
열하일기,도강록,50,71,甎得灰縫如魚膘之合,9,,
열하일기,도강록,50,72,木,1,,
열하일기,도강록,50,73,鵬砂之續金,5,,
열하일기,도강록,50,74,萬甓凝合,4,,
열하일기,도강록,50,75,膠成一城,4,,
열하일기,도강록,50,76,故一甎之堅,5,,
열하일기,도강록,50,77,誠不如石,4,,
열하일기,도강록,50,78,而一石之堅,5,,
열하일기,도강록,50,79,又不及萬甎之膠,7,,
열하일기,도강록,50,80,此其甓,3,,Y
열하일기,도강록,50,81,與石之利害便否,7,利,Y
열하일기,도강록,50,82,所以易辨也,5,,Y
열하일기,도강록,50,83,鄭於馬上傴僂欲墮,8,,
열하일기,도강록,50,84,葢睡已久矣,5,,
열하일기,도강록,50,85,余以扇搠其脅大罵曰,9,,
열하일기,도강록,50,86,長者爲語,4,,
열하일기,도강록,50,87,何睡不聽也,5,,
열하일기,도강록,50,88,鄭笑曰,3,,
열하일기,도강록,50,89,吾已盡聽之,5,,
열하일기,도강록,50,90,甓不如石,4,,
열하일기,도강록,50,91,石不如睡也,5,,
열하일기,도강록,50,92,余忿欲敺之,5,,
열하일기,도강록,50,93,相與大笑,4,,
열하일기,도강록,51,1,至河邊,3,,
열하일기,도강록,51,2,得柳陰納凉,5,,
열하일기,도강록,51,3,五渡河五里之間一臺子,10,,
열하일기,도강록,51,4,所謂頭臺子,5,,
열하일기,도강록,51,5,二臺子,3,,
열하일기,도강록,51,6,三臺子,3,,
열하일기,도강록,51,7,皆烽堡也,4,,
열하일기,도강록,51,8,甎築如城,4,,
열하일기,도강록,51,9,高,1,,
열하일기,도강록,51,10,五六丈,3,,
열하일기,도강록,51,11,正圓如筆筒,5,,
열하일기,도강록,51,12,上施垜堞,4,,
열하일기,도강록,51,13,多毁壞而不修葺何也,9,,
열하일기,도강록,51,14,道傍或有柩,5,,
열하일기,도강록,51,15,累石壓之,4,,
열하일기,도강록,51,16,年久露置,4,,
열하일기,도강록,51,17,木頭朽敗,4,,
열하일기,도강록,51,18,葢待其骨枯,5,,
열하일기,도강록,51,19,擧而焚之云,5,,
열하일기,도강록,51,20,沿道多有墳塋,6,,
열하일기,도강록,51,21,其封高銳,4,,
열하일기,도강록,51,22,亦不被莎,4,,
열하일기,도강록,51,23,多樹白楊,4,,
열하일기,도강록,51,24,排行正直,4,,
열하일기,도강록,51,25,行旅步走者絶少,7,,
열하일기,도강록,51,26,步走者,3,,
열하일기,도강록,51,27,必肩擔鋪盖,5,,
열하일기,도강록,51,28,寢具謂鋪盖,5,,
열하일기,도강록,51,29,無鋪盖者,4,,
열하일기,도강록,51,30,店房不許留接,6,,
열하일기,도강록,51,31,疑其姦宄也,5,,
열하일기,도강록,51,32,掛鏡而行者,5,,
열하일기,도강록,51,33,養目者也,4,,
열하일기,도강록,51,34,乘,1,,
열하일기,도강록,51,35,馬者,2,,
열하일기,도강록,51,36,皆着黑緞靴子,6,,
열하일기,도강록,51,37,步行者,3,,
열하일기,도강록,51,38,皆着靑布靴子,6,,
열하일기,도강록,51,39,其底皆衲布數十重,8,,
열하일기,도강록,51,40,絶不見麻鞋藁屨,7,,
열하일기,도강록,51,41,宿松店,3,,
열하일기,도강록,51,42,一名雪,3,,
열하일기,도강록,51,43,裡店,2,,
열하일기,도강록,51,44,又號薛劉店,5,,
열하일기,도강록,51,45,是日行七十里,6,,
열하일기,도강록,51,46,或曰,2,,
열하일기,도강록,51,47,此舊鎭東堡也,6,,
열하일기,도강록,53,1,舟渡三家河,5,,
열하일기,도강록,53,2,舟如馬槽,4,,
열하일기,도강록,53,3,全木刳成,4,,
열하일기,도강록,53,4,無櫓槳,3,,
열하일기,도강록,53,5,兩岸立丫木,5,,
열하일기,도강록,53,6,橫截大繩,4,,
열하일기,도강록,53,7,緣繩而行,4,,
열하일기,도강록,53,8,則舟自來往,5,,
열하일기,도강록,53,9,馬皆浮渡,4,,
열하일기,도강록,53,10,又舟渡劉家河,6,,
열하일기,도강록,53,11,中火黃河庄,5,,
열하일기,도강록,53,12,午極熱,3,,
열하일기,도강록,53,13,馬渡金家河,5,,
열하일기,도강록,53,14,所謂八渡河也,6,,
열하일기,도강록,53,15,林家臺范家臺大小方身,10,,
열하일기,도강록,53,16,五里十里,4,,
열하일기,도강록,53,17,之間,2,,
열하일기,도강록,53,18,村閭相望,4,,
열하일기,도강록,53,19,桑麻菀然,4,,
열하일기,도강록,53,20,時方早黍黃熟,6,,
열하일기,도강록,53,21,薥黍發穗,4,,
열하일기,도강록,53,22,而皆刈去其葉以飼馬騾,10,,
열하일기,도강록,53,23,亦所以爲黍柄,6,,
열하일기,도강록,53,24,養其全,3,,
열하일기,도강록,53,25,氣也,2,,
열하일기,도강록,53,26,到處有關廟,5,,
열하일기,도강록,53,27,數家相聚,4,,
열하일기,도강록,53,28,必有一座大窰以燒甎,9,,
열하일기,도강록,53,29,范印晒曝,4,,
열하일기,도강록,53,30,新舊燔燒,4,,
열하일기,도강록,53,31,處處山積,4,,
열하일기,도강록,53,32,葢甓爲日用先務,7,,
열하일기,도강록,53,33,也,1,,Y
열하일기,도강록,54,1,少憩典當舖,5,典當,Y
열하일기,도강록,54,2,主人引至中堂,6,,Y
열하일기,도강록,54,3,勸一椀熱茶,5,,
열하일기,도강록,54,4,位置多異玩,5,,
열하일기,도강록,54,5,設架齊梁,4,,
열하일기,도강록,54,6,整置所典之物,6,,
열하일기,도강록,54,7,皆衣服也,4,,
열하일기,도강록,54,8,褓裹付紙,4,,
열하일기,도강록,54,9,籤,1,,
열하일기,도강록,54,10,書物主姓名別號,7,,
열하일기,도강록,54,11,相標居住,4,,Y
열하일기,도강록,54,12,再書某年月日典當某件子,11,典當,Y
열하일기,도강록,54,13,某字號舖親手交付云云,10,,Y
열하일기,도강록,54,14,其利殖之法,5,利 殖,Y
열하일기,도강록,54,15,無,1,,Y
열하일기,도강록,54,16,過什二,3,什,Y
열하일기,도강록,54,17,過期一朔,4,,Y
열하일기,도강록,54,18,許賣,2,賣,Y
열하일기,도강록,54,19,典當題著金字柱聯曰,9,典當,Y
열하일기,도강록,54,20,洪範九疇先言富,7,富,Y
열하일기,도강록,54,21,大學十章半論財,7,財,Y
열하일기,도강록,54,22,以薥黍柄,4,,Y
열하일기,도강록,54,23,巧搆,2,,
열하일기,도강록,54,24,樓閣,2,,
열하일기,도강록,54,25,置艸蟲一枚,5,,
열하일기,도강록,54,26,以聽鳴聲,4,,
열하일기,도강록,54,27,簷端懸彫籠,5,,
열하일기,도강록,54,28,養一異鳥,4,,
열하일기,도강록,54,29,是日行五十里,6,,
열하일기,도강록,54,30,宿通遠堡,4,,
열하일기,도강록,54,31,卽鎭夷堡也,5,,
열하일기,도강록,56,1,留行,2,,
열하일기,도강록,56,2,與鄭進士,4,,
열하일기,도강록,56,3,周主簿,3,,
열하일기,도강록,56,4,卞君,2,,
열하일기,도강록,56,5,來源,2,,
열하일기,도강록,56,6,趙主簿,3,,
열하일기,도강록,56,7,學東,2,,
열하일기,도강록,56,8,上房乾粮判事,6,,
열하일기,도강록,56,9,賭紙牌以遣閒,6,,Y
열하일기,도강록,56,10,且博飮資也,5,資,Y
열하일기,도강록,56,11,諸君,2,,Y
열하일기,도강록,56,12,以余手劣,4,,
열하일기,도강록,56,13,黜之座,3,,
열하일기,도강록,56,14,但囑安坐飮酒,6,,
열하일기,도강록,56,15,諺所謂觀光但喫餠也,9,,
열하일기,도강록,56,16,尤爲忿恨,4,,
열하일기,도강록,56,17,亦復柰何,4,,
열하일기,도강록,56,18,坐觀成敗,4,,
열하일기,도강록,56,19,酒則先酌,4,,
열하일기,도강록,56,20,也,1,,
열하일기,도강록,56,21,非惡事,3,,
열하일기,도강록,57,1,時聞間壁婦人語,7,,
열하일기,도강록,57,2,聲嫩囀嬌愬,5,,
열하일기,도강록,57,3,燕燕鶯鶯,4,,
열하일기,도강록,57,4,意謂主家婆娘,6,,
열하일기,도강록,57,5,必是絶代佳人,6,,
열하일기,도강록,57,6,及爲歷翫堂室,6,,
열하일기,도강록,57,7,一婦人五旬,5,,
열하일기,도강록,57,8,以上年紀,4,,
열하일기,도강록,57,9,當戶據牀而坐,6,,
열하일기,도강록,57,10,貌極悍醜,4,,
열하일기,도강록,57,11,道了叔叔千福,6,,
열하일기,도강록,57,12,余答道托主人洪福,8,,
열하일기,도강록,57,13,余故遲爲,4,,
열하일기,도강록,57,14,玩其服飾制,5,,
열하일기,도강록,57,15,度,1,,
열하일기,도강록,57,16,滿髻揷花,4,,
열하일기,도강록,57,17,金釧寶璫,4,,
열하일기,도강록,57,18,略施朱粉,4,,
열하일기,도강록,57,19,身着一領黑色長衣,8,,Y
열하일기,도강록,57,20,遍鎖銀紐,4,銀,Y
열하일기,도강록,57,21,足下穿一對靴子,7,,Y
열하일기,도강록,57,22,繡得草花蜂蝶,6,,
열하일기,도강록,57,23,葢滿女不纏脚,6,,
열하일기,도강록,57,24,不着弓鞋,4,,
열하일기,도강록,58,1,簾中轉出一個處女,8,,
열하일기,도강록,58,2,年貌似是廿歲以上,8,,
열하일기,도강록,58,3,處女髻髮中分綰上,8,,
열하일기,도강록,58,4,以此爲辨,4,,
열하일기,도강록,58,5,貌亦傑悍,4,,
열하일기,도강록,58,6,而肌肉白淨,5,,
열하일기,도강록,58,7,把鐵,2,,
열하일기,도강록,58,8,鏇子,2,,
열하일기,도강록,58,9,傾綠色瓦盆,5,,
열하일기,도강록,58,10,滿勺了薥黍飯,6,,
열하일기,도강록,58,11,盛得一椀,4,,
열하일기,도강록,58,12,和鏇瀝水,4,,
열하일기,도강록,58,13,坐西壁下交椅,6,,
열하일기,도강록,58,14,以箸吸飯,4,,
열하일기,도강록,58,15,更拿數尺葱根,6,,
열하일기,도강록,58,16,連,1,,
열하일기,도강록,58,17,葉蘸醬,3,,
열하일기,도강록,58,18,一飯一佐,4,,
열하일기,도강록,58,19,項附鷄子大癭瘤,7,,
열하일기,도강록,58,20,噉飯喫茶,4,,
열하일기,도강록,58,21,略無羞容,4,,
열하일기,도강록,58,22,葢歲閱東人,5,,
열하일기,도강록,58,23,尋常親熟故也,6,,
열하일기,도강록,59,1,庭廣數百間,5,,
열하일기,도강록,59,2,久雨泥淖,4,,
열하일기,도강록,59,3,河邊水磨小石如碁子大黃雀卵者,14,,
열하일기,도강록,59,4,本無用之物,5,,
열하일기,도강록,59,5,而揀其形色相類者,8,,
열하일기,도강록,59,6,當門處錯,4,,
열하일기,도강록,59,7,成九苞飛鳳,5,,
열하일기,도강록,59,8,以禦泥淖,4,,
열하일기,도강록,59,9,其無棄物,4,,
열하일기,도강록,59,10,推此可知,4,,
열하일기,도강록,59,11,鷄皆毛羽脫落,6,,
열하일기,도강록,59,12,一如抽鑷,4,,
열하일기,도강록,59,13,往往肉鷄蹁跚,6,,
열하일기,도강록,59,14,醜惡不忍見,5,,
열하일기,도강록,61,1,前溪大漲,4,,
열하일기,도강록,61,2,不可渡,3,,
열하일기,도강록,61,3,遂留行,3,,
열하일기,도강록,61,4,正使命來源及周主簿,9,,
열하일기,도강록,61,5,前往視水,4,,
열하일기,도강록,61,6,余亦隨行,4,,
열하일기,도강록,61,7,不數里,3,,
열하일기,도강록,61,8,巨浸當前,4,,
열하일기,도강록,61,9,不見涯涘,4,,
열하일기,도강록,61,10,使善泅者,4,,
열하일기,도강록,61,11,入水測其淺深,6,,
열하일기,도강록,61,12,不十步而肩已沒矣,8,,
열하일기,도강록,61,13,還報水勢,4,,
열하일기,도강록,61,14,正使愁悶,4,,
열하일기,도강록,61,15,盡招譯官及各房裨將,9,,
열하일기,도강록,61,16,使各陳渡,4,,
열하일기,도강록,61,17,水之策,3,,
열하일기,도강록,61,18,副使書狀,4,,
열하일기,도강록,61,19,亦來會,3,,
열하일기,도강록,61,20,副使曰,3,,
열하일기,도강록,61,21,多貰門扇及車輿,7,,
열하일기,도강록,61,22,作筏以渡何如,6,,
열하일기,도강록,61,23,周主簿曰,4,,
열하일기,도강록,61,24,此計大妙,4,,
열하일기,도강록,61,25,首譯,2,,
열하일기,도강록,61,26,曰,1,,
열하일기,도강록,61,27,門扇車輿,4,,
열하일기,도강록,61,28,難可多得,4,,
열하일기,도강록,61,29,此間造屋,4,,
열하일기,도강록,61,30,現有十餘間材木,7,,
열하일기,도강록,61,31,可以貰用,4,,
열하일기,도강록,61,32,但患葛絞難得,6,,
열하일기,도강록,61,33,諸議紛然,4,,
열하일기,도강록,61,34,余曰,2,,
열하일기,도강록,61,35,安用縛筏,4,,
열하일기,도강록,61,36,我有一兩隻舴艋櫓槳都具,11,,
열하일기,도강록,61,37,但欠一事,4,,
열하일기,도강록,61,38,周問所欠甚事,6,,
열하일기,도강록,61,39,余曰,2,,
열하일기,도강록,61,40,只乏個副手梢公,7,,
열하일기,도강록,61,41,一座,2,,
열하일기,도강록,61,42,哄笑,2,,
열하일기,도강록,62,1,主人麁鹵,4,,
열하일기,도강록,62,2,目不識丁,4,,
열하일기,도강록,62,3,而丌上猶有楊升菴集,9,,
열하일기,도강록,62,4,四聲猿,3,,
열하일기,도강록,62,5,有尺餘正藍瓷甁,7,,
열하일기,도강록,62,6,斜揷趙南星鐵如意,8,,
열하일기,도강록,62,7,臘茶色小,4,,
열하일기,도강록,62,8,香爐,2,,
열하일기,도강록,62,9,雲間胡文明製椅卓屛鄣,10,,
열하일기,도강록,62,10,俱有雅致,4,,
열하일기,도강록,62,11,不似窮邊村野氣,7,,
열하일기,도강록,62,12,余問爾家計粗足否,8,,
열하일기,도강록,62,13,對曰,2,,
열하일기,도강록,62,14,終歲勤苦,4,,
열하일기,도강록,62,15,未免飢寒,4,,
열하일기,도강록,62,16,若非貴國使行時,7,,
열하일기,도강록,62,17,都沒了生涯,5,,
열하일기,도강록,62,18,有男女幾個,5,,
열하일기,도강록,62,19,曰,1,,
열하일기,도강록,62,20,只有一盜,4,,
열하일기,도강록,62,21,尙未招婿,4,,
열하일기,도강록,62,22,余問何謂一,5,,
열하일기,도강록,62,23,盜,1,,
열하일기,도강록,62,24,曰,1,,
열하일기,도강록,62,25,盜不過五女之門,7,,
열하일기,도강록,62,26,豈不是家之蟊賊,7,,
열하일기,도강록,63,1,午後出門,4,,
열하일기,도강록,63,2,閒行散悶,4,,
열하일기,도강록,63,3,薥黍田中,4,,
열하일기,도강록,63,4,急響了一聲鳥銃,7,,
열하일기,도강록,63,5,主人忙出門看,6,,
열하일기,도강록,63,6,那田中跳出一個漢子,9,,
열하일기,도강록,63,7,一手把銃,4,,
열하일기,도강록,63,8,一,1,,
열하일기,도강록,63,9,手曳猪後脚,5,,
열하일기,도강록,63,10,猛視店主,4,,
열하일기,도강록,63,11,怒道何故放這牲口入田中,11,,
열하일기,도강록,63,12,店主面帶惶愧,6,,
열하일기,도강록,63,13,遜謝不已,4,,
열하일기,도강록,63,14,其人血淋淋拖猪而去,9,,
열하일기,도강록,63,15,店主佇立悵然,6,,
열하일기,도강록,63,16,再三惋歎,4,,
열하일기,도강록,63,17,余問那漢所獲誰家牧的,10,,
열하일기,도강록,63,18,店主曰,3,,
열하일기,도강록,63,19,俺家牧的,4,,
열하일기,도강록,63,20,余問雖然,4,,
열하일기,도강록,63,21,這畜逸入他人,6,,
열하일기,도강록,63,22,田中,2,,
열하일기,도강록,63,23,不曾傷害了一柄薥黍,9,,
열하일기,도강록,63,24,柰何枉殺了這個牲口,9,,Y
열하일기,도강록,63,25,爾們應須追徵猪價麽,9,價,Y
열하일기,도강록,63,26,店主曰,3,,Y
열하일기,도강록,63,27,那敢追徵,4,,
열하일기,도강록,63,28,不謹,2,,
열하일기,도강록,63,29,護牢,2,,
열하일기,도강록,63,30,是我之不是處,6,,
열하일기,도강록,63,31,盖康煕甚重稼穡制,8,,Y
열하일기,도강록,63,32,牛馬踐穀者倍徵,7,倍,Y
열하일기,도강록,63,33,故放者杖六十,6,,Y
열하일기,도강록,63,34,羊豕入田中,5,,
열하일기,도강록,63,35,田主登時捕,5,,
열하일기,도강록,63,36,獲,1,,
열하일기,도강록,63,37,放牧者,3,,
열하일기,도강록,63,38,不敢認主,4,,
열하일기,도강록,63,39,但不得遮車道,6,,
열하일기,도강록,63,40,阻泥則引出田間,7,,
열하일기,도강록,63,41,故田主常常治道以護田云,11,,
열하일기,도강록,63,42,村邊有二窰,5,,
열하일기,도강록,63,43,一恰,2,,
열하일기,도강록,63,44,裁燒畢,3,,
열하일기,도강록,63,45,塗泥竈門,4,,
열하일기,도강록,63,46,擔水數十桶,5,,
열하일기,도강록,63,47,連灌窰頂,4,,
열하일기,도강록,63,48,窰頂略坎,4,,
열하일기,도강록,63,49,受水不溢,4,,
열하일기,도강록,63,50,窰身方爛,4,,
열하일기,도강록,63,51,得水卽乾,4,,
열하일기,도강록,63,52,似當注水,4,,
열하일기,도강록,63,53,不焦,2,,
열하일기,도강록,63,54,爲候耳,3,,
열하일기,도강록,63,55,一窰先已燒冷,6,,
열하일기,도강록,63,56,方取甓出窰,5,,
열하일기,도강록,63,57,大約窰制,4,,
열하일기,도강록,63,58,與我東之窰判異,7,,
열하일기,도강록,63,59,先言我窰之誤,6,,
열하일기,도강록,63,60,然後窰制可得,6,,
열하일기,도강록,64,1,我窰直一臥竈,6,,
열하일기,도강록,64,2,非窰也,3,,
열하일기,도강록,64,3,初無造窰之甎,6,,
열하일기,도강록,64,4,故支木而泥築薪,7,,
열하일기,도강록,64,5,以大松燒,4,,
열하일기,도강록,64,6,堅其窰,3,,
열하일기,도강록,64,7,其燒堅之費,5,,
열하일기,도강록,64,8,先已多矣,4,,
열하일기,도강록,64,9,窰長而不能高,6,,
열하일기,도강록,64,10,故火不炎上,5,,
열하일기,도강록,64,11,火不能炎上,5,,
열하일기,도강록,64,12,故火氣無力,5,,
열하일기,도강록,64,13,火氣無力,4,,
열하일기,도강록,64,14,故必爇松取猛,6,,
열하일기,도강록,64,15,爇松取猛,4,,
열하일기,도강록,64,16,故火候不,4,,
열하일기,도강록,64,17,齊,1,,
열하일기,도강록,64,18,火候不齊,4,,
열하일기,도강록,64,19,故瓦之近火者,6,,
열하일기,도강록,64,20,常患苦窳,4,,
열하일기,도강록,64,21,遠火者,3,,
열하일기,도강록,64,22,又恨不熟,4,,
열하일기,도강록,64,23,無論燔瓷燒瓮,6,,
열하일기,도강록,64,24,凡爲陶之家,5,,
열하일기,도강록,64,25,窰皆如此,4,,
열하일기,도강록,64,26,其,1,,
열하일기,도강록,64,27,爇松之法又同,6,,
열하일기,도강록,64,28,松膏烈勝他薪也,7,,
열하일기,도강록,64,29,松一剪則非再孽之樹,9,,
열하일기,도강록,64,30,而一遇陶戶,5,,
열하일기,도강록,64,31,四山童濯,4,,
열하일기,도강록,64,32,百年養之,4,,
열하일기,도강록,64,33,一朝盡之,4,,
열하일기,도강록,64,34,乃復鳥散逐松而去,8,,
열하일기,도강록,64,35,此緣一窰失法,6,,
열하일기,도강록,64,36,而國中之良材日盡,8,,
열하일기,도강록,64,37,陶戶亦日困矣,6,,
열하일기,도강록,65,1,今觀此窰,4,,
열하일기,도강록,65,2,甎築灰封,4,,
열하일기,도강록,65,3,初無燒堅之費,6,,
열하일기,도강록,65,4,任意高大,4,,
열하일기,도강록,65,5,形如覆鍾,4,,
열하일기,도강록,65,6,穴坎頂爲池,5,,
열하일기,도강록,65,7,容水數斛,4,,
열하일기,도강록,65,8,旁穿烟門四,5,,
열하일기,도강록,65,9,五,1,,
열하일기,도강록,65,10,火能炎上也,5,,
열하일기,도강록,65,11,置甎其中,4,,
열하일기,도강록,65,12,相支爲火道,5,,
열하일기,도강록,65,13,大約其妙在積,6,,
열하일기,도강록,65,14,今使我手能爲之至易也,10,,
열하일기,도강록,65,15,然口實難形,5,,
열하일기,도강록,65,16,正使問,3,,
열하일기,도강록,65,17,其積類品字乎,6,,
열하일기,도강록,65,18,余曰,2,,
열하일기,도강록,65,19,似是而非也,5,,
열하일기,도강록,65,20,卞主簿問其積類疊冊匣乎,11,,
열하일기,도강록,65,21,余曰,2,,
열하일기,도강록,65,22,似是而非也,5,,
열하일기,도강록,65,23,甓不平置,4,,
열하일기,도강록,65,24,皆隅立爲十餘行,7,,
열하일기,도강록,65,25,若堗勝力田,5,,
열하일기,도강록,65,26,再於其上,4,,
열하일기,도강록,65,27,斜駕排立,4,,
열하일기,도강록,65,28,次次架積,4,,
열하일기,도강록,65,29,以抵窰頂,4,,
열하일기,도강록,65,30,孔穴自然踈通如麂,8,,
열하일기,도강록,65,31,眼,1,,
열하일기,도강록,65,32,火氣上達,4,,
열하일기,도강록,65,33,相爲咽喉,4,,
열하일기,도강록,65,34,引焰如吸,4,,
열하일기,도강록,65,35,萬喉遞呑,4,,
열하일기,도강록,65,36,火氣常猛,4,,
열하일기,도강록,65,37,雖薥稭黍柄,5,,
열하일기,도강록,65,38,能匀燔齊熟,5,,
열하일기,도강록,65,39,自無攣翻龜坼之,7,,
열하일기,도강록,65,40,患,1,,
열하일기,도강록,65,41,今我東陶戶不先究窰制,10,,
열하일기,도강록,65,42,而自非大松林,6,,
열하일기,도강록,65,43,不得設窰,4,,
열하일기,도강록,65,44,陶非可禁之事,6,,
열하일기,도강록,65,45,而松是有限之物,7,,
열하일기,도강록,65,46,則莫如先改,5,,
열하일기,도강록,65,47,窰制,2,,Y
열하일기,도강록,65,48,以兩利之,4,利,Y
열하일기,도강록,65,49,鰲城,2,,Y
열하일기,도강록,65,50,李公恒福,4,,Y
열하일기,도강록,65,51,老稼齋皆說甓利,7,利,Y
열하일기,도강록,65,52,而不詳窰制,5,,Y
열하일기,도강록,65,53,甚可恨也,4,,
열하일기,도강록,65,54,或云薥稭三百握,7,,
열하일기,도강록,65,55,爲一窰,3,,
열하일기,도강록,65,56,之薪,2,,
열하일기,도강록,65,57,得甎八千,4,,
열하일기,도강록,65,58,薥稭長一丈半,6,,
열하일기,도강록,65,59,拇指大則一握,6,,
열하일기,도강록,65,60,僅四五柄耳,5,,
열하일기,도강록,65,61,然則薥稭爲薪,6,,
열하일기,도강록,65,62,不過千餘柄,5,,
열하일기,도강록,65,63,可得近萬,4,,
열하일기,도강록,65,64,之甎耳,3,,
열하일기,도강록,66,1,日長如年,4,,
열하일기,도강록,66,2,向夕尤暑,4,,
열하일기,도강록,66,3,不堪昏睡,4,,
열하일기,도강록,66,4,聞傍炕方會紙牌,7,,
열하일기,도강록,66,5,叫呶爭鬨,4,,
열하일기,도강록,66,6,余遂躍然投座,6,,
열하일기,도강록,66,7,連勝五次,4,,Y
열하일기,도강록,66,8,得錢百餘,4,錢,Y
열하일기,도강록,66,9,沽,1,,Y
열하일기,도강록,66,10,酒痛飮,3,,
열하일기,도강록,66,11,可雪前恥,4,,
열하일기,도강록,66,12,問今復不服否,6,,
열하일기,도강록,66,13,趙卞曰,3,,
열하일기,도강록,66,14,偶然耳,3,,
열하일기,도강록,66,15,相與大笑,4,,
열하일기,도강록,66,16,卞君及來源,5,,
열하일기,도강록,66,17,不勝忿寃,4,,
열하일기,도강록,66,18,要余更設,4,,
열하일기,도강록,66,19,余辭曰,3,,
열하일기,도강록,66,20,得意之地勿再往,7,,
열하일기,도강록,66,21,知足不殆,4,,
열하일기,도강록,68,1,又留,2,,
열하일기,도강록,68,2,朝起開牕,4,,
열하일기,도강록,68,3,積雨快霽,4,,
열하일기,도강록,68,4,光風時轉,4,,
열하일기,도강록,68,5,日色淸明,4,,
열하일기,도강록,68,6,可占午炎,4,,
열하일기,도강록,68,7,榴花滿地,4,,
열하일기,도강록,68,8,銷作紅泥,4,,
열하일기,도강록,68,9,繡毬浥露,4,,
열하일기,도강록,68,10,玉簪抽雪,4,,
열하일기,도강록,68,11,門前有簫笳鐃鉦之聲,9,,
열하일기,도강록,68,12,急出觀之,4,,
열하일기,도강록,68,13,乃迎親禮也,5,,
열하일기,도강록,68,14,彩畵紗燈六對,6,,
열하일기,도강록,68,15,靑盖一對,4,,
열하일기,도강록,68,16,紅盖一對,4,,
열하일기,도강록,68,17,簫一雙,3,,
열하일기,도강록,68,18,笳一雙,3,,
열하일기,도강록,68,19,觱篥一雙,4,,
열하일기,도강록,68,20,疊鉦一雙,4,,
열하일기,도강록,68,21,中央四人,4,,
열하일기,도강록,68,22,肩擔一座靑屋轎,7,,
열하일기,도강록,68,23,四面傅玻瓈爲牕,7,,
열하일기,도강록,68,24,四角嚲彩絲流蘇,7,,
열하일기,도강록,68,25,轎正腰爲杠,5,,
열하일기,도강록,68,26,以,1,,
열하일기,도강록,68,27,靑絲大繩,4,,
열하일기,도강록,68,28,橫絞杠之前後,6,,
열하일기,도강록,68,29,再以短杠,4,,
열하일기,도강록,68,30,當中貫絞,4,,
열하일기,도강록,68,31,兩頭肩荷,4,,
열하일기,도강록,68,32,四人八蹄,4,,
열하일기,도강록,68,33,一行接武,4,,
열하일기,도강록,68,34,不動不搖,4,,
열하일기,도강록,68,35,懸空而行,4,,
열하일기,도강록,68,36,此法大妙,4,,
열하일기,도강록,68,37,轎後有兩車,5,,
열하일기,도강록,68,38,皆以黑布爲屋,6,,
열하일기,도강록,68,39,駕一驢而行,5,,
열하일기,도강록,68,40,一車共載四個老婆,8,,
열하일기,도강록,68,41,面俱老醜,4,,
열하일기,도강록,68,42,而不廢朱粉,5,,
열하일기,도강록,68,43,顚髮,2,,
열하일기,도강록,68,44,盡禿,2,,
열하일기,도강록,68,45,光赭如匏,4,,
열하일기,도강록,68,46,寸髻北指,4,,
열하일기,도강록,68,47,猶滿揷花朶,5,,
열하일기,도강록,68,48,兩耳垂璫,4,,
열하일기,도강록,68,49,黑衣黃裳,4,,
열하일기,도강록,68,50,一車共載三少婦,7,,
열하일기,도강록,68,51,朱袴或綠袴,5,,
열하일기,도강록,68,52,都不繫,3,,
열하일기,도강록,68,53,裳,1,,
열하일기,도강록,68,54,其中一少女,5,,
열하일기,도강록,68,55,頗有姿色,4,,
열하일기,도강록,68,56,盖老是粧婆乳媼,7,,
열하일기,도강록,68,57,少的是丫鬟也,6,,
열하일기,도강록,69,1,三十餘騎簇擁,6,,
열하일기,도강록,69,2,着一個胖大莽漢,7,,
열하일기,도강록,69,3,口旁頤邊,4,,
열하일기,도강록,69,4,黑髭鬆鬆,4,,
열하일기,도강록,69,5,權着九爪蟒袍,6,,
열하일기,도강록,69,6,白馬金鞍,4,,Y
열하일기,도강록,69,7,穩踏銀鐙,4,銀,Y
열하일기,도강록,69,8,堆着笑臉,4,,Y
열하일기,도강록,69,9,後有三兩車,5,,
열하일기,도강록,69,10,滿載衣,3,,
열하일기,도강록,69,11,余問店主,4,,
열하일기,도강록,69,12,此邨裏可有秀才塾師麽,10,,
열하일기,도강록,69,13,店主曰,3,,
열하일기,도강록,69,14,邨僻少去處,5,,
열하일기,도강록,69,15,那有學究先生,6,,
열하일기,도강록,69,16,去,1,,
열하일기,도강록,69,17,年秋間,3,,
열하일기,도강록,69,18,偶有一個秀才,6,,Y
열하일기,도강록,69,19,從稅官京裡來的,7,稅,Y
열하일기,도강록,69,20,一路上染得暑痢,7,,Y
열하일기,도강록,69,21,落留此間,4,,
열하일기,도강록,69,22,多賴此處人,5,,
열하일기,도강록,69,23,一力調治,4,,
열하일기,도강록,69,24,經冬徂,3,,
열하일기,도강록,69,25,春,1,,
열하일기,도강록,69,26,快得痊可,4,,
열하일기,도강록,69,27,那先生文章出世兼得,9,,
열하일기,도강록,69,28,會寫滿州字情願,7,,
열하일기,도강록,69,29,暫住此間,4,,
열하일기,도강록,69,30,開了一兩年黌堂,7,,
열하일기,도강록,69,31,敎授些此邨小孩,7,,
열하일기,도강록,69,32,們,1,,
열하일기,도강록,69,33,以酬救療大恩,6,,
열하일기,도강록,69,34,現今坐在了關聖廟堂裡,10,,
열하일기,도강록,69,35,余曰,2,,
열하일기,도강록,69,36,可得主人暫勞鄕導,8,,
열하일기,도강록,69,37,店主曰,3,,
열하일기,도강록,69,38,不必仰人指導,6,,
열하일기,도강록,69,39,擧手指之曰,5,,
열하일기,도강록,69,40,這個屋頭出首的大廟堂是也,12,,
열하일기,도강록,69,41,余問這個先生姓甚名誰,10,,
열하일기,도강록,69,42,店主曰,3,,Y
열하일기,도강록,69,43,一邨坊都叫他富先,8,富,Y
열하일기,도강록,69,44,生,1,,Y
열하일기,도강록,69,45,余問富先生多少年紀,9,富,Y
열하일기,도강록,69,46,店主曰,3,,Y
열하일기,도강록,69,47,大公子儞自去問他,8,,
열하일기,도강록,69,48,店主因走入炕裡,7,,
열하일기,도강록,69,49,手拿紅紙數十片拈示,9,,Y
열하일기,도강록,69,50,道此乃那富先生親手墨蹟,11,富,Y
열하일기,도강록,69,51,那紅紙左沿,5,,Y
열하일기,도강록,69,52,細書某位舍親尊台,8,,
열하일기,도강록,69,53,某年月日,4,,
열하일기,도강록,69,54,恭請台駕,4,,
열하일기,도강록,69,55,電莅敝筵,4,,
열하일기,도강록,69,56,店,1,,
열하일기,도강록,69,57,主道俺門兄弟,6,,
열하일기,도강록,69,58,前春招婿時,5,,
열하일기,도강록,69,59,倩他請席,4,,
열하일기,도강록,69,60,刺紙大約,4,,
열하일기,도강록,69,61,僅能成字,4,,
열하일기,도강록,69,62,而數十紙所寫字樣,8,,
열하일기,도강록,69,63,無大無小,4,,
열하일기,도강록,69,64,如珠貫,3,,
열하일기,도강록,69,65,絲,1,,
열하일기,도강록,69,66,如印一板,4,,Y
열하일기,도강록,69,67,意其秀才爲富鄭公苗裔,10,富,Y
열하일기,도강록,70,1,卽喚時大,4,,Y
열하일기,도강록,70,2,同去尋那廟堂裡來,8,,
열하일기,도강록,70,3,寂無人聲,4,,
열하일기,도강록,70,4,周回觀玩,4,,
열하일기,도강록,70,5,右廂裡有小兒讀書聲,9,,
열하일기,도강록,70,6,俄有一兒開戶,6,,
열하일기,도강록,70,7,探頭一張,4,,
열하일기,도강록,70,8,因走出,3,,
열하일기,도강록,70,9,不顧而去,4,,
열하일기,도강록,70,10,余追問童子,5,,
열하일기,도강록,70,11,儞們的師父坐在那裡麽,10,,
열하일기,도강록,70,12,童子道甚麽,5,,
열하일기,도강록,70,13,余曰,2,,Y
열하일기,도강록,70,14,富先生,3,富,Y
열하일기,도강록,70,15,童子畧不,4,,Y
열하일기,도강록,70,16,採聽,2,,
열하일기,도강록,70,17,口裏喃喃,4,,
열하일기,도강록,70,18,拂袖而去,4,,
열하일기,도강록,70,19,余謂時大曰,5,,
열하일기,도강록,70,20,那先生必在這裡,7,,
열하일기,도강록,70,21,遂直向右廂,5,,
열하일기,도강록,70,22,一推開戶,4,,
열하일기,도강록,70,23,有四五副空椅,6,,
열하일기,도강록,70,24,並無人跡,4,,
열하일기,도강록,70,25,余闔戶恰裁轉身,7,,
열하일기,도강록,70,26,那童子引一老者而來,9,,Y
열하일기,도강록,70,27,想是富也,4,富,Y
열하일기,도강록,70,28,適纔閒走比鄰,6,,Y
열하일기,도강록,70,29,那童子忙去報客而回也,10,,
열하일기,도강록,70,30,乍觀面目,4,,
열하일기,도강록,70,31,全乏文雅氣,5,,
열하일기,도강록,70,32,余向前肅揖,5,,
열하일기,도강록,70,33,那老者不意抱余腰脅,9,,
열하일기,도강록,70,34,盡力舂杵,4,,
열하일기,도강록,70,35,又把手顫顫,5,,
열하일기,도강록,70,36,滿堆笑臉,4,,
열하일기,도강록,70,37,余初則,3,,
열하일기,도강록,70,38,大驚,2,,
열하일기,도강록,70,39,次不甚喜,4,,Y
열하일기,도강록,70,40,問尊是富公麽,6,富,Y
열하일기,도강록,70,41,那老者大喜道,6,,Y
열하일기,도강록,70,42,儞老那從識僚賤姓,8,,
열하일기,도강록,70,43,余曰,2,,
열하일기,도강록,70,44,吾久聞先生大名如雷,9,,
열하일기,도강록,70,45,灌耳,2,,Y
열하일기,도강록,70,46,富曰,2,富,Y
열하일기,도강록,70,47,願聞尊姓大名,6,,Y
열하일기,도강록,70,48,余書示之,4,,Y
열하일기,도강록,70,49,富自書其名曰富圖三格,10,富,Y
열하일기,도강록,70,50,號曰松齋,4,,Y
열하일기,도강록,70,51,字曰德齋,4,,
열하일기,도강록,70,52,余問甚,3,,
열하일기,도강록,70,53,麽三格,3,,Y
열하일기,도강록,70,54,富曰,2,富,Y
열하일기,도강록,70,55,是吾姓名也,5,,Y
열하일기,도강록,70,56,余問貴鄕華貫在何地方,10,,Y
열하일기,도강록,70,57,富曰,2,富,Y
열하일기,도강록,70,58,俺滿洲鑲藍旗人,7,,Y
열하일기,도강록,70,59,富問儞老此去,6,富,Y
열하일기,도강록,70,60,當面駕麽,4,,Y
열하일기,도강록,70,61,余曰,2,,
열하일기,도강록,70,62,甚麽話,3,,Y
열하일기,도강록,70,63,富曰,2,富,Y
열하일기,도강록,70,64,萬歲爺要當接見儞們,9,,Y
열하일기,도강록,70,65,余曰,2,,
열하일기,도강록,70,66,皇上萬一接見時,7,,
열하일기,도강록,70,67,吾當保奏儞老得,7,,
열하일기,도강록,70,68,添微祿麽,4,,Y
열하일기,도강록,70,69,富曰,2,富,Y
열하일기,도강록,70,70,倘得如此時,5,,Y
열하일기,도강록,70,71,朴公大德,4,,
열하일기,도강록,70,72,結草難報,4,,
열하일기,도강록,70,73,余曰,2,,
열하일기,도강록,70,74,吾阻水留此已數日,8,,
열하일기,도강록,70,75,眞此永日難消,6,,
열하일기,도강록,70,76,儞,1,,
열하일기,도강록,70,77,老豈有可觀書冊,7,,
열하일기,도강록,70,78,爲借數日否,5,,Y
열하일기,도강록,70,79,富曰,2,富,Y
열하일기,도강록,70,80,無有,2,,Y
열하일기,도강록,70,81,往在京裏時,5,,
열하일기,도강록,70,82,舍親折公,4,,
열하일기,도강록,70,83,新開刻舖,4,,
열하일기,도강록,70,84,起號鳴盛堂,5,,
열하일기,도강록,70,85,其群書,3,,
열하일기,도강록,70,86,目錄,2,,
열하일기,도강록,70,87,適在槖中,4,,
열하일기,도강록,70,88,如欲遣閒時,5,,
열하일기,도강록,70,89,不難奉借,4,,
열하일기,도강록,70,90,但願儞老此刻,6,,
열하일기,도강록,70,91,暫回携得眞眞的丸子,9,,
열하일기,도강록,70,92,淸心元,3,,
열하일기,도강록,70,93,高麗扇子,4,,
열하일기,도강록,70,94,揀,1,,
열하일기,도강록,70,95,得精好的作面幣,7,,
열하일기,도강록,70,96,方見儞老眞誠結識,8,,
열하일기,도강록,70,97,借這書目未晩也,7,,
열하일기,도강록,70,98,余察其容辭志意,7,,
열하일기,도강록,70,99,鄙悖庸陋,4,,
열하일기,도강록,70,100,無足與語,4,,
열하일기,도강록,70,101,不耐,2,,
열하일기,도강록,70,102,久坐,2,,
열하일기,도강록,70,103,卽辭起,3,,Y
열하일기,도강록,70,104,富臨門揖送,5,富,Y
열하일기,도강록,70,105,且言貴邦明紬可得賣買麽,11,買 賣,Y
열하일기,도강록,70,106,余不答而歸,5,,Y
열하일기,도강록,70,107,正使問有何可觀,7,,
열하일기,도강록,70,108,恐中暑,3,,
열하일기,도강록,70,109,余,1,,
열하일기,도강록,70,110,對俄逢一老學究,7,,
열하일기,도강록,70,111,非但滿人,4,,
열하일기,도강록,70,112,鄙陋無足語,5,,
열하일기,도강록,70,113,正使曰,3,,
열하일기,도강록,70,114,彼旣有求,4,,
열하일기,도강록,70,115,何可嗇一丸一箑耶,8,,
열하일기,도강록,70,116,第不妨借看書目,7,,
열하일기,도강록,70,117,遂使時大,4,,
열하일기,도강록,70,118,送淸心元一丸,6,,
열하일기,도강록,70,119,魚頭扇一柄,5,,
열하일기,도강록,70,120,時大卽回,4,,
열하일기,도강록,70,121,持掌大幾葉小冊而來,9,,
열하일기,도강록,70,122,皆空紙,3,,
열하일기,도강록,70,123,所錄書目,4,,
열하일기,도강록,70,124,盡是淸人,4,,
열하일기,도강록,70,125,小品七十餘種,6,,
열하일기,도강록,70,126,此不過數頁所錄,7,,Y
열하일기,도강록,70,127,而要索厚價,5,價,Y
열하일기,도강록,70,128,其無恥甚矣,5,,Y
열하일기,도강록,70,129,然旣爲借來,5,,
열하일기,도강록,70,130,且新眼目,4,,
열하일기,도강록,70,131,遂謄而還之,5,,
열하일기,도강록,70,132,尺牘,2,,
열하일기,도강록,70,133,新語共六冊,5,,
열하일기,도강록,70,134,汪淇澹漪箋焚書共六冊,10,,
열하일기,도강록,70,135,藏書共十八冊,6,,
열하일기,도강록,70,136,續藏書共九冊,6,,
열하일기,도강록,70,137,李贄卓吾著,5,,
열하일기,도강록,70,138,宮閨小名錄,5,,
열하일기,도강록,70,139,長洲,2,,
열하일기,도강록,70,140,雜說,2,,
열하일기,도강록,70,141,西堂雜俎,4,,
열하일기,도강록,70,142,尤侗展成著,5,,
열하일기,도강록,70,143,筠廊偶筆,4,,
열하일기,도강록,70,144,宋犖牧仲著,5,,
열하일기,도강록,70,145,同書字,3,,
열하일기,도강록,70,146,觸閩小記,4,,
열하일기,도강록,70,147,因樹屋書影,5,,
열하일기,도강록,70,148,周亮工元亮著,6,,
열하일기,도강록,70,149,四禮撮要,4,,
열하일기,도강록,70,150,甘京著說林,5,,
열하일기,도강록,70,151,西河詩話,4,,
열하일기,도강록,70,152,毛奇齡著,4,,
열하일기,도강록,70,153,韻白匡林,4,,
열하일기,도강록,70,154,韻學通指,4,,
열하일기,도강록,70,155,潠書,2,,
열하일기,도강록,70,156,毛先舒稚黃著西山紀游,10,,
열하일기,도강록,70,157,周,1,,
열하일기,도강록,70,158,金然著,3,,
열하일기,도강록,70,159,日知錄,3,,
열하일기,도강록,70,160,北平古今記,5,,
열하일기,도강록,70,161,顧炎武著,4,,
열하일기,도강록,70,162,不知姓名錄,5,,
열하일기,도강록,70,163,李淸映碧著,5,,
열하일기,도강록,70,164,蔣說,2,,
열하일기,도강록,70,165,蔣虎臣著,4,,
열하일기,도강록,70,166,影梅菴憶語,5,,
열하일기,도강록,70,167,冒襄,2,,
열하일기,도강록,70,168,辟彊著,3,,
열하일기,도강록,70,169,古今書字辨訛,6,,
열하일기,도강록,70,170,東山談苑,4,,
열하일기,도강록,70,171,秋雪叢談,4,,
열하일기,도강록,70,172,余懷澹心著,5,,
열하일기,도강록,70,173,冬夜箋記,4,,
열하일기,도강록,70,174,王崇簡著,4,,
열하일기,도강록,70,175,皇華記聞,4,,
열하일기,도강록,70,176,池北偶談,4,,
열하일기,도강록,70,177,香祖筆記,4,,
열하일기,도강록,70,178,王士禛貽上著,6,,
열하일기,도강록,70,179,毛角陽秋,4,,
열하일기,도강록,70,180,群書頭屑,4,,
열하일기,도강록,70,181,閨閤語林,4,,
열하일기,도강록,70,182,朱鳥逸史,4,,
열하일기,도강록,70,183,王士祿著,4,,
열하일기,도강록,70,184,笠翁通譜,4,,
열하일기,도강록,70,185,無聲戱小,4,,
열하일기,도강록,70,186,說,1,,Y
열하일기,도강록,70,187,鬼輸錢故事,5,錢,Y
열하일기,도강록,70,188,李漁笠翁著,5,,Y
열하일기,도강록,70,189,天外談,3,,
열하일기,도강록,70,190,石龐著奏對機緣,7,,
열하일기,도강록,70,191,弘覺著十九種,6,,
열하일기,도강록,70,192,柴虎臣著,4,,
열하일기,도강록,70,193,橘譜,2,,
열하일기,도강록,70,194,諸虎男著,4,,
열하일기,도강록,70,195,日,1,,
열하일기,도강록,70,196,下舊聞,3,,
열하일기,도강록,70,197,共二十冊,4,,
열하일기,도강록,70,198,朱彝尊錫鬯著,6,,
열하일기,도강록,70,199,虞初新志,4,,
열하일기,도강록,70,200,張潮山來著,5,,
열하일기,도강록,70,201,寄園寄所寄共八冊,8,,
열하일기,도강록,70,202,趙吉士著,4,,
열하일기,도강록,70,203,說鈴,2,,
열하일기,도강록,70,204,汪涴,2,,
열하일기,도강록,70,205,著,1,,
열하일기,도강록,70,206,說郛,2,,
열하일기,도강록,70,207,吳震芳靑壇著,6,,
열하일기,도강록,70,208,檀几叢書,4,,
열하일기,도강록,70,209,王晫著,3,,
열하일기,도강록,70,210,三魚堂日記,5,,
열하일기,도강록,70,211,陸隴其著,4,,
열하일기,도강록,70,212,亦禪錄,3,,
열하일기,도강록,70,213,幽夢影,3,,
열하일기,도강록,70,214,張潮著,3,,
열하일기,도강록,70,215,粉墨春,3,,
열하일기,도강록,70,216,秋,1,,
열하일기,도강록,70,217,朱彝尊著,4,,
열하일기,도강록,70,218,兩京求舊錄,5,,
열하일기,도강록,70,219,朱茂曙著,4,,
열하일기,도강록,70,220,燕舟客話,4,,
열하일기,도강록,70,221,周在浚著,4,,
열하일기,도강록,70,222,崇禎遺錄,4,,
열하일기,도강록,70,223,王世德著,4,,
열하일기,도강록,70,224,入海記,3,,
열하일기,도강록,70,225,査嗣璉著,4,,
열하일기,도강록,70,226,琉球雜錄,4,,
열하일기,도강록,70,227,汪楫著,3,,
열하일기,도강록,70,228,博物典彙,4,,
열하일기,도강록,70,229,黃道周著,4,,
열하일기,도강록,70,230,觀海記行,4,,
열하일기,도강록,70,231,施閏章著,4,,
열하일기,도강록,70,232,柝津日記,4,,
열하일기,도강록,70,233,周篔著,3,,
열하일기,도강록,70,234,與鄭進士分錄,6,,
열하일기,도강록,70,235,以爲,2,,Y
열하일기,도강록,70,236,書肆攷求之資,6,資,Y
열하일기,도강록,70,237,卽送,2,,Y
열하일기,도강록,70,238,時大還傳且令語之曰,9,,
열하일기,도강록,70,239,此書皆我東所有,7,,
열하일기,도강록,70,240,故吾老爺不覽此書目云爾,11,,
열하일기,도강록,70,241,時大歸言,4,,Y
열하일기,도강록,70,242,富也聽渠所傳,6,富,Y
열하일기,도강록,70,243,頗有憮然之色,6,,Y
열하일기,도강록,70,244,贈渠手巾云,5,,
열하일기,도강록,70,245,手巾長二尺餘,6,,
열하일기,도강록,70,246,新件黑色縐紗也,7,,
열하일기,도강록,72,1,自昨夜達曙大霔,7,,
열하일기,도강록,72,2,留行,2,,
열하일기,도강록,72,3,看楊升菴集,5,,
열하일기,도강록,72,4,或圍碁消閒,5,,
열하일기,도강록,72,5,副使書狀來會上房,8,,
열하일기,도강록,72,6,又招行中廣詢渡水之策,10,,
열하일기,도강록,72,7,良久,2,,
열하일기,도강록,72,8,盡罷去,3,,
열하일기,도강록,72,9,似無善策也,5,,
열하일기,도강록,74,1,阻水留行,4,,
열하일기,도강록,74,2,店主開其內炕烟溝,8,,
열하일기,도강록,74,3,持長柄鍬子扱灰,7,,
열하일기,도강록,74,4,余於是略觀炕制大約,9,,
열하일기,도강록,74,5,先築炕基高尺有咫,8,,
열하일기,도강록,74,6,爲地平,3,,
열하일기,도강록,74,7,然後以碎甎碁置爲支足,10,,
열하일기,도강록,74,8,而舖甎其上而已,7,,
열하일기,도강록,74,9,甎厚本齊,4,,
열하일기,도강록,74,10,故破爲支足,5,,
열하일기,도강록,74,11,而自無孼子足蹩,7,,
열하일기,도강록,74,12,甎體本匀,4,,
열하일기,도강록,74,13,故相比排舖,5,,
열하일기,도강록,74,14,而自無罅隙,5,,
열하일기,도강록,74,15,烟溝高下,4,,
열하일기,도강록,74,16,劣容伸手出納,6,,
열하일기,도강록,74,17,支足者,3,,
열하일기,도강록,74,18,遞相爲火喉,5,,
열하일기,도강록,74,19,火遇喉則必踰若抽引然,10,,
열하일기,도강록,74,20,火,1,,
열하일기,도강록,74,21,焰驅灰闐騈而入,7,,
열하일기,도강록,74,22,衆喉遞呑迭傳,6,,
열하일기,도강록,74,23,無暇逆吐,4,,
열하일기,도강록,74,24,達于烟門,4,,
열하일기,도강록,74,25,烟門一溝深丈餘,7,,
열하일기,도강록,74,26,我東方言犬座也,7,,
열하일기,도강록,74,27,灰常爲,3,,
열하일기,도강록,74,28,火所驅,3,,
열하일기,도강록,74,29,落滿阬中,4,,
열하일기,도강록,74,30,則三歲一開烟炕一帶,9,,
열하일기,도강록,74,31,扱除其灰,4,,
열하일기,도강록,74,32,竈門坎地一丈,6,,
열하일기,도강록,74,33,仰開炊口,4,,
열하일기,도강록,74,34,爇薪倒揷,4,,
열하일기,도강록,75,1,竈傍闕地如大瓮,7,,
열하일기,도강록,75,2,上覆石盖,4,,
열하일기,도강록,75,3,爲平地,3,,
열하일기,도강록,75,4,其中空洞,4,,
열하일기,도강록,75,5,生風,2,,
열하일기,도강록,75,6,所以驅納火頭於烟喉,9,,
열하일기,도강록,75,7,而點烟不漏也,6,,
열하일기,도강록,75,8,又烟門之,4,,
열하일기,도강록,75,9,制,1,,
열하일기,도강록,75,10,闕地如大瓮,5,,
열하일기,도강록,75,11,甎築狀如浮圖,6,,
열하일기,도강록,75,12,高與屋齊,4,,
열하일기,도강록,75,13,烟落瓮中,4,,
열하일기,도강록,75,14,如吸如吮,4,,
열하일기,도강록,75,15,此法尤妙,4,,
열하일기,도강록,75,16,大約烟門有隙,6,,
열하일기,도강록,75,17,則一線之,4,,
열하일기,도강록,75,18,風,1,,
열하일기,도강록,75,19,能滅一竈之火,6,,
열하일기,도강록,75,20,故我東房堗,5,,
열하일기,도강록,75,21,常患吐火,4,,
열하일기,도강록,75,22,不能遍溫者,5,,
열하일기,도강록,75,23,責在烟門,4,,
열하일기,도강록,75,24,或杻籠塗紙,5,,
열하일기,도강록,75,25,或木板爲桶,5,,
열하일기,도강록,75,26,而初竪,3,,
열하일기,도강록,75,27,處土築有隙,5,,
열하일기,도강록,75,28,或紙塗弊落,5,,
열하일기,도강록,75,29,或木桶有闖,5,,
열하일기,도강록,75,30,則不禁漏烟,5,,
열하일기,도강록,75,31,大風一射,4,,
열하일기,도강록,75,32,則烟桶爲虛位矣,7,,Y
열하일기,도강록,76,1,我念吾東家貧,6,貧,Y
열하일기,도강록,76,2,好讀書,3,,Y
열하일기,도강록,76,3,百千兄弟等鼻端,7,,
열하일기,도강록,76,4,六月恒垂晶珠,6,,
열하일기,도강록,76,5,願究此法,4,,
열하일기,도강록,76,6,以免三冬之苦,6,,
열하일기,도강록,76,7,卞季涵曰,4,,
열하일기,도강록,76,8,炕,1,,
열하일기,도강록,76,9,法終是恠異,5,,
열하일기,도강록,76,10,不如我東房法,6,,
열하일기,도강록,76,11,余問所以不如者何等,9,,
열하일기,도강록,76,12,卞君曰,3,,
열하일기,도강록,76,13,何如鋪得四張附油芚,9,,
열하일기,도강록,76,14,色似火齊,4,,
열하일기,도강록,76,15,滑,1,,
열하일기,도강록,76,16,如水骨耶,4,,
열하일기,도강록,76,17,余曰,2,,
열하일기,도강록,76,18,炕不如房則是也,7,,
열하일기,도강록,76,19,其造堗之法,5,,
열하일기,도강록,76,20,但效此而施之於房,8,,
열하일기,도강록,76,21,鋪得油芚,4,,
열하일기,도강록,76,22,有誰禁之,4,,
열하일기,도강록,76,23,東方堗制,4,,
열하일기,도강록,76,24,有六失而無人講解,8,,
열하일기,도강록,76,25,吾試論之,4,,
열하일기,도강록,76,26,君靜聽無譁,5,,
열하일기,도강록,76,27,泥築爲塍,4,,
열하일기,도강록,76,28,架石爲堗,4,,
열하일기,도강록,76,29,石之大小厚薄,6,,
열하일기,도강록,76,30,本自不齊,4,,
열하일기,도강록,76,31,必疊小礫,4,,
열하일기,도강록,76,32,以支四角,4,,
열하일기,도강록,76,33,禁其躄蹩,4,,
열하일기,도강록,76,34,而石焦土乾,5,,
열하일기,도강록,76,35,常患頹落,4,,
열하일기,도강록,76,36,一失也,3,,
열하일기,도강록,76,37,石面凹缺處,5,,
열하일기,도강록,76,38,補以厚土,4,,
열하일기,도강록,76,39,塗泥取平,4,,
열하일기,도강록,76,40,故炊不遍溫,5,,
열하일기,도강록,76,41,二失也,3,,
열하일기,도강록,76,42,火溝高濶,4,,
열하일기,도강록,76,43,焰不相接,4,,
열하일기,도강록,76,44,三失也,3,,
열하일기,도강록,76,45,墻壁踈薄,4,,
열하일기,도강록,76,46,常苦有隙,4,,
열하일기,도강록,76,47,風透火逆,4,,
열하일기,도강록,76,48,漏烟滿室,4,,
열하일기,도강록,76,49,四失也,3,,
열하일기,도강록,76,50,火項之下,4,,
열하일기,도강록,76,51,不爲遞喉,4,,
열하일기,도강록,76,52,火不遠踰,4,,
열하일기,도강록,76,53,盤旋薪頭,4,,
열하일기,도강록,76,54,五失也,3,,
열하일기,도강록,76,55,其乾爆之功,5,,
열하일기,도강록,76,56,必費薪百束,5,,
열하일기,도강록,76,57,一旬之內,4,,
열하일기,도강록,76,58,猝難入處,4,,
열하일기,도강록,76,59,六失也,3,,
열하일기,도강록,76,60,何如,2,,
열하일기,도강록,76,61,與君共鋪數十甎,7,,
열하일기,도강록,76,62,談笑之間,4,,
열하일기,도강록,76,63,已造數間溫堗,6,,
열하일기,도강록,76,64,寢臥乎其上耶,6,,
열하일기,도강록,77,1,夜與諸君略飮數杯,8,,
열하일기,도강록,77,2,更鼓已深,4,,
열하일기,도강록,77,3,扶醉歸臥,4,,
열하일기,도강록,77,4,與正使對炕,5,,
열하일기,도강록,77,5,而中隔布幔,5,,
열하일기,도강록,77,6,正使已熟寢,5,,
열하일기,도강록,77,7,余方含烟矇矓,6,,
열하일기,도강록,77,8,枕邊,2,,
열하일기,도강록,77,9,忽有跫音,4,,
열하일기,도강록,77,10,余驚問汝是誰也,7,,
열하일기,도강록,77,11,答曰,2,,
열하일기,도강록,77,12,擣伊鹵音爾幺,6,,
열하일기,도강록,77,13,語音殊爲不類,6,,
열하일기,도강록,77,14,余再喝,3,,
열하일기,도강록,77,15,汝是誰也,4,,
열하일기,도강록,77,16,高聲對曰,4,,
열하일기,도강록,77,17,小人擣伊鹵音爾幺,8,,
열하일기,도강록,77,18,時大及上房廝隷,7,,
열하일기,도강록,77,19,一齊驚起,4,,
열하일기,도강록,77,20,有批頰之聲,5,,
열하일기,도강록,77,21,推背擁出門外,6,,
열하일기,도강록,77,22,盖甲軍,3,,
열하일기,도강록,77,23,每夜巡檢一,5,,
열하일기,도강록,77,24,行所宿處,4,,
열하일기,도강록,77,25,自使臣以下點數而去,9,,
열하일기,도강록,77,26,每値夜深睡熟,6,,
열하일기,도강록,77,27,故不覺也,4,,
열하일기,도강록,77,28,甲軍之自稱擣伊鹵音,9,,
열하일기,도강록,77,29,殊爲絶倒,4,,
열하일기,도강록,77,30,我國方,3,,
열하일기,도강록,77,31,言,1,,
열하일기,도강록,77,32,稱胡虜戎狄曰擣伊,8,,
열하일기,도강록,77,33,盖島夷之訛也,6,,
열하일기,도강록,77,34,鹵音者,3,,
열하일기,도강록,77,35,卑賤之稱,4,,
열하일기,도강록,77,36,爾幺者,3,,
열하일기,도강록,77,37,告於尊長之語訓也,8,,
열하일기,도강록,77,38,甲軍則多年迎,6,,
열하일기,도강록,77,39,送,1,,
열하일기,도강록,77,40,學語於我人,5,,
열하일기,도강록,77,41,但慣聽擣伊之稱故耳,9,,
열하일기,도강록,77,42,一塲惹鬧,4,,
열하일기,도강록,77,43,以致失睡,4,,
열하일기,도강록,77,44,繼又萬蚤跳踉,6,,
열하일기,도강록,77,45,正使亦失睡,5,,
열하일기,도강록,77,46,明燭達曙,4,,
열하일기,도강록,79,1,溪漲小减,4,,
열하일기,도강록,79,2,故遂發行,4,,
열하일기,도강록,79,3,余入正使轎中同渡,8,,
열하일기,도강록,79,4,下隸三十餘人,6,,
열하일기,도강록,79,5,赤身擡轎,4,,
열하일기,도강록,79,6,至中流湍急處,6,,
열하일기,도강록,79,7,轎忽左傾幾墮,6,,
열하일기,도강록,79,8,危,1,,
열하일기,도강록,79,9,哉危哉,3,,
열하일기,도강록,79,10,與正使兩相抱持,7,,
열하일기,도강록,79,11,僅免墊溺,4,,
열하일기,도강록,79,12,渡在彼岸,4,,
열하일기,도강록,79,13,望見渡水者,5,,
열하일기,도강록,79,14,或騎人項,4,,
열하일기,도강록,79,15,或左右相扶,5,,
열하일기,도강록,79,16,或編木爲扉而乘,7,,
열하일기,도강록,79,17,之,1,,
열하일기,도강록,79,18,使四人肩擡而渡,7,,
열하일기,도강록,79,19,其乘馬浮渡者,6,,
열하일기,도강록,79,20,莫不仰首視天,6,,
열하일기,도강록,79,21,或緊閉雙目,5,,
열하일기,도강록,79,22,或强顔嬉笑,5,,
열하일기,도강록,79,23,廝隷皆解鞍肩荷而渡,9,,
열하일기,도강록,79,24,意其恐濕也,5,,
열하일기,도강록,79,25,旣渡者,3,,
열하일기,도강록,79,26,又肩荷而返,5,,
열하일기,도강록,79,27,恠而問之,4,,
열하일기,도강록,79,28,盖空手入水,5,,
열하일기,도강록,79,29,則身輕易漂,5,,
열하일기,도강록,79,30,故必以重物壓肩也,8,,
열하일기,도강록,80,1,數次往返者,5,,
열하일기,도강록,80,2,莫不戰慄,4,,
열하일기,도강록,80,3,山間水氣甚冷故也,8,,
열하일기,도강록,80,4,中火草河口,5,,
열하일기,도강록,80,5,所謂畓洞,4,,
열하일기,도강록,80,6,以其長時沮洳,6,,
열하일기,도강록,80,7,故我人所名云,6,,
열하일기,도강록,80,8,畓,1,,
열하일기,도강록,80,9,本無字,3,,
열하일기,도강록,80,10,我東吏簿水田二字合書作會意,13,,
열하일기,도강록,80,11,借音沓,3,,
열하일기,도강록,80,12,踰分水嶺,4,,
열하일기,도강록,80,13,高家嶺,3,,
열하일기,도강록,80,14,劉家嶺,3,,
열하일기,도강록,80,15,宿連山關,4,,
열하일기,도강록,80,16,是日行六十里,6,,
열하일기,도강록,81,1,夜小醉微睡,5,,
열하일기,도강록,81,2,身忽在瀋陽城中,7,,
열하일기,도강록,81,3,宮闕城池閭閻市井,8,,
열하일기,도강록,81,4,繁華壯麗,4,,
열하일기,도강록,81,5,余自謂壯觀,5,,
열하일기,도강록,81,6,不意其若此,5,,
열하일기,도강록,81,7,吾當歸詑家,5,,
열하일기,도강록,81,8,中,1,,
열하일기,도강록,81,9,遂翩翩而行,5,,
열하일기,도강록,81,10,萬山千水,4,,
열하일기,도강록,81,11,皆在履底,4,,
열하일기,도강록,81,12,迅若飛鳶,4,,
열하일기,도강록,81,13,頃刻至冶谷舊宅,7,,
열하일기,도강록,81,14,坐內房南牕下,6,,
열하일기,도강록,81,15,家兄問瀋陽如何,7,,
열하일기,도강록,81,16,余恭對所見,5,,
열하일기,도강록,81,17,勝於所聞,4,,
열하일기,도강록,81,18,誇美亹娓,4,,
열하일기,도강록,81,19,望見南牕外,5,,
열하일기,도강록,81,20,隣家槐樹陰,5,,
열하일기,도강록,81,21,陰上有大星一顆,7,,
열하일기,도강록,81,22,炫爛搖光,4,,
열하일기,도강록,81,23,余奉禀伯,4,,
열하일기,도강록,81,24,氏曰,2,,
열하일기,도강록,81,25,識此星乎,4,,
열하일기,도강록,81,26,伯氏曰,3,,
열하일기,도강록,81,27,不識其名,4,,
열하일기,도강록,81,28,余曰,2,,
열하일기,도강록,81,29,此老人星,4,,
열하일기,도강록,81,30,遂起拜,3,,
열하일기,도강록,81,31,伯氏曰,3,,
열하일기,도강록,81,32,吾暫回家中,5,,
열하일기,도강록,81,33,備說瀋陽,4,,
열하일기,도강록,81,34,今復追程耳,5,,
열하일기,도강록,81,35,出戶經堂,4,,
열하일기,도강록,81,36,推開外廊一門,6,,
열하일기,도강록,81,37,回首北望,4,,
열하일기,도강록,81,38,屋頭歷歷認鞍峴諸峯,9,,
열하일기,도강록,81,39,忽自大悟曰,5,,
열하일기,도강록,81,40,迂闊迂闊,4,,
열하일기,도강록,81,41,吾,1,,
열하일기,도강록,81,42,將何以獨自入柵,7,,
열하일기,도강록,81,43,自此至柵門千餘里,8,,
열하일기,도강록,81,44,誰復待我停行乎,7,,
열하일기,도강록,81,45,遂大聲叫喚,5,,
열하일기,도강록,81,46,不勝悔懊,4,,
열하일기,도강록,81,47,開門欲出,4,,
열하일기,도강록,81,48,戶樞甚緊,4,,
열하일기,도강록,81,49,大叫張福,4,,
열하일기,도강록,81,50,而聲不出喉,5,,
열하일기,도강록,81,51,排戶力猛,4,,
열하일기,도강록,81,52,一推而覺,4,,
열하일기,도강록,81,53,正使方呼燕巖,6,,
열하일기,도강록,81,54,余猶恍惚應之,6,,
열하일기,도강록,81,55,問曰,2,,
열하일기,도강록,81,56,此卽何地,4,,
열하일기,도강록,81,57,正使,2,,
열하일기,도강록,81,58,曰,1,,
열하일기,도강록,81,59,俄者夢囈頗久矣,7,,
열하일기,도강록,81,60,遂起坐敲齒彈腦,7,,
열하일기,도강록,81,61,收召魂神,4,,
열하일기,도강록,81,62,頓覺爽豁,4,,
열하일기,도강록,81,63,而一悵一喜,5,,
열하일기,도강록,81,64,久難爲悰,4,,
열하일기,도강록,81,65,遂不能更睡,5,,
열하일기,도강록,81,66,轉輾思想,4,,
열하일기,도강록,81,67,不覺達曙,4,,
열하일기,도강록,81,68,連山關,3,,
열하일기,도강록,81,69,一名鴉鶻關,5,,
열하일기,도강록,83,1,行二里,3,,
열하일기,도강록,83,2,乘馬渡水,4,,
열하일기,도강록,83,3,水雖不廣,4,,
열하일기,도강록,83,4,而悍急尤猛於前日,8,,
열하일기,도강록,83,5,所渡攣膝聚足,6,,
열하일기,도강록,83,6,竦坐鞍上,4,,
열하일기,도강록,83,7,昌大緊擁馬首,6,,
열하일기,도강록,83,8,張福力扶,4,,
열하일기,도강록,83,9,余尻,2,,
열하일기,도강록,83,10,相依爲命以祈,6,,
열하일기,도강록,83,11,須臾其囑馬之聲,7,,
열하일기,도강록,83,12,正是嗚呼,4,,
열하일기,도강록,83,13,囑馬聲,3,,
열하일기,도강록,83,14,本好護,3,,
열하일기,도강록,83,15,而東音與嗚呼相近,8,,
열하일기,도강록,83,16,馬至中流,4,,
열하일기,도강록,83,17,忽,1,,
열하일기,도강록,83,18,側身左傾,4,,
열하일기,도강록,83,19,盖水沒馬腹則四蹄自浮,10,,
열하일기,도강록,83,20,故臥而游渡也,6,,
열하일기,도강록,83,21,余身不意右傾,6,,
열하일기,도강록,83,22,幾乎墜水,4,,
열하일기,도강록,83,23,前行馬尾散浮水面,8,,
열하일기,도강록,83,24,余,1,,
열하일기,도강록,83,25,急持其尾,4,,
열하일기,도강록,83,26,整身一坐,4,,
열하일기,도강록,83,27,以免傾墜,4,,
열하일기,도강록,83,28,余亦不自意蹻捷之如此,10,,
열하일기,도강록,83,29,昌大亦幾爲馬脚所揮,9,,
열하일기,도강록,83,30,危在俄頃,4,,
열하일기,도강록,83,31,馬忽擧頭,4,,
열하일기,도강록,83,32,正立,2,,
열하일기,도강록,83,33,可知其水淺著脚矣,8,,
열하일기,도강록,84,1,踰摩雲嶺,4,,
열하일기,도강록,84,2,中火千水站,5,,
열하일기,도강록,84,3,午後極熱,4,,
열하일기,도강록,84,4,又踰靑石嶺,5,,
열하일기,도강록,84,5,嶺上有一所關廟,7,,
열하일기,도강록,84,6,極其靈驗,4,,
열하일기,도강록,84,7,驛夫馬頭輩爭至供卓前,10,,
열하일기,도강록,84,8,叩頭,2,,Y
열하일기,도강록,84,9,或買供靑蓏,5,買,Y
열하일기,도강록,84,10,譯官亦有焚香抽籤,8,,Y
열하일기,도강록,84,11,占驗平生休咎者,7,,Y
열하일기,도강록,84,12,有道士敲鉢丐錢,7,錢,Y
열하일기,도강록,84,13,獨不剃髮爲椎髻,7,,Y
열하일기,도강록,84,14,如我東,3,,
열하일기,도강록,84,15,優婆僧,3,,
열하일기,도강록,84,16,頭戴藤笠,4,,
열하일기,도강록,84,17,身披一領野繭紗道袍,9,,
열하일기,도강록,84,18,恰似我東儒士所著,8,,
열하일기,도강록,84,19,而但黑色方領少異耳,9,,Y
열하일기,도강록,84,20,又一道士賣蓏及,7,賣,Y
열하일기,도강록,84,21,鷄卵,2,,Y
열하일기,도강록,84,22,蓏味甚甛且多水,7,,
열하일기,도강록,84,23,鷄卵淡醎,4,,
열하일기,도강록,85,1,夜宿狼子山,5,,
열하일기,도강록,85,2,是日踰兩大嶺,6,,
열하일기,도강록,85,3,通行八十里,5,,
열하일기,도강록,85,4,摩雲嶺,3,,
열하일기,도강록,85,5,一名會寧嶺,5,,
열하일기,도강록,85,6,其高峻險絶,5,,
열하일기,도강록,85,7,不减我國北關摩天嶺云,10,,
열하일기,도강록,87,1,與正使同轎渡三流河,9,,
열하일기,도강록,87,2,朝飯於冷井,5,,
열하일기,도강록,87,3,行十餘里,4,,
열하일기,도강록,87,4,轉出一派山脚,6,,
열하일기,도강록,87,5,泰卜忽鞠躬,5,,
열하일기,도강록,87,6,趍過馬首,4,,
열하일기,도강록,87,7,伏地高聲曰,5,,
열하일기,도강록,87,8,白塔現身謁矣,6,,
열하일기,도강록,87,9,泰卜者,3,,
열하일기,도강록,87,10,鄭進士馬頭也,6,,
열하일기,도강록,87,11,山脚猶遮,4,,
열하일기,도강록,87,12,不見白塔,4,,
열하일기,도강록,87,13,趣鞭行不數十步,7,,
열하일기,도강록,87,14,纔脫山脚,4,,
열하일기,도강록,87,15,眼光勒勒,4,,
열하일기,도강록,87,16,忽有一團黑毬,6,,
열하일기,도강록,87,17,七升八落,4,,
열하일기,도강록,87,18,吾今日始知人生本無依附,11,,
열하일기,도강록,87,19,只得頂天踏地而行矣,9,,
열하일기,도강록,87,20,立馬四顧,4,,
열하일기,도강록,87,21,不覺擧手加額,6,,
열하일기,도강록,87,22,曰,1,,
열하일기,도강록,87,23,好哭場,3,,
열하일기,도강록,87,24,可以哭矣,4,,
열하일기,도강록,87,25,鄭進士曰,4,,
열하일기,도강록,87,26,遇此天地間大眼界,8,,
열하일기,도강록,87,27,忽復思哭何也,6,,
열하일기,도강록,87,28,余曰,2,,
열하일기,도강록,87,29,唯唯否否,4,,
열하일기,도강록,87,30,千古英雄,4,,
열하일기,도강록,87,31,善泣,2,,
열하일기,도강록,87,32,美人多淚,4,,
열하일기,도강록,87,33,然不過數行,5,,
열하일기,도강록,87,34,無聲眼水,4,,
열하일기,도강록,87,35,轉落襟前,4,,
열하일기,도강록,87,36,未聞聲滿天地,6,,
열하일기,도강록,87,37,若出金石,4,,
열하일기,도강록,87,38,人但知七情之中,7,,
열하일기,도강록,87,39,惟哀,2,,
열하일기,도강록,87,40,發哭,2,,
열하일기,도강록,87,41,不知七情都可以哭,8,,
열하일기,도강록,87,42,喜極則可以哭矣,7,,
열하일기,도강록,87,43,怒極則可以哭矣,7,,
열하일기,도강록,87,44,樂極則可以哭矣,7,,
열하일기,도강록,87,45,愛極則可以哭矣,7,,
열하일기,도강록,87,46,惡,1,,
열하일기,도강록,87,47,極則可以哭矣,6,,
열하일기,도강록,87,48,欲極則可以哭矣,7,,
열하일기,도강록,87,49,宣暢壹鬱,4,,
열하일기,도강록,87,50,莫疾於聲,4,,
열하일기,도강록,87,51,哭在天地,4,,
열하일기,도강록,87,52,可比雷霆,4,,
열하일기,도강록,88,1,至情所發,4,,
열하일기,도강록,88,2,發能中理,4,,
열하일기,도강록,88,3,與笑何異,4,,
열하일기,도강록,88,4,人生情會,4,,
열하일기,도강록,88,5,未甞經此極至之處,8,,
열하일기,도강록,88,6,而巧排七情,5,,
열하일기,도강록,88,7,配哀以哭,4,,
열하일기,도강록,88,8,由是死喪之際,6,,
열하일기,도강록,88,9,始乃勉强叫喚喉苦等字,10,,
열하일기,도강록,88,10,而眞個七情所感至聲眞音,11,,
열하일기,도강록,88,11,按住忍抑,4,,
열하일기,도강록,88,12,蘊鬱於天地之間,7,,
열하일기,도강록,88,13,而莫之敢宣也,6,,Y
열하일기,도강록,88,14,彼賈,2,賈,Y
열하일기,도강록,88,15,生者,2,,Y
열하일기,도강록,88,16,未得其塲,4,,
열하일기,도강록,88,17,忍住不耐,4,,
열하일기,도강록,88,18,忽向宣室一聲長號,8,,
열하일기,도강록,88,19,安得無致人驚恠哉,8,,
열하일기,도강록,88,20,鄭曰,2,,
열하일기,도강록,88,21,今此哭塲,4,,
열하일기,도강록,88,22,如彼其廣,4,,
열하일기,도강록,88,23,吾,1,,
열하일기,도강록,88,24,亦當從君一慟,6,,
열하일기,도강록,88,25,未知所哭求之七情,8,,
열하일기,도강록,88,26,所感何居,4,,
열하일기,도강록,88,27,余曰,2,,
열하일기,도강록,88,28,問之赤子,4,,
열하일기,도강록,88,29,赤子初生,4,,
열하일기,도강록,88,30,所感何情,4,,
열하일기,도강록,88,31,初見日月,4,,
열하일기,도강록,88,32,次,1,,
열하일기,도강록,88,33,見父母,3,,
열하일기,도강록,88,34,親戚滿前,4,,
열하일기,도강록,88,35,莫不歡悅,4,,
열하일기,도강록,88,36,如此喜樂,4,,
열하일기,도강록,88,37,至老無雙,4,,
열하일기,도강록,88,38,理無哀怒,4,,
열하일기,도강록,88,39,情應樂笑,4,,
열하일기,도강록,88,40,乃反無限啼叫,6,,
열하일기,도강록,88,41,忿恨弸中,4,,
열하일기,도강록,88,42,將,1,,
열하일기,도강록,88,43,謂人生神聖愚凡,7,,
열하일기,도강록,88,44,一例崩殂,4,,
열하일기,도강록,88,45,中間尤咎,4,,
열하일기,도강록,88,46,患憂百端,4,,
열하일기,도강록,88,47,兒悔其生,4,,
열하일기,도강록,88,48,先自哭吊,4,,
열하일기,도강록,88,49,此大非赤子本情,7,,
열하일기,도강록,88,50,兒胞居胎,4,,
열하일기,도강록,88,51,處蒙冥沌塞,5,,
열하일기,도강록,88,52,纏糾逼窄,4,,
열하일기,도강록,88,53,一朝逬出寥廓,6,,
열하일기,도강록,88,54,展手伸脚,4,,
열하일기,도강록,88,55,心意空闊,4,,
열하일기,도강록,88,56,如何不發出眞聲盡情一洩哉,12,,
열하일기,도강록,88,57,故當法嬰,4,,
열하일기,도강록,88,58,兒聲無假做,5,,
열하일기,도강록,88,59,登毗盧絶頂,5,,
열하일기,도강록,88,60,望見東海,4,,
열하일기,도강록,88,61,可作一場,4,,
열하일기,도강록,88,62,行長淵金沙,5,,
열하일기,도강록,88,63,可作一塲,4,,
열하일기,도강록,88,64,今臨遼野,4,,
열하일기,도강록,88,65,自此至山海關一千,8,,
열하일기,도강록,88,66,二百里,3,,
열하일기,도강록,88,67,四面都無一點山,7,,
열하일기,도강록,88,68,乾端坤倪,4,,
열하일기,도강록,88,69,如黏膠線縫,5,,
열하일기,도강록,88,70,古雨今雲,4,,
열하일기,도강록,88,71,只是蒼蒼,4,,
열하일기,도강록,88,72,可作一塲,4,,
열하일기,도강록,89,1,亭午極熱,4,,
열하일기,도강록,89,2,趣馬歷高麗叢阿彌庄,9,,
열하일기,도강록,89,3,分路與趙主簿達東及卞君來源鄭進士李傔鶴齡,20,,
열하일기,도강록,89,4,入舊遼陽,4,,
열하일기,도강록,89,5,其繁華,3,,Y
열하일기,도강록,89,6,富麗十倍鳳城,6,富 倍,Y
열하일기,도강록,89,7,別有遼東記,5,,Y
열하일기,도강록,89,8,出西門見白塔,6,,
열하일기,도강록,89,9,其制造工麗雄偉,7,,
열하일기,도강록,89,10,可適遼野,4,,
열하일기,도강록,89,11,別有白塔記,5,,
열하일기,도강록,89,12,二記見下,4,,
열하일기,도강록,90,1,還遼陽城,4,,
열하일기,도강록,90,2,車馬轟殷,4,,
열하일기,도강록,90,3,聚觀者到處成群,7,,
열하일기,도강록,90,4,酒樓紅欄,4,,
열하일기,도강록,90,5,高臨大道,4,,
열하일기,도강록,90,6,颺出一面,4,,
열하일기,도강록,90,7,金字酒旗,4,,
열하일기,도강록,90,8,書着聞名應駐馬,7,,
열하일기,도강록,90,9,尋香且停車,5,,
열하일기,도강록,90,10,吾可以飮矣,5,,
열하일기,도강록,90,11,環觀者彌衆,5,,
열하일기,도강록,90,12,人肩相磨,4,,
열하일기,도강록,90,13,雅聞此處姦宄極多,8,,
열하일기,도강록,90,14,初行者專心遊覽,7,,
열하일기,도강록,90,15,不善省察,4,,
열하일기,도강록,90,16,必有所失,4,,
열하일기,도강록,90,17,往歲一使行,5,,
열하일기,도강록,90,18,多率無賴爲伴,6,,
열하일기,도강록,90,19,當上下數十人,6,,
열하일기,도강록,90,20,皆初行衣裝鞍具,7,,
열하일기,도강록,90,21,頗爲華侈,4,,
열하일기,도강록,90,22,入遼陽遊覽之際,7,,
열하일기,도강록,90,23,或失鞍甲,4,,
열하일기,도강록,90,24,或失鐙子,4,,
열하일기,도강록,90,25,無不狼貝云,5,,
열하일기,도강록,90,26,張福忽頭冒鞍甲,7,,
열하일기,도강록,90,27,腰佩雙鐙,4,,
열하일기,도강록,90,28,立侍于前,4,,
열하일기,도강록,90,29,全無愧色,4,,
열하일기,도강록,90,30,余笑叱曰,4,,
열하일기,도강록,90,31,何,1,,
열하일기,도강록,90,32,不掩爾雙目,5,,
열하일기,도강록,90,33,見者皆大笑,5,,
열하일기,도강록,91,1,還至太子河,5,,
열하일기,도강록,91,2,河方潦漲,4,,
열하일기,도강록,91,3,無船可渡,4,,
열하일기,도강록,91,4,沿河上下正爾彷徨,8,,
열하일기,도강록,91,5,俄有蘆葦叢中蕩出荳殼漁艇,12,,
열하일기,도강록,91,6,又有一小艇,5,,
열하일기,도강록,91,7,隱,1,,
열하일기,도강록,91,8,於汀洲,3,,
열하일기,도강록,91,9,使張福泰卜輩齊聲喚舟,10,,
열하일기,도강록,91,10,一對漁人兩頭垂竿而坐,10,,
열하일기,도강록,91,11,柳樹陰濃,4,,
열하일기,도강록,91,12,斜陽纈金,4,,
열하일기,도강록,91,13,蜻蜓點水,4,,
열하일기,도강록,91,14,燕子蹴波,4,,
열하일기,도강록,91,15,千呼萬喚,4,,
열하일기,도강록,91,16,終不回頭,4,,
열하일기,도강록,91,17,久立汀沙,4,,
열하일기,도강록,91,18,暖氣薰煑,4,,
열하일기,도강록,91,19,唇焦頭汗,4,,
열하일기,도강록,91,20,膓虛氣餒,4,,
열하일기,도강록,91,21,生平喜遊賞,5,,Y
열하일기,도강록,91,22,今日眞得了其債矣,8,債,Y
열하일기,도강록,92,1,鄭君輩爭相嘲謔曰,8,,Y
열하일기,도강록,92,2,日暮道窮,4,,
열하일기,도강록,92,3,上下飢困,4,,
열하일기,도강록,92,4,哭之外無他策矣,7,,
열하일기,도강록,92,5,先生何爲忍住不哭,8,,
열하일기,도강록,92,6,相與大笑,4,,
열하일기,도강록,92,7,余曰,2,,
열하일기,도강록,92,8,彼漁人不肯救人,7,,
열하일기,도강록,92,9,其人心可知,5,,
열하일기,도강록,92,10,雖陸魯望先生,6,,
열하일기,도강록,92,11,正合一拳打倒,6,,
열하일기,도강록,92,12,泰卜益爲焦躁曰,7,,
열하일기,도강록,92,13,今野日垂地欲墮,7,,
열하일기,도강록,92,14,他處有山,4,,
열하일기,도강록,92,15,已將昏黑矣,5,,
열하일기,도강록,92,16,盖泰卜雖年少,6,,
열하일기,도강록,92,17,已七次燕行,5,,
열하일기,도강록,92,18,凡百慣熟,4,,
열하일기,도강록,92,19,少焉舟子罷釣,6,,
열하일기,도강록,92,20,收艇底魚籃,5,,
열하일기,도강록,92,21,短槳蕩,3,,
열하일기,도강록,92,22,到柳陰邊爭出,6,,
열하일기,도강록,92,23,五六小艇,4,,
열하일기,도강록,92,24,見漁艇蕩來,5,,
열하일기,도강록,92,25,亦爭先來到,5,,Y
열하일기,도강록,92,26,要索高價,4,價,Y
열하일기,도강록,92,27,其待人竭急,5,,Y
열하일기,도강록,92,28,然後始肯來濟,6,,
열하일기,도강록,92,29,其情狀可,4,,
열하일기,도강록,92,30,惡,1,,
열하일기,도강록,92,31,一船只許載三人,7,,
열하일기,도강록,92,32,每人貰一鈔,5,,
열하일기,도강록,92,33,艇皆全木刳成,6,,
열하일기,도강록,92,34,所謂野航,4,,
열하일기,도강록,92,35,恰受兩三人者是也,8,,
열하일기,도강록,92,36,共計一行上下恰是,8,,
열하일기,도강록,92,37,十七馬六疋,5,,
열하일기,도강록,92,38,皆浮河,3,,
열하일기,도강록,92,39,艇頭執鞚,4,,
열하일기,도강록,92,40,順河而下七八里,7,,
열하일기,도강록,92,41,其危有甚於通遠諸渡時也,11,,
열하일기,도강록,92,42,宿新遼陽映水寺,7,,
열하일기,도강록,92,43,是日,2,,
열하일기,도강록,92,44,通行七十里,5,,
열하일기,도강록,92,45,夜極熱,3,,
열하일기,도강록,92,46,睡中單衿自脫,6,,
열하일기,도강록,92,47,微有感氣,4,,
열하일기,도강록,94,1,極熱,2,,
열하일기,도강록,94,2,乘曉凉,3,,
열하일기,도강록,94,3,先發歷張家臺三道巴,9,,
열하일기,도강록,94,4,中火爛泥堡,5,,
열하일기,도강록,94,5,自入遼東以來,6,,
열하일기,도강록,94,6,村閭不絶,4,,
열하일기,도강록,94,7,路廣數百步,5,,
열하일기,도강록,94,8,沿路兩傍,4,,
열하일기,도강록,94,9,皆種垂楊,4,,
열하일기,도강록,94,10,閭閻櫛比處,5,,
열하일기,도강록,94,11,其對門中間,5,,
열하일기,도강록,94,12,潦水不洩,4,,
열하일기,도강록,94,13,往往自成大池,6,,
열하일기,도강록,94,14,家養鵝鴨千百浮泳,8,,
열하일기,도강록,94,15,兩邊村舍,4,,
열하일기,도강록,94,16,盡成臨,3,,
열하일기,도강록,94,17,水樓臺,3,,
열하일기,도강록,94,18,紅欄翠檻,4,,
열하일기,도강록,94,19,映帶左右,4,,
열하일기,도강록,94,20,渺然有江湖之想,7,,
열하일기,도강록,95,1,軍牢三吹後,5,,
열하일기,도강록,95,2,必先數里先行,6,,
열하일기,도강록,95,3,前排軍官亦隨,6,,
열하일기,도강록,95,4,軍牢先詣,4,,
열하일기,도강록,95,5,余自止自由,5,,
열하일기,도강록,95,6,每與卞君,4,,
열하일기,도강록,95,7,乘凉曉發,4,,
열하일기,도강록,95,8,行不十里,4,,
열하일기,도강록,95,9,則且遇前排,5,,
열하일기,도강록,95,10,必並轡談謔,5,,
열하일기,도강록,95,11,每日若此,4,,
열하일기,도강록,95,12,每近村閭,4,,
열하일기,도강록,95,13,輒令軍牢,4,,
열하일기,도강록,95,14,吹起吶叭,4,,
열하일기,도강록,95,15,四個馬頭,4,,
열하일기,도강록,95,16,合唱勸馬聲,5,,
열하일기,도강록,95,17,家家走,3,,
열하일기,도강록,95,18,出婦女,3,,
열하일기,도강록,95,19,闐門觀光,4,,
열하일기,도강록,95,20,無老無少,4,,
열하일기,도강록,95,21,裝束皆同,4,,
열하일기,도강록,95,22,粧花垂璫,4,,
열하일기,도강록,95,23,略施朱粉,4,,
열하일기,도강록,95,24,口皆含烟,4,,
열하일기,도강록,95,25,手持靴底所衲,6,,
열하일기,도강록,95,26,連針帶線,4,,
열하일기,도강록,95,27,騈,1,,
열하일기,도강록,95,28,肩簇立,3,,
열하일기,도강록,95,29,指點嬌笑,4,,
열하일기,도강록,95,30,始見漢女,4,,
열하일기,도강록,95,31,漢女皆纏足着弓鞋,8,,
열하일기,도강록,95,32,姿色不及滿女,6,,
열하일기,도강록,95,33,滿女多花容月態,7,,
열하일기,도강록,95,34,歷萬寶橋烟臺河,7,,
열하일기,도강록,95,35,山腰鋪,3,,
열하일기,도강록,95,36,宿十里河,4,,
열하일기,도강록,95,37,是日通行五十里,7,,
열하일기,도강록,95,38,裨譯輩於馬上,6,,
열하일기,도강록,95,39,各定一妾,4,,
열하일기,도강록,95,40,所見滿漢女,5,,
열하일기,도강록,95,41,若他人先占,5,,
열하일기,도강록,95,42,則不敢疊定,5,,
열하일기,도강록,95,43,相避之法甚嚴,6,,
열하일기,도강록,95,44,謂之口妾,4,,
열하일기,도강록,95,45,往往猜如怒罵談嘲,8,,
열하일기,도강록,95,46,亦一長程消遣訣也,8,,
열하일기,도강록,95,47,明日,2,,
열하일기,도강록,95,48,將入瀋陽,4,,
열하일기,도강록,97,1,遼東舊城,4,,
열하일기,도강록,97,2,在漢襄平遼陽二縣地,9,,
열하일기,도강록,97,3,秦曰遼東,4,,
열하일기,도강록,97,4,後入衛滿朝鮮,6,,
열하일기,도강록,97,5,漢末爲公孫度所據,8,,
열하일기,도강록,97,6,隋唐時,3,,
열하일기,도강록,97,7,屬高勾麗,4,,Y
열하일기,도강록,97,8,契,1,契,Y
열하일기,도강록,97,9,丹稱南京,4,,Y
열하일기,도강록,97,10,金稱東京,4,,
열하일기,도강록,97,11,元置行省,4,,
열하일기,도강록,97,12,皇明置定遼衛,6,,
열하일기,도강록,97,13,今陞爲遼陽州,6,,
열하일기,도강록,97,14,移城距二十里,6,,
열하일기,도강록,97,15,爲新遼陽,4,,
열하일기,도강록,98,1,此廢稱舊遼東,6,,
열하일기,도강록,98,2,城周二十里,5,,
열하일기,도강록,98,3,或謂熊廷弼所築也,8,,
열하일기,도강록,98,4,城古卑狹,4,,
열하일기,도강록,98,5,廷弼聞敵騎入境,7,,
열하일기,도강록,98,6,令夷城,3,,
열하일기,도강록,98,7,淸人恠之,4,,
열하일기,도강록,98,8,不,1,,
열하일기,도강록,98,9,敢逼及,3,,
열하일기,도강록,98,10,諜知改築,4,,
열하일기,도강록,98,11,引兵至城下,5,,
열하일기,도강록,98,12,新城峨峨,4,,
열하일기,도강록,98,13,一夜而成,4,,
열하일기,도강록,98,14,後廷弼去而遼陷,7,,
열하일기,도강록,98,15,淸人忿其城堅難拔毁其城,11,,
열하일기,도강록,98,16,以,1,,
열하일기,도강록,98,17,方興得勝之兵,6,,
열하일기,도강록,98,18,十日而毁,4,,
열하일기,도강록,98,19,猶未盡云,4,,
열하일기,도강록,99,1,皇明天啓元年三月,8,,
열하일기,도강록,99,2,淸人旣得瀋,5,,
열하일기,도강록,99,3,又移兵向遼,5,,
열하일기,도강록,99,4,經略袁應泰方議三路出師,11,,
열하일기,도강록,99,5,以復撫順,4,,
열하일기,도강록,99,6,未行而聞虜陷瀋,7,,
열하일기,도강록,99,7,陽,1,,
열하일기,도강록,99,8,又將向遼,4,,
열하일기,도강록,99,9,遂開太子河,5,,
열하일기,도강록,99,10,注水於壕,4,,
열하일기,도강록,99,11,環兵登埤,4,,
열하일기,도강록,99,12,淸人陷瀋五日,6,,
열하일기,도강록,99,13,至遼陽城下,5,,
열하일기,도강록,99,14,奴兒哈赤者,5,,
열하일기,도강록,99,15,所謂淸太,4,,
열하일기,도강록,99,16,祖也,2,,
열하일기,도강록,99,17,自統左翼兵先至,7,,
열하일기,도강록,99,18,皇明摠兵李懷信等,8,,
열하일기,도강록,99,19,率兵五萬出城五里而營,10,,
열하일기,도강록,99,20,奴兒哈赤,4,,
열하일기,도강록,99,21,以左翼四旗,5,,
열하일기,도강록,99,22,擊其左,3,,
열하일기,도강록,99,23,淸太宗我東所謂汗,8,,
열하일기,도강록,99,24,其名曰洪台時,6,,
열하일기,도강록,99,25,我國丙丁錄,5,,
열하일기,도강록,99,26,雜載紅打時,5,,
열하일기,도강록,99,27,或稱洪他詩,5,,
열하일기,도강록,99,28,以其音似而各載,7,,
열하일기,도강록,99,29,如英阿,3,,
열하일기,도강록,99,30,兒臺曰龍骨大,6,,
열하일기,도강록,99,31,馬伏塔曰馬夫大,7,,
열하일기,도강록,99,32,是也,2,,
열하일기,도강록,99,33,引精銳請戰,5,,
열하일기,도강록,99,34,奴兒哈赤不許,6,,
열하일기,도강록,99,35,洪台時堅意行,6,,
열하일기,도강록,99,36,遂留二紅旗,5,,
열하일기,도강록,99,37,伏城,2,,
열하일기,도강록,99,38,傍覘視,3,,
열하일기,도강록,99,39,奴兒哈赤,4,,
열하일기,도강록,99,40,遣正黃旗,4,,
열하일기,도강록,99,41,鑲黃旗,3,,
열하일기,도강록,99,42,助洪台時,4,,
열하일기,도강록,99,43,衝明營之左,5,,
열하일기,도강록,99,44,四旗兵繼至,5,,
열하일기,도강록,99,45,天兵大亂,4,,
열하일기,도강록,99,46,洪台時乘勝追,6,,
열하일기,도강록,99,47,擊六十里,4,,
열하일기,도강록,99,48,至鞍山,3,,
열하일기,도강록,99,49,方其戰時,4,,
열하일기,도강록,99,50,天兵自遼陽西門出,8,,
열하일기,도강록,99,51,拔淸人所留城傍二紅旗,10,,
열하일기,도강록,99,52,伏起邀擊,4,,
열하일기,도강록,99,53,天兵奔回入城,6,,
열하일기,도강록,99,54,自相蹂踐,4,,
열하일기,도강록,99,55,摠兵賀世賢,5,,
열하일기,도강록,99,56,副將戚金等,5,,
열하일기,도강록,99,57,皆戰死,3,,
열하일기,도강록,100,1,詰朝奴兒哈赤,6,,
열하일기,도강록,100,2,率貝勒左四旗兵,7,,
열하일기,도강록,100,3,掘城西閘口,5,,
열하일기,도강록,100,4,以洩湖水,4,,
열하일기,도강록,100,5,且令右四旗兵,6,,
열하일기,도강록,100,6,塞城東進水口,6,,
열하일기,도강록,100,7,自引右翼,4,,
열하일기,도강록,100,8,布,1,,
열하일기,도강록,100,9,楯車堵列城邊,6,,
열하일기,도강록,100,10,囊土運石以壅水,7,,
열하일기,도강록,100,11,天兵步騎三萬出東門,9,,
열하일기,도강록,100,12,列營相拒,4,,
열하일기,도강록,100,13,淸人方欲奪橋,6,,
열하일기,도강록,100,14,會水口壅遏將涸,7,,
열하일기,도강록,100,15,四旗前隊渡壕,6,,
열하일기,도강록,100,16,大呼掩擊東門外天兵,9,,
열하일기,도강록,100,17,方力戰,3,,
열하일기,도강록,100,18,淸紅甲二百,5,,
열하일기,도강록,100,19,白旗千,3,,
열하일기,도강록,100,20,進擊天兵,4,,
열하일기,도강록,100,21,死者壕塹皆滿,6,,
열하일기,도강록,100,22,奪武靖,3,,
열하일기,도강록,100,23,門橋,2,,
열하일기,도강록,100,24,分擊守壕天兵,6,,
열하일기,도강록,100,25,城上發火器,5,,
열하일기,도강록,100,26,聯綿不絶,4,,
열하일기,도강록,100,27,淸人奮勇衝突,6,,
열하일기,도강록,100,28,樹梯登城,4,,
열하일기,도강록,100,29,遂奪西城一面,6,,
열하일기,도강록,100,30,驅斬民衆,4,,
열하일기,도강록,100,31,城,1,,
열하일기,도강록,100,32,中擾亂,3,,
열하일기,도강록,100,33,是夜城內天兵,6,,
열하일기,도강록,100,34,列炬拒戰,4,,
열하일기,도강록,100,35,牛維曜等,4,,
열하일기,도강록,100,36,縋城亂遁,4,,
열하일기,도강록,101,1,翌朝,2,,
열하일기,도강록,101,2,天兵復列楯大戰,7,,
열하일기,도강록,101,3,淸四旗兵,4,,
열하일기,도강록,101,4,亦登城,3,,
열하일기,도강록,101,5,經略袁應泰,5,,
열하일기,도강록,101,6,登城北鎭遠樓督戰,8,,
열하일기,도강록,101,7,見城破,3,,
열하일기,도강록,101,8,擧火焚樓而死,6,,
열하일기,도강록,101,9,分守道何廷魁,6,,
열하일기,도강록,101,10,率妻子投井死,6,,
열하일기,도강록,101,11,監軍道崔儒秀自經,8,,
열하일기,도강록,101,12,總兵朱萬良,5,,
열하일기,도강록,101,13,副將梁仲善,5,,
열하일기,도강록,101,14,參將王豸房承勳游擊李,10,,
열하일기,도강록,101,15,尙義張繩武,5,,
열하일기,도강록,101,16,都司徐國全王宗盛,8,,
열하일기,도강록,101,17,守備李廷幹等,6,,
열하일기,도강록,101,18,皆戰死,3,,
열하일기,도강록,101,19,生擒御史張銓不屈,8,,
열하일기,도강록,101,20,奴兒哈赤,4,,
열하일기,도강록,101,21,命賜死,3,,
열하일기,도강록,101,22,以遂,2,,
열하일기,도강록,101,23,其志,2,,
열하일기,도강록,101,24,洪台時惜銓欲生之,8,,
열하일기,도강록,101,25,婉諭再三,4,,
열하일기,도강록,101,26,終不可奪,4,,
열하일기,도강록,101,27,不得已縊而葬之,7,,
열하일기,도강록,102,1,皇帝於昨年己亥,7,,
열하일기,도강록,102,2,爲全韻詩,4,,
열하일기,도강록,102,3,詳載陷城始末,6,,
열하일기,도강록,102,4,且曰,2,,
열하일기,도강록,102,5,明臣之不降者,6,,
열하일기,도강록,102,6,我祖宗尙加恩,6,,
열하일기,도강록,102,7,而燕京君臣,5,,
열하일기,도강록,102,8,漠不,2,,
열하일기,도강록,102,9,相關,2,,
열하일기,도강록,102,10,功罪不明,4,,
열하일기,도강록,102,11,欲其不亡得乎,6,,
열하일기,도강록,103,1,按明史,3,,
열하일기,도강록,103,2,廷弼之不救廣寧也,8,,
열하일기,도강록,103,3,三司王紀,4,,
열하일기,도강록,103,4,鄒元標,3,,
열하일기,도강록,103,5,周應秋,3,,
열하일기,도강록,103,6,勘廷弼曰,4,,
열하일기,도강록,103,7,廷弼才識氣魄,6,,
열하일기,도강록,103,8,睥睨一世,4,,
열하일기,도강록,103,9,往歲鎭,3,,
열하일기,도강록,103,10,遼而遼存,4,,
열하일기,도강록,103,11,去遼而遼亡,5,,
열하일기,도강록,103,12,獨其驕愎之性,6,,
열하일기,도강록,103,13,牢不可破,4,,
열하일기,도강록,103,14,今日一,3,,
열하일기,도강록,103,15,明日一揭,4,,
열하일기,도강록,103,16,比之楊鎬,4,,
열하일기,도강록,103,17,更多一逃,4,,
열하일기,도강록,103,18,比之袁,3,,
열하일기,도강록,103,19,應泰,2,,
열하일기,도강록,103,20,反欠一死,4,,
열하일기,도강록,103,21,若誅王化貞而寬廷弼,9,,
열하일기,도강록,103,22,則罪同而罰異也,7,,
열하일기,도강록,104,1,今其土壁周遭,6,,
열하일기,도강록,104,2,而甎痕猶存,5,,
열하일기,도강록,104,3,誦當日三司之勘,7,,
열하일기,도강록,104,4,足可以想見其爲人,8,,
열하일기,도강록,104,5,嗚呼,2,,
열하일기,도강록,104,6,當皇明末運,5,,
열하일기,도강록,104,7,用捨顚倒,4,,
열하일기,도강록,104,8,功罪,2,,
열하일기,도강록,104,9,不明,2,,
열하일기,도강록,104,10,其視熊廷弼,5,,
열하일기,도강록,104,11,袁崇煥之死,5,,
열하일기,도강록,104,12,可謂自毁其長城矣,8,,
열하일기,도강록,104,13,惡可免後代之譏哉,8,,
열하일기,도강록,105,1,引太子河爲壕,6,,
열하일기,도강록,105,2,壕中有數三漁艇,7,,
열하일기,도강록,105,3,城下釣者數十人,7,,
열하일기,도강록,105,4,皆美衣服,4,,
열하일기,도강록,105,5,貌似遊閒公子,6,,
열하일기,도강록,105,6,俱城裏市舖人,6,,
열하일기,도강록,105,7,余巡壕,3,,
열하일기,도강록,105,8,爲觀,2,,
열하일기,도강록,105,9,其設閘蓄洩之制,7,,
열하일기,도강록,105,10,釣者一哄持竿而來,8,,
열하일기,도강록,105,11,向余開語,4,,
열하일기,도강록,105,12,余畫地爲字,5,,
열하일기,도강록,105,13,皆熟視笑而去,6,,
열하일기,도강록,107,1,出關廟行不半里,7,,
열하일기,도강록,107,2,有塔白色,4,,
열하일기,도강록,107,3,八面十三層,5,,
열하일기,도강록,107,4,高七十仞云,5,,
열하일기,도강록,107,5,世傳唐尉遲敬德,7,,
열하일기,도강록,107,6,率師伐高句麗時,7,,
열하일기,도강록,107,7,所築也,3,,
열하일기,도강록,107,8,或,1,,
열하일기,도강록,107,9,云,1,,
열하일기,도강록,107,10,仙人丁令威,5,,
열하일기,도강록,107,11,乘鶴而歸,4,,
열하일기,도강록,107,12,見遼東城郭,5,,
열하일기,도강록,107,13,人民已改,4,,
열하일기,도강록,107,14,悲嗚作歌,4,,
열하일기,도강록,107,15,此其令威所止華表柱,9,,
열하일기,도강록,107,16,非也,2,,
열하일기,도강록,107,17,華表柱,3,,
열하일기,도강록,107,18,在,1,,
열하일기,도강록,107,19,遼陽城外不十里而近,9,,
열하일기,도강록,107,20,亦不高大,4,,
열하일기,도강록,107,21,所稱白塔者,5,,
열하일기,도강록,107,22,我東皁隷順口所名也,9,,
열하일기,도강록,108,1,遼東左挾滄海,6,,
열하일기,도강록,108,2,前臨大野,4,,
열하일기,도강록,108,3,無所障礙,4,,
열하일기,도강록,108,4,千里茫茫,4,,
열하일기,도강록,108,5,而白塔乃得野勢三分之一,11,,
열하일기,도강록,108,6,塔頂置銅鼓三,6,,
열하일기,도강록,108,7,每層檐稜,4,,
열하일기,도강록,108,8,懸鐸大如汲桶,6,,
열하일기,도강록,108,9,風動鐸鳴,4,,
열하일기,도강록,108,10,聲震遼野,4,,
열하일기,도강록,109,1,塔下逢兩人,5,,
열하일기,도강록,109,2,俱滿洲人,4,,Y
열하일기,도강록,109,3,方往寧古塔買藥,7,買,Y
열하일기,도강록,109,4,劃地問答,4,,Y
열하일기,도강록,109,5,一人問古本尙書,7,,
열하일기,도강록,109,6,又問有顔夫子書,7,,
열하일기,도강록,109,7,子夏所著樂,5,,
열하일기,도강록,109,8,經否,2,,
열하일기,도강록,109,9,皆余所刱聞也,6,,
열하일기,도강록,109,10,以無爲答,4,,
열하일기,도강록,109,11,兩人者俱少年,6,,
열하일기,도강록,109,12,初經此地,4,,
열하일기,도강록,109,13,爲觀塔來也,5,,
열하일기,도강록,109,14,行忙未及問其名,7,,
열하일기,도강록,109,15,盖秀才也,4,,
열하일기,도강록,111,1,出舊遼東城,5,,
열하일기,도강록,111,2,門外有石橋,5,,
열하일기,도강록,111,3,橋邊石欄,4,,
열하일기,도강록,111,4,制極精巧,4,,
열하일기,도강록,111,5,康煕五十七年所築也,9,,
열하일기,도강록,111,6,對橋百餘步,5,,
열하일기,도강록,111,7,有牌樓,3,,
열하일기,도강록,111,8,刻雲龍水,4,,
열하일기,도강록,111,9,仙畵,2,,
열하일기,도강록,111,10,皆隱起入牌樓,6,,
열하일기,도강록,111,11,而東有大樓,5,,
열하일기,도강록,111,12,其下爲文而扁之曰樀錦,10,,
열하일기,도강록,111,13,左有鍾樓曰龍吟,7,,
열하일기,도강록,111,14,右有皷樓曰虎嘯,7,,
열하일기,도강록,112,1,廟堂壯麗,4,,
열하일기,도강록,112,2,複殿重閣,4,,
열하일기,도강록,112,3,金碧璀璨,4,,
열하일기,도강록,112,4,正殿安關公像,6,,
열하일기,도강록,112,5,東廡張飛,4,,
열하일기,도강록,112,6,西廡趙雲,4,,
열하일기,도강록,112,7,又設蜀將軍嚴顔,7,,
열하일기,도강록,112,8,不屈之狀,4,,
열하일기,도강록,112,9,庭,1,,
열하일기,도강록,112,10,中列數笏穹碑,6,,
열하일기,도강록,112,11,皆記修刱始末,6,,
열하일기,도강록,112,12,新建一碑,4,,Y
열하일기,도강록,112,13,記山西商人重修事也,9,商,Y
열하일기,도강록,113,1,廟中無賴遊子數千人,9,,Y
열하일기,도강록,113,2,鬧熱如塲屋,5,,
열하일기,도강록,113,3,或習槍捧,4,,
열하일기,도강록,113,4,或試拳脚,4,,
열하일기,도강록,113,5,或像盲騎瞎馬爲戱,8,,
열하일기,도강록,113,6,有坐讀水滸傳者,7,,
열하일기,도강록,113,7,衆人,2,,
열하일기,도강록,113,8,環坐聽之,4,,
열하일기,도강록,113,9,擺頭掀鼻,4,,
열하일기,도강록,113,10,旁若無人,4,,
열하일기,도강록,113,11,看其讀處,4,,
열하일기,도강록,113,12,則火燒瓦官寺,6,,
열하일기,도강록,113,13,而所誦者乃西廂記也,9,,
열하일기,도강록,113,14,目不知字而口角溜,8,,
열하일기,도강록,113,15,滑,1,,
열하일기,도강록,113,16,亦如我東巷肆中口誦林將軍傳,13,,
열하일기,도강록,113,17,讀者乍止,4,,
열하일기,도강록,113,18,則兩人彈琵琶,6,,
열하일기,도강록,113,19,一人響疊鉦,5,,
열하일기,도강록,115,1,塔南有古刹曰廣祐寺,9,,
열하일기,도강록,115,2,滿洲秀才云,5,,
열하일기,도강록,115,3,漢時所刱,4,,
열하일기,도강록,115,4,而唐太宗伐遼時,7,,
열하일기,도강록,115,5,駐蹕首山,4,,
열하일기,도강록,115,6,使鄂公尉遲敬德重修,9,,
열하일기,도강록,116,1,世傳古有一邨夫往廣寧,10,,
열하일기,도강록,116,2,路遇一童子曰,6,,
열하일기,도강록,116,3,負我至廣祐寺,6,,
열하일기,도강록,116,4,寺右十步古樹下,7,,
열하일기,도강록,116,5,有藏金十萬,5,,
열하일기,도강록,116,6,可以相報,4,,
열하일기,도강록,116,7,邨,1,,
열하일기,도강록,116,8,夫負其童子數百里,8,,
열하일기,도강록,116,9,不終朝而至,5,,
열하일기,도강록,116,10,旣至視之,4,,
열하일기,도강록,116,11,乃一座金佛也,6,,
열하일기,도강록,116,12,寺僧異之,4,,
열하일기,도강록,116,13,掘寺右十步,5,,Y
열하일기,도강록,116,14,果得十萬金,5,萬金,Y
열하일기,도강록,116,15,邨夫,2,,Y
열하일기,도강록,116,16,以其金重修此寺,7,,
열하일기,도강록,117,1,及讀寺碑,4,,
열하일기,도강록,117,2,則乃康煕二十七年,8,,
열하일기,도강록,117,3,太皇太后發帑所建也,9,,
열하일기,도강록,117,4,康煕皇帝亦甞臨幸,8,,
열하일기,도강록,117,5,賜居僧織金袈裟,7,,
열하일기,도강록,117,6,今廢無僧,4,,
열하일기,성경잡지,2,1,起丙戌止庚寅,6,,
열하일기,성경잡지,2,2,凡五日,3,,
열하일기,성경잡지,2,3,自十里河至小黑山,8,,
열하일기,성경잡지,2,4,共三百二十七里,7,,
열하일기,성경잡지,3,1,秋七月初十日丙戌,8,,
열하일기,성경잡지,3,2,雨卽晴,3,,
열하일기,성경잡지,3,3,自十里河,4,,
열하일기,성경잡지,3,4,早行至板橋堡五里,8,,
열하일기,성경잡지,3,5,長盛店五里,5,,
열하일기,성경잡지,3,6,沙河堡十里,5,,
열하일기,성경잡지,3,7,暴交蛙子五里,6,,
열하일기,성경잡지,3,8,毡匠舖五里,5,,
열하일기,성경잡지,3,9,火燒橋三里,5,,
열하일기,성경잡지,3,10,白塔堡七里,5,,
열하일기,성경잡지,3,11,共四十里,4,,
열하일기,성경잡지,3,12,中火於白塔堡,6,,
열하일기,성경잡지,3,13,又自白塔堡至一所臺五里,11,,
열하일기,성경잡지,3,14,紅火舖,3,,
열하일기,성경잡지,3,15,五里,2,,
열하일기,성경잡지,3,16,渾河一里,4,,
열하일기,성경잡지,3,17,舟渡渾河,4,,
열하일기,성경잡지,3,18,入瀋陽九里,5,,
열하일기,성경잡지,3,19,共二十里,4,,
열하일기,성경잡지,3,20,是日通行六十里,7,,
열하일기,성경잡지,3,21,宿瀋陽,3,,
열하일기,성경잡지,4,1,是日極熱,4,,
열하일기,성경잡지,4,2,回望遼陽城外,6,,
열하일기,성경잡지,4,3,林樹蒼茫,4,,
열하일기,성경잡지,4,4,萬點曉鴉,4,,
열하일기,성경잡지,4,5,飛散野中,4,,
열하일기,성경잡지,4,6,一帶朝煙,4,,
열하일기,성경잡지,4,7,橫抹天際,4,,
열하일기,성경잡지,4,8,瑞旭初昇,4,,
열하일기,성경잡지,4,9,祥霧霏靄,4,,
열하일기,성경잡지,4,10,四顧漭蕩,4,,
열하일기,성경잡지,4,11,無所罥礙,4,,
열하일기,성경잡지,4,12,噫,1,,
열하일기,성경잡지,4,13,此英雄百戰之地也,8,,
열하일기,성경잡지,4,14,所謂虎步龍驤,6,,
열하일기,성경잡지,4,15,高下在心,4,,
열하일기,성경잡지,4,16,然天下安危,5,,
열하일기,성경잡지,4,17,常係遼野,4,,
열하일기,성경잡지,4,18,遼,1,,
열하일기,성경잡지,4,19,野安則海內風塵不動,9,,
열하일기,성경잡지,4,20,遼野一擾則天下金鼓互鳴,11,,
열하일기,성경잡지,4,21,何也,2,,
열하일기,성경잡지,4,22,誠以平原曠野,6,,
열하일기,성경잡지,4,23,一望千里,4,,
열하일기,성경잡지,4,24,守之則難爲力,6,,
열하일기,성경잡지,4,25,棄,1,,
열하일기,성경잡지,4,26,之則胡虜長驅,6,,
열하일기,성경잡지,4,27,曾無門庭之限,6,,
열하일기,성경잡지,4,28,此所以爲中國必爭之地,10,,
열하일기,성경잡지,4,29,而雖殫天下之力,7,,
열하일기,성경잡지,4,30,守之,2,,
열하일기,성경잡지,4,31,然後天下可安也,7,,
열하일기,성경잡지,4,32,今,1,,
열하일기,성경잡지,4,33,其天下所以百年無事者,10,,
열하일기,성경잡지,4,34,豈爲德敎政術,6,,
열하일기,성경잡지,4,35,遠過前代哉,5,,
열하일기,성경잡지,4,36,瀋陽,2,,
열하일기,성경잡지,4,37,乃其始興之地,6,,
열하일기,성경잡지,4,38,則東接寧古塔,6,,
열하일기,성경잡지,4,39,北控熱河,4,,
열하일기,성경잡지,4,40,南撫朝鮮,4,,
열하일기,성경잡지,4,41,西向而天下不敢動,8,,
열하일기,성경잡지,4,42,所以壯其根本之術,8,,
열하일기,성경잡지,4,43,非歷代所比故也,7,,
열하일기,성경잡지,4,44,入遼以來,4,,
열하일기,성경잡지,4,45,桑麻翳菀,4,,
열하일기,성경잡지,4,46,鷄狗相聞,4,,
열하일기,성경잡지,4,47,百年無事,4,,
열하일기,성경잡지,4,48,不得不爲淸室一攢眉矣,10,,
열하일기,성경잡지,5,1,蒙古車數千乘,6,,
열하일기,성경잡지,5,2,載甎入瀋陽,5,,
열하일기,성경잡지,5,3,每車引三牛,5,,
열하일기,성경잡지,5,4,牛多白色,4,,
열하일기,성경잡지,5,5,間有靑牛,4,,
열하일기,성경잡지,5,6,暑天引重,4,,
열하일기,성경잡지,5,7,牛鼻流血,4,,
열하일기,성경잡지,5,8,蒙古皆鼻高目深,7,,
열하일기,성경잡지,5,9,猙獰鷙悍,4,,
열하일기,성경잡지,5,10,殊不類人,4,,
열하일기,성경잡지,5,11,且其衣帽繿縷,6,,
열하일기,성경잡지,5,12,塵垢滿面,4,,
열하일기,성경잡지,5,13,而猶不脫襪,5,,
열하일기,성경잡지,5,14,見我隷之赤脚行走,8,,
열하일기,성경잡지,5,15,意似恠之,4,,
열하일기,성경잡지,5,16,我國刷驅,4,,
열하일기,성경잡지,5,17,歲見蒙古,4,,
열하일기,성경잡지,5,18,習其性情,4,,
열하일기,성경잡지,5,19,常與之狎行,5,,
열하일기,성경잡지,5,20,以鞭末挑其帽,6,,
열하일기,성경잡지,5,21,棄擲道傍,4,,
열하일기,성경잡지,5,22,或毬踢爲戱,5,,
열하일기,성경잡지,5,23,蒙古笑而不怒,6,,
열하일기,성경잡지,5,24,但張其兩手,5,,
열하일기,성경잡지,5,25,巽語丐還,4,,
열하일기,성경잡지,5,26,刷驅或從後脫帽,7,,
열하일기,성경잡지,5,27,走入田中,4,,
열하일기,성경잡지,5,28,佯爲蒙古所逐,6,,
열하일기,성경잡지,5,29,急轉身抱蒙古腰,7,,
열하일기,성경잡지,5,30,以足打足,4,,
열하일기,성경잡지,5,31,蒙古無不顚翻者,7,,
열하일기,성경잡지,5,32,遂騎其胸,4,,
열하일기,성경잡지,5,33,以塵納口,4,,
열하일기,성경잡지,5,34,群胡停車齊笑,6,,
열하일기,성경잡지,5,35,被翻者亦笑而起,7,,
열하일기,성경잡지,5,36,拭觜着帽,4,,
열하일기,성경잡지,5,37,不復角勝,4,,
열하일기,성경잡지,6,1,行逢一車共載七人,8,,
열하일기,성경잡지,6,2,皆衣紅,3,,
열하일기,성경잡지,6,3,以鐵索籠肩絡背,7,,
열하일기,성경잡지,6,4,交鎖於項,4,,
열하일기,성경잡지,6,5,復以一端鎖手,6,,
열하일기,성경잡지,6,6,一端鎖脚,4,,
열하일기,성경잡지,6,7,錦州衛盜賊,5,,
열하일기,성경잡지,6,8,减死,2,,
열하일기,성경잡지,6,9,戍配黑龍江云,6,,
열하일기,성경잡지,6,10,牙眼危怖,4,,
열하일기,성경잡지,6,11,猶於車上,4,,
열하일기,성경잡지,6,12,自相戱笑,4,,
열하일기,성경잡지,6,13,若無苦色,4,,
열하일기,성경잡지,7,1,馬群數百匹,5,,
열하일기,성경잡지,7,2,掠路而過,4,,
열하일기,성경잡지,7,3,最後一人,4,,
열하일기,성경잡지,7,4,跨一匹善馬,5,,
열하일기,성경잡지,7,5,手持一榦高粱,6,,
열하일기,성경잡지,7,6,殿趕馬群,4,,
열하일기,성경잡지,7,7,不覊不紲,4,,
열하일기,성경잡지,7,8,而只顧行走,5,,
열하일기,성경잡지,8,1,至塔舖,3,,
열하일기,성경잡지,8,2,塔在邨中,4,,
열하일기,성경잡지,8,3,高二十餘丈,5,,
열하일기,성경잡지,8,4,十三級,3,,
열하일기,성경잡지,8,5,八面空中,4,,
열하일기,성경잡지,8,6,每級通四圓門,6,,
열하일기,성경잡지,8,7,騎馬入其中,5,,
열하일기,성경잡지,8,8,仰面而看,4,,
열하일기,성경잡지,8,9,忽生眩暈,4,,
열하일기,성경잡지,8,10,回轡還出,4,,
열하일기,성경잡지,8,11,使行已入站矣,6,,
열하일기,성경잡지,8,12,進至後堂,4,,
열하일기,성경잡지,8,13,主人鬚下,4,,
열하일기,성경잡지,8,14,忽作數聲犬嘷,6,,
열하일기,성경잡지,8,15,余大驚郤立,5,,
열하일기,성경잡지,8,16,主人微笑,4,,
열하일기,성경잡지,8,17,請坐,2,,
열하일기,성경잡지,8,18,主人長,3,,
열하일기,성경잡지,8,19,鬚斑白,3,,
열하일기,성경잡지,8,20,兀自炕上踞短脚床,8,,
열하일기,성경잡지,8,21,炕下對椅坐,5,,
열하일기,성경잡지,8,22,一老嫗頭上揷朶紅白葵花,11,,
열하일기,성경잡지,8,23,衣一領鴉靑桃花繡裙,9,,
열하일기,성경잡지,8,24,老嫗胸前,4,,
열하일기,성경잡지,8,25,又作犬嘷益猛,6,,
열하일기,성경잡지,8,26,主人徐自懷中捧出一箇狵狗,12,,
열하일기,성경잡지,8,27,大如兎子,4,,
열하일기,성경잡지,8,28,毫長一寸,4,,
열하일기,성경잡지,8,29,絲絲雪白,4,,
열하일기,성경잡지,8,30,脊上淡靑色,5,,
열하일기,성경잡지,8,31,眼黃嘴紅,4,,
열하일기,성경잡지,8,32,老嫗又披襟拿出狵兒,9,,
열하일기,성경잡지,8,33,遞與余,3,,
열하일기,성경잡지,8,34,看毛色一樣,5,,
열하일기,성경잡지,8,35,老嫗笑曰,4,,
열하일기,성경잡지,8,36,客官休恠,4,,
열하일기,성경잡지,8,37,吾們翁媼,4,,
열하일기,성경잡지,8,38,兩口兒,3,,
열하일기,성경잡지,8,39,閒住家裏,4,,
열하일기,성경잡지,8,40,眞實,2,,
열하일기,성경잡지,8,41,永日難消,4,,
열하일기,성경잡지,8,42,在家抱弄,4,,
열하일기,성경잡지,8,43,這口雪狗兒,5,,
열하일기,성경잡지,8,44,還惹了外人耻笑,7,,
열하일기,성경잡지,8,45,余問主人家無有兒孫麽,10,,
열하일기,성경잡지,8,46,主人答曰,4,,
열하일기,성경잡지,8,47,抱得三,3,,
열하일기,성경잡지,8,48,男一孫,3,,
열하일기,성경잡지,8,49,長男三十一歲,6,,
열하일기,성경잡지,8,50,做箇盛京將軍,6,,
열하일기,성경잡지,8,51,親隨的章京,5,,
열하일기,성경잡지,8,52,仲男十九歲,5,,
열하일기,성경잡지,8,53,季男十六歲,5,,
열하일기,성경잡지,8,54,幷去學堂裡讀書,7,,
열하일기,성경잡지,8,55,九歲,2,,
열하일기,성경잡지,8,56,孫兒柳樹上捕蟬去了,9,,
열하일기,성경잡지,8,57,盡日面目難見,6,,
열하일기,성경잡지,8,58,少焉主人之小孫,7,,
열하일기,성경잡지,8,59,手提吶叭,4,,Y
열하일기,성경잡지,8,60,氣息喘喘,4,息,Y
열하일기,성경잡지,8,61,走入堂裏,4,,Y
열하일기,성경잡지,8,62,抱老公項,4,,Y
열하일기,성경잡지,8,63,要買吶叭,4,買,Y
열하일기,성경잡지,8,64,老公慈意滿面曰,7,,Y
열하일기,성경잡지,8,65,這箇不中用,5,,
열하일기,성경잡지,8,66,小兒眉眼淸明,6,,
열하일기,성경잡지,8,67,披一領杏子黃紋紗襖子,10,,
열하일기,성경잡지,8,68,弄嬌呈癡,4,,
열하일기,성경잡지,8,69,東跳,2,,
열하일기,성경잡지,8,70,西梁,2,,
열하일기,성경잡지,8,71,老公囑小孫,5,,
열하일기,성경잡지,8,72,向余叩頭,4,,
열하일기,성경잡지,8,73,軍牢張目趕入堂裏,8,,
열하일기,성경잡지,8,74,奪其吶叭,4,,
열하일기,성경잡지,8,75,大聲索閙,4,,
열하일기,성경잡지,8,76,老公起身謝曰,6,,
열하일기,성경잡지,8,77,慚愧,2,,
열하일기,성경잡지,8,78,小孩們,3,,
열하일기,성경잡지,8,79,頑要了,3,,
열하일기,성경잡지,8,80,不曾傷損那物件,7,,
열하일기,성경잡지,8,81,余亦責軍牢索去好矣,9,,
열하일기,성경잡지,8,82,何必若是無聊人,7,,Y
열하일기,성경잡지,8,83,余問這狗子那地所產,9,產,Y
열하일기,성경잡지,8,84,主人,2,,Y
열하일기,성경잡지,8,85,答曰,2,,Y
열하일기,성경잡지,8,86,雲南所產,4,產,Y
열하일기,성경잡지,8,87,蜀中亦有這樣的小狗,9,,Y
열하일기,성경잡지,8,88,此名玉兎兒,5,,
열하일기,성경잡지,8,89,那箇叫做雪獅子,7,,Y
열하일기,성경잡지,8,90,幷是雲南產,5,產,Y
열하일기,성경잡지,8,91,主人叫玉兎兒,6,,Y
열하일기,성경잡지,8,92,叩頭,2,,
열하일기,성경잡지,8,93,狗子起立雙拱前足,8,,
열하일기,성경잡지,8,94,爲拜揖狀,4,,
열하일기,성경잡지,8,95,便據地叩頭,5,,
열하일기,성경잡지,8,96,張福來請飯,5,,
열하일기,성경잡지,8,97,余卽起身,4,,
열하일기,성경잡지,8,98,主人曰,3,,
열하일기,성경잡지,8,99,客官旣然愛玩此,7,,
열하일기,성경잡지,8,100,微物時,3,,Y
열하일기,성경잡지,8,101,情願拜送準貢回還時,9,貢,Y
열하일기,성경잡지,8,102,客官不妨携去,6,,Y
열하일기,성경잡지,8,103,余答曰,3,,
열하일기,성경잡지,8,104,那敢生受,4,,
열하일기,성경잡지,8,105,急轉身出,4,,
열하일기,성경잡지,8,106,使行已初吹,5,,
열하일기,성경잡지,8,107,臨發不,3,,
열하일기,성경잡지,8,108,知吾去向,4,,
열하일기,성경잡지,8,109,張福遍索不得,6,,
열하일기,성경잡지,8,110,飯久已硬,4,,
열하일기,성경잡지,8,111,心忙不下咽,5,,
열하일기,성경잡지,8,112,遂給張福與昌大共食,9,,
열하일기,성경잡지,8,113,自入舖子裏,5,,Y
열하일기,성경잡지,8,114,買喫一椀麵,5,買,Y
열하일기,성경잡지,8,115,一,1,,Y
열하일기,성경잡지,8,116,觶燒酒,3,,
열하일기,성경잡지,8,117,三箇熟鷄卵,5,,
열하일기,성경잡지,8,118,一箇靑瓜,4,,
열하일기,성경잡지,8,119,計還了四十二文,7,,
열하일기,성경잡지,8,120,使行纔過舖門前,7,,
열하일기,성경잡지,8,121,卽與卞君幷轡隨行,8,,
열하일기,성경잡지,8,122,肚裏甚飽,4,,
열하일기,성경잡지,8,123,堪,1,,
열하일기,성경잡지,8,124,行二十里矣,5,,
열하일기,성경잡지,9,1,日已向巳,4,,
열하일기,성경잡지,9,2,天氣暴烘,4,,
열하일기,성경잡지,9,3,而自遼陽沿路,6,,
열하일기,성경잡지,9,4,植柳萬樹,4,,
열하일기,성경잡지,9,5,陰陰不知甚暑,6,,
열하일기,성경잡지,9,6,或柳下水滙處,6,,
열하일기,성경잡지,9,7,往往成坑,4,,
열하일기,성경잡지,9,8,不得已迤出,5,,
열하일기,성경잡지,9,9,路上,2,,
열하일기,성경잡지,9,10,則爀炎下煑,5,,
열하일기,성경잡지,9,11,土氣上蒸,4,,
열하일기,성경잡지,9,12,胸膈頃刻悶塞,6,,
열하일기,성경잡지,9,13,遙望柳陰下,5,,
열하일기,성경잡지,9,14,車馬雲屯,4,,
열하일기,성경잡지,9,15,促鞭行下馬少憩,7,,Y
열하일기,성경잡지,9,16,客商數百人,5,商,Y
열하일기,성경잡지,9,17,卸擔納凉,4,,Y
열하일기,성경잡지,9,18,或踞柳根,4,,
열하일기,성경잡지,9,19,脫衣搖扇,4,,
열하일기,성경잡지,9,20,或啜茶飮酒,5,,
열하일기,성경잡지,9,21,或沐髮剃頭,5,,
열하일기,성경잡지,9,22,或骰牌,3,,
열하일기,성경잡지,9,23,或猜拳,3,,
열하일기,성경잡지,9,24,擔中皆畵瓷,5,,
열하일기,성경잡지,9,25,更有以高粱,5,,
열하일기,성경잡지,9,26,榦去皮,3,,
열하일기,성경잡지,9,27,結成小小樓閣之形,8,,
열하일기,성경잡지,9,28,各置一枚響蟲,6,,
열하일기,성경잡지,9,29,或鳴蟬爲十餘擔,7,,
열하일기,성경잡지,9,30,或盆貯紅蟲綠藻,7,,
열하일기,성경잡지,9,31,紅蟲浮動水面,6,,
열하일기,성경잡지,9,32,微如,2,,
열하일기,성경잡지,9,33,鰕卵,2,,
열하일기,성경잡지,9,34,爲供魚兒食料,6,,
열하일기,성경잡지,9,35,車三十餘乘,5,,
열하일기,성경잡지,9,36,皆滿載石煤,5,,Y
열하일기,성경잡지,9,37,賣酒賣茶,4,賣,Y
열하일기,성경잡지,9,38,賣餠果,3,賣,Y
열하일기,성경잡지,9,39,諸般飮食者,5,,Y
열하일기,성경잡지,9,40,皆聚柳陰下,5,,
열하일기,성경잡지,9,41,列椅而,3,,
열하일기,성경잡지,9,42,坐,1,,
열하일기,성경잡지,9,43,余以六文,4,,
열하일기,성경잡지,9,44,沽楊梅茶半椀解渴,8,,
열하일기,성경잡지,9,45,味甘酸,3,,
열하일기,성경잡지,9,46,類醍醐湯,4,,
열하일기,성경잡지,9,47,一輛太平車,5,,
열하일기,성경잡지,9,48,載二婦人,4,,
열하일기,성경잡지,9,49,駕一驢而行,5,,
열하일기,성경잡지,9,50,驢見水桶,4,,
열하일기,성경잡지,9,51,引車就桶,4,,
열하일기,성경잡지,9,52,婦人一老一少,6,,
열하일기,성경잡지,9,53,褰簾納凉,4,,
열하일기,성경잡지,9,54,皆衣鶯哥綠襖,6,,
열하일기,성경잡지,9,55,朱黃色袴,4,,
열하일기,성경잡지,9,56,以玉簪花石竹石榴花,9,,
열하일기,성경잡지,9,57,爲頭上繁飾,5,,
열하일기,성경잡지,9,58,似,1,,
열하일기,성경잡지,9,59,是漢女,3,,
열하일기,성경잡지,9,60,卞君要飮,4,,
열하일기,성경잡지,9,61,遂各飮一盃,5,,
열하일기,성경잡지,9,62,卽行不數里,5,,
열하일기,성경잡지,9,63,遙見,2,,
열하일기,성경잡지,9,64,數處浮圖,4,,
열하일기,성경잡지,9,65,皓然入望,4,,
열하일기,성경잡지,9,66,計是瀋陽漸近也,7,,
열하일기,성경잡지,9,67,所謂漁人,4,,
열하일기,성경잡지,9,68,爲指江城近,5,,
열하일기,성경잡지,9,69,一塔船頭看漸長,7,,
열하일기,성경잡지,9,70,不知畵者不知詩,7,,
열하일기,성경잡지,9,71,畵家有濃淡法,6,,
열하일기,성경잡지,9,72,有遠近勢,4,,
열하일기,성경잡지,9,73,今看塔形,4,,
열하일기,성경잡지,9,74,益覺古人作詩,6,,
열하일기,성경잡지,9,75,必須畵意,4,,
열하일기,성경잡지,9,76,盖城遠城近,5,,
열하일기,성경잡지,9,77,只看一塔短長,6,,
열하일기,성경잡지,10,1,渾河,2,,Y
열하일기,성경잡지,10,2,一名阿利江,5,利,Y
열하일기,성경잡지,10,3,一名小遼水,5,,Y
열하일기,성경잡지,10,4,源出長白山,5,,
열하일기,성경잡지,10,5,合沙河,3,,
열하일기,성경잡지,10,6,繞出盛京城東南,7,,
열하일기,성경잡지,10,7,與太子河會,5,,
열하일기,성경잡지,10,8,又西流合遼河,6,,
열하일기,성경잡지,10,9,爲三叉河入海,6,,
열하일기,성경잡지,11,1,渡河行數里,5,,
열하일기,성경잡지,11,2,有土城不甚高,6,,
열하일기,성경잡지,11,3,土城外,3,,
열하일기,성경잡지,11,4,有烏牛數百頭,6,,
열하일기,성경잡지,11,5,其色正黑如漆,6,,
열하일기,성경잡지,11,6,大池百頃,4,,
열하일기,성경잡지,11,7,灧紅蓮盛開,5,,
열하일기,성경잡지,11,8,鵝鴨無,3,,
열하일기,성경잡지,11,9,數浮泳,3,,
열하일기,성경잡지,11,10,池邊白羊千餘頭,7,,
열하일기,성경잡지,11,11,方飮水,3,,
열하일기,성경잡지,11,12,見人皆矯首立,6,,
열하일기,성경잡지,11,13,入外郭門,4,,
열하일기,성경잡지,11,14,郭內民物之繁華,7,,
열하일기,성경잡지,11,15,市肆之侈盛,5,,Y
열하일기,성경잡지,11,16,十倍遼陽,4,倍,Y
열하일기,성경잡지,11,17,矣,1,,Y
열하일기,성경잡지,11,18,入關廟少憩,5,,
열하일기,성경잡지,11,19,三使具冠服,5,,
열하일기,성경잡지,11,20,有一老者,4,,
열하일기,성경잡지,11,21,披秀花紬單衫,6,,
열하일기,성경잡지,11,22,光頭垂辮,4,,
열하일기,성경잡지,11,23,就余長揖曰,5,,
열하일기,성경잡지,11,24,辛苦,2,,
열하일기,성경잡지,11,25,余答揖,3,,
열하일기,성경잡지,11,26,老者,2,,
열하일기,성경잡지,11,27,熟視余所着泥鞋,7,,
열하일기,성경잡지,11,28,意似詳觀制作,6,,
열하일기,성경잡지,11,29,余卽脫示一隻,6,,
열하일기,성경잡지,11,30,廟中走出一箇道士,8,,
열하일기,성경잡지,11,31,身披一領野繭紗道袍,9,,
열하일기,성경잡지,11,32,項戴藤笠,4,,Y
열하일기,성경잡지,11,33,足穿貢緞黑靴,6,貢,Y
열하일기,성경잡지,11,34,脫笠自撫其髻曰,7,,Y
열하일기,성경잡지,11,35,與相公一樣,5,,
열하일기,성경잡지,11,36,老者自脫其履,6,,
열하일기,성경잡지,11,37,換着我鞋,4,,
열하일기,성경잡지,11,38,問此鞋子甚皮造成,8,,
열하일기,성경잡지,11,39,余,1,,
열하일기,성경잡지,11,40,曰,1,,
열하일기,성경잡지,11,41,驢兒皮,3,,
열하일기,성경잡지,11,42,問履底甚皮,5,,
열하일기,성경잡지,11,43,余答曰,3,,
열하일기,성경잡지,11,44,牛皮,2,,
열하일기,성경잡지,11,45,加油能踏泥不濕,7,,
열하일기,성경잡지,11,46,老者及道士,5,,
열하일기,성경잡지,11,47,齊聲稱佳,4,,
열하일기,성경잡지,11,48,又問這履子,5,,
열하일기,성경잡지,11,49,衝泥雖便,4,,
열하일기,성경잡지,11,50,還恐旱道足繭,6,,
열하일기,성경잡지,11,51,余答曰,3,,
열하일기,성경잡지,11,52,儘然,2,,
열하일기,성경잡지,11,53,老者引余入廟堂裏,8,,
열하일기,성경잡지,11,54,道士手注兩椀茶各勸,9,,
열하일기,성경잡지,11,55,老者書示姓名,6,,
열하일기,성경잡지,11,56,福寧滿洲人見任盛京兵部郞中,13,,
열하일기,성경잡지,11,57,年六十三,4,,
열하일기,성경잡지,11,58,避暑城外,4,,
열하일기,성경잡지,11,59,大池荷花盛開,6,,
열하일기,성경잡지,11,60,閒走一遭,4,,
열하일기,성경잡지,11,61,方纔回來,4,,
열하일기,성경잡지,11,62,因問相公,4,,
열하일기,성경잡지,11,63,官居幾品,4,,
열하일기,성경잡지,11,64,年紀多少,4,,
열하일기,성경잡지,11,65,余答姓名,4,,
열하일기,성경잡지,11,66,身是秀才,4,,
열하일기,성경잡지,11,67,爲觀光上國來,6,,
열하일기,성경잡지,11,68,賤降丁巳,4,,
열하일기,성경잡지,11,69,問日月生時,5,,
열하일기,성경잡지,11,70,余答二月初,5,,
열하일기,성경잡지,11,71,五日丑時,4,,
열하일기,성경잡지,11,72,問蝦,2,,
열하일기,성경잡지,11,73,答不是蝦,4,,
열하일기,성경잡지,11,74,福寧問這位上首坐的,9,,
열하일기,성경잡지,11,75,前年來京,4,,
열하일기,성경잡지,11,76,俺自京師還時,6,,
열하일기,성경잡지,11,77,到玉田,3,,
열하일기,성경잡지,11,78,數日同站,4,,
열하일기,성경잡지,11,79,這是翰林出身麽,7,,
열하일기,성경잡지,11,80,余答不是翰林,6,,
열하일기,성경잡지,11,81,駙馬都尉,4,,
열하일기,성경잡지,11,82,與俺爲三從兄弟,7,,
열하일기,성경잡지,11,83,問副使書狀,5,,
열하일기,성경잡지,11,84,各以姓名官品爲對,8,,
열하일기,성경잡지,11,85,使,1,,
열하일기,성경잡지,11,86,行改服臨發,5,,
열하일기,성경잡지,11,87,余辭起,3,,
열하일기,성경잡지,11,88,福寧前執手曰,6,,
열하일기,성경잡지,11,89,行李保重,4,,
열하일기,성경잡지,11,90,時方秋暑益熾,6,,
열하일기,성경잡지,11,91,切戒生蓏冷飮,6,,
열하일기,성경잡지,11,92,俺家住西門內騾馬塲,9,,
열하일기,성경잡지,11,93,南邊,2,,
열하일기,성경잡지,11,94,門首題着兵部郞中,8,,
열하일기,성경잡지,11,95,又有金字題癸酉文科,9,,
열하일기,성경잡지,11,96,尋訪容,3,,
열하일기,성경잡지,11,97,公子回期,4,,
열하일기,성경잡지,11,98,可在何時,4,,
열하일기,성경잡지,11,99,余曰,2,,
열하일기,성경잡지,11,100,似於九月中,5,,
열하일기,성경잡지,11,101,還到盛京,4,,
열하일기,성경잡지,11,102,福寧曰,3,,
열하일기,성경잡지,11,103,自無公幹時,5,,
열하일기,성경잡지,11,104,當倒屣逢迎,5,,
열하일기,성경잡지,11,105,旣識貴庚日時,6,,
열하일기,성경잡지,11,106,靜當推籌,4,,
열하일기,성경잡지,11,107,以俟尊駕,4,,
열하일기,성경잡지,11,108,辭氣殷勤,4,,
열하일기,성경잡지,11,109,頗有,2,,
열하일기,성경잡지,11,110,惜別之意,4,,
열하일기,성경잡지,11,111,道士尖鼻會睛,6,,
열하일기,성경잡지,11,112,動止輕佻,4,,
열하일기,성경잡지,11,113,全沒款曲,4,,
열하일기,성경잡지,11,114,福寧爲人魁特磅礴,8,,
열하일기,성경잡지,12,1,三使次第乘馬去,7,,
열하일기,성경잡지,12,2,盖文武成班入城,7,,
열하일기,성경잡지,12,3,城周十里,4,,
열하일기,성경잡지,12,4,甎築八門樓,5,,
열하일기,성경잡지,12,5,皆三簷,3,,
열하일기,성경잡지,12,6,護以甕城,4,,
열하일기,성경잡지,12,7,甕城左右,4,,
열하일기,성경잡지,12,8,亦有東西大,5,,
열하일기,성경잡지,12,9,門,1,,
열하일기,성경잡지,12,10,通衢築臺,4,,
열하일기,성경잡지,12,11,爲三簷高樓,5,,
열하일기,성경잡지,12,12,樓下出十字路,6,,
열하일기,성경잡지,12,13,轂擊肩磨,4,,
열하일기,성경잡지,12,14,熱鬧如海,4,,
열하일기,성경잡지,12,15,市廛夾道,4,,
열하일기,성경잡지,12,16,彩閣雕牕,4,,
열하일기,성경잡지,12,17,金扁碧榜,4,,Y
열하일기,성경잡지,12,18,貨寶,2,貨,Y
열하일기,성경잡지,12,19,財賄,2,財,Y
열하일기,성경잡지,12,20,充牣其中,4,,Y
열하일기,성경잡지,12,21,坐市者,3,,
열하일기,성경잡지,12,22,皆面皮白凈,5,,
열하일기,성경잡지,12,23,衣帽鮮麗,4,,
열하일기,성경잡지,13,1,瀋陽本朝鮮地,6,,
열하일기,성경잡지,13,2,或云漢置四郡爲樂浪治所,11,,
열하일기,성경잡지,13,3,元魏隋唐時,5,,
열하일기,성경잡지,13,4,屬高句麗,4,,
열하일기,성경잡지,13,5,今稱盛京,4,,
열하일기,성경잡지,13,6,奉天府尹治民,6,,
열하일기,성경잡지,13,7,奉天,2,,
열하일기,성경잡지,13,8,將軍副都統管轄八旗,9,,
열하일기,성경잡지,13,9,又有承德知縣,6,,
열하일기,성경잡지,13,10,設各部佐貳衙門,7,,
열하일기,성경잡지,13,11,對門有響,4,,
열하일기,성경잡지,13,12,墻門前,3,,
열하일기,성경잡지,13,13,皆以漆木叉立爲欄,8,,
열하일기,성경잡지,13,14,將軍,2,,
열하일기,성경잡지,13,15,府前,2,,
열하일기,성경잡지,13,16,立一座大牌樓,6,,
열하일기,성경잡지,13,17,路中望見,4,,
열하일기,성경잡지,13,18,諸色琉璃瓦,5,,
열하일기,성경잡지,13,19,遂與來源,4,,
열하일기,성경잡지,13,20,季涵,2,,
열하일기,성경잡지,13,21,同往行宮前,5,,
열하일기,성경잡지,13,22,逢一官人,4,,
열하일기,성경잡지,13,23,手持短鞭,4,,
열하일기,성경잡지,13,24,行步,2,,
열하일기,성경잡지,13,25,甚忙,2,,
열하일기,성경잡지,13,26,來源馬頭光祿,6,,
열하일기,성경잡지,13,27,善官話,3,,
열하일기,성경잡지,13,28,走向官人跪一膝磕頭,9,,
열하일기,성경잡지,13,29,官人忙扶光祿,6,,
열하일기,성경잡지,13,30,請大哥任便,5,,
열하일기,성경잡지,13,31,光祿叩頭曰,5,,
열하일기,성경잡지,13,32,小人,2,,
열하일기,성경잡지,13,33,是朝鮮幫子,5,,
열하일기,성경잡지,13,34,俺老爺們爲觀皇都帝居,10,,
열하일기,성경잡지,13,35,如望天上,4,,
열하일기,성경잡지,13,36,敢是大官人肯許麽,8,,
열하일기,성경잡지,13,37,官人笑曰,4,,
열하일기,성경잡지,13,38,第不妨,3,,
열하일기,성경잡지,13,39,跟俺來也,4,,
열하일기,성경잡지,13,40,余卽追去,4,,
열하일기,성경잡지,13,41,欲與之揖,4,,
열하일기,성경잡지,13,42,官人行步如飛,6,,
열하일기,성경잡지,13,43,不可及,3,,
열하일기,성경잡지,13,44,望見路窮處,5,,
열하일기,성경잡지,13,45,周設朱紅木柵,6,,
열하일기,성경잡지,13,46,官人入柵,4,,
열하일기,성경잡지,13,47,顧視以鞭指之曰,7,,
열하일기,성경잡지,13,48,可於此地張望,6,,
열하일기,성경잡지,13,49,因轉身而去,5,,
열하일기,성경잡지,13,50,來源以爲旣不得入內遍觀,11,,
열하일기,성경잡지,13,51,則久立此不緊,6,,
열하일기,성경잡지,13,52,如是一觀足矣,6,,
열하일기,성경잡지,13,53,遂携季涵,4,,
열하일기,성경잡지,13,54,向酒樓而去,5,,
열하일기,성경잡지,13,55,余獨與光祿,5,,
열하일기,성경잡지,13,56,進入柵裏,4,,
열하일기,성경잡지,13,57,正門曰太淸,5,,
열하일기,성경잡지,13,58,遂進步入門,5,,
열하일기,성경잡지,13,59,光祿曰,3,,
열하일기,성경잡지,13,60,俄逢官人,4,,
열하일기,성경잡지,13,61,正是守直章京,6,,
열하일기,성경잡지,13,62,前年隨侍河恩君,7,,
열하일기,성경잡지,13,63,徧觀行宮,4,,
열하일기,성경잡지,13,64,無人阻擋,4,,
열하일기,성경잡지,13,65,請放心觀玩,5,,
열하일기,성경잡지,13,66,設令逢人,4,,
열하일기,성경잡지,13,67,不過逐出,4,,
열하일기,성경잡지,13,68,余曰,2,,
열하일기,성경잡지,13,69,汝言是也,4,,
열하일기,성경잡지,13,70,遂走至,3,,
열하일기,성경잡지,13,71,前殿,2,,
열하일기,성경잡지,13,72,扁曰崇政,4,,
열하일기,성경잡지,13,73,又有扁曰正大光明殿,9,,
열하일기,성경잡지,13,74,左曰飛龍閣,5,,
열하일기,성경잡지,13,75,右曰翔鳳閣,5,,
열하일기,성경잡지,13,76,殿後有三簷高樓曰鳳凰樓,11,,
열하일기,성경잡지,13,77,有左右翊門,5,,
열하일기,성경잡지,13,78,門內有甲軍數十八攔路,10,,
열하일기,성경잡지,13,79,遂於門外遙望,6,,
열하일기,성경잡지,13,80,層樓複殿,4,,
열하일기,성경잡지,13,81,疊榭廻廊,4,,
열하일기,성경잡지,13,82,皆覆以五色琉璃瓦,8,,
열하일기,성경잡지,13,83,兩簷,2,,
열하일기,성경잡지,13,84,八角屋曰太政殿,7,,
열하일기,성경잡지,13,85,太淸門,3,,
열하일기,성경잡지,13,86,東有神祐宮,5,,
열하일기,성경잡지,13,87,安三淸塑像,5,,
열하일기,성경잡지,13,88,康煕皇帝御筆題曰昭格,10,,
열하일기,성경잡지,13,89,雍正皇帝御筆題曰,8,,
열하일기,성경잡지,13,90,玉虛眞帝,4,,
열하일기,성경잡지,14,1,遂還出,3,,
열하일기,성경잡지,14,2,尋來源,3,,
열하일기,성경잡지,14,3,入一酒肆望旗,6,,
열하일기,성경잡지,14,4,金字寫曰,4,,
열하일기,성경잡지,14,5,天上已多星一顆,7,,
열하일기,성경잡지,14,6,人間空聞郡雙名,7,,
열하일기,성경잡지,14,7,酒肆朱欄翠戶,6,,
열하일기,성경잡지,14,8,粉壁,2,,
열하일기,성경잡지,14,9,畵棟,2,,
열하일기,성경잡지,14,10,層架上,3,,
열하일기,성경잡지,14,11,列置一樣鍮鑞大尊,8,,
열하일기,성경잡지,14,12,紅紙寫着酒名,6,,
열하일기,성경잡지,14,13,不可勝記,4,,
열하일기,성경잡지,14,14,趙主簿學東,5,,
열하일기,성경잡지,14,15,方在其中,4,,
열하일기,성경잡지,14,16,與人飮酒,4,,
열하일기,성경잡지,14,17,笑起,2,,
열하일기,성경잡지,14,18,迎入,2,,
열하일기,성경잡지,14,19,共有五六十好交椅,8,,
열하일기,성경잡지,14,20,二三十副卓子,6,,
열하일기,성경잡지,14,21,花盆數十坐,5,,
열하일기,성경잡지,14,22,方灌夕水,4,,
열하일기,성경잡지,14,23,秋海棠繡毬方盛開,8,,
열하일기,성경잡지,14,24,他花盡是初見,6,,
열하일기,성경잡지,14,25,趙君勸余三盃佛手露,9,,
열하일기,성경잡지,14,26,問季涵輩去向,6,,
열하일기,성경잡지,14,27,答不知,3,,
열하일기,성경잡지,14,28,余遂先起,4,,
열하일기,성경잡지,15,1,道中又逢趙主簿,7,,
열하일기,성경잡지,15,2,明會大喜,4,,
열하일기,성경잡지,15,3,要共暢飮,4,,
열하일기,성경잡지,15,4,余回身指俄坐酒樓,8,,
열하일기,성경잡지,15,5,更去飮也,4,,
열하일기,성경잡지,15,6,趙曰,2,,
열하일기,성경잡지,15,7,不必彼樓,4,,
열하일기,성경잡지,15,8,箇箇若是,4,,
열하일기,성경잡지,15,9,遂相携入一酒樓,7,,Y
열하일기,성경잡지,15,10,其宏深奢麗,5,奢,Y
열하일기,성경잡지,15,11,更勝於前,4,,Y
열하일기,성경잡지,15,12,買得一盤卵炒,6,買,Y
열하일기,성경잡지,15,13,一甁史國公,5,,Y
열하일기,성경잡지,15,14,暢飮而罷,4,,Y
열하일기,성경잡지,15,15,入一收賣古董舖子,8,賣,Y
열하일기,성경잡지,15,16,舖名藝粟齋,5,,Y
열하일기,성경잡지,15,17,有秀才五人,5,,
열하일기,성경잡지,15,18,伴居開舖,4,,
열하일기,성경잡지,15,19,皆年少美姿容,6,,
열하일기,성경잡지,15,20,約更來齋中夜話,7,,
열하일기,성경잡지,15,21,俱載藝粟筆談,6,,
열하일기,성경잡지,15,22,又入一舖,4,,
열하일기,성경잡지,15,23,皆遠,2,,
열하일기,성경잡지,15,24,地士人,3,,
열하일기,성경잡지,15,25,新開錦緞舖,5,,Y
열하일기,성경잡지,15,26,舖名歌商樓,5,商,Y
열하일기,성경잡지,15,27,共有六人,4,,Y
열하일기,성경잡지,15,28,衣帽鮮華,4,,
열하일기,성경잡지,15,29,動止視瞻,4,,
열하일기,성경잡지,15,30,俱是端吉,4,,
열하일기,성경잡지,15,31,又約同會藝粟夜話,8,,
열하일기,성경잡지,16,1,行過刑部,4,,
열하일기,성경잡지,16,2,大開衙門,4,,
열하일기,성경잡지,16,3,門前周設叉木爲欄,8,,
열하일기,성경잡지,16,4,而無人妄入,5,,
열하일기,성경잡지,16,5,余自恃外國人,6,,
열하일기,성경잡지,16,6,無所畏忌,4,,
열하일기,성경잡지,16,7,諸衙門,3,,
열하일기,성경잡지,16,8,惟此開門,4,,
열하일기,성경잡지,16,9,故欲觀官府制度,7,,
열하일기,성경잡지,16,10,進入門裏,4,,
열하일기,성경잡지,16,11,無人攔阻,4,,
열하일기,성경잡지,16,12,一官人臺上踞床而坐,9,,
열하일기,성경잡지,16,13,背後立侍一人,6,,
열하일기,성경잡지,16,14,手持筆紙,4,,
열하일기,성경잡지,16,15,臺下跪一罪,5,,
열하일기,성경잡지,16,16,人,1,,
열하일기,성경잡지,16,17,左右一對公人,6,,
열하일기,성경잡지,16,18,拄竹棍而立,5,,
열하일기,성경잡지,16,19,無分付行下等許多聲喝,10,,
열하일기,성경잡지,16,20,官人平臨罪者,6,,
열하일기,성경잡지,16,21,究詰諄諄,4,,
열하일기,성경잡지,16,22,已而高聲喝打,6,,
열하일기,성경잡지,16,23,做,1,,
열하일기,성경잡지,16,24,公者,2,,
열하일기,성경잡지,16,25,放其手中棍,5,,
열하일기,성경잡지,16,26,走至罪人面前,6,,
열하일기,성경잡지,16,27,以掌批頰者四五,7,,
열하일기,성경잡지,16,28,還拄棍立,4,,
열하일기,성경잡지,16,29,治法雖簡,4,,
열하일기,성경잡지,16,30,批頰之刑,4,,
열하일기,성경잡지,16,31,古所未聞,4,,
열하일기,성경잡지,17,1,夕飯後步月,5,,Y
열하일기,성경잡지,17,2,至歌商樓,4,商,Y
열하일기,성경잡지,17,3,携諸人,3,,Y
열하일기,성경잡지,17,4,同至藝粟齋,5,,
열하일기,성경잡지,17,5,盡夜而罷,4,,
열하일기,성경잡지,18,1,十一日丁亥,5,,
열하일기,성경잡지,18,2,晴,1,,
열하일기,성경잡지,18,3,極熱留瀋陽,5,,
열하일기,성경잡지,18,4,平明滿城砲聲如雷,8,,
열하일기,성경잡지,18,5,市廛朝起開舖門,7,,
열하일기,성경잡지,18,6,例放紙砲,4,,Y
열하일기,성경잡지,18,7,急起往歌商樓,6,商,Y
열하일기,성경잡지,18,8,諸人,2,,Y
열하일기,성경잡지,18,9,又集穩話,4,,
열하일기,성경잡지,18,10,歸寓飯後,4,,
열하일기,성경잡지,19,1,又携諸人遊賞大街上,9,,
열하일기,성경잡지,19,2,行逢兩人,4,,
열하일기,성경잡지,19,3,結臂同去,4,,
열하일기,성경잡지,19,4,貌俱秀雅,4,,
열하일기,성경잡지,19,5,意其爲文人詞客也,8,,
열하일기,성경잡지,19,6,余乃前揖,4,,
열하일기,성경잡지,19,7,兩人解臂答揖,6,,
열하일기,성경잡지,19,8,甚恭,2,,
열하일기,성경잡지,19,9,因入藥舖,4,,
열하일기,성경잡지,19,10,余遂跟入,4,,Y
열하일기,성경잡지,19,11,兩人俱買檳榔二箇,8,買,Y
열하일기,성경잡지,19,12,刀劈爲四,4,,Y
열하일기,성경잡지,19,13,各以半顆,4,,
열하일기,성경잡지,19,14,勸余嚼之,4,,
열하일기,성경잡지,19,15,又各自嚼呑,5,,
열하일기,성경잡지,19,16,余書問,3,,
열하일기,성경잡지,19,17,姓名居住,4,,
열하일기,성경잡지,19,18,兩人俱諦視茫然若不解者,11,,
열하일기,성경잡지,19,19,因長揖而去,5,,
열하일기,성경잡지,20,1,每歲自皇京,5,,
열하일기,성경잡지,20,2,需給瀋陽各衙八旗俸祿,10,,
열하일기,성경잡지,20,3,又自瀋陽派及興京船廠寧古塔等地,15,,Y
열하일기,성경잡지,20,4,該銀爲一百二十五萬兩云,11,銀,Y
열하일기,성경잡지,21,1,夕月色益明,5,,Y
열하일기,성경잡지,21,2,欲與卞季涵同訪歌商諸齋,11,商,Y
열하일기,성경잡지,21,3,卞君枉與首譯議可否,9,,Y
열하일기,성경잡지,21,4,首譯瞠然駭之曰,7,,
열하일기,성경잡지,21,5,盛京無異皇城,6,,
열하일기,성경잡지,21,6,豈,1,,
열하일기,성경잡지,21,7,可夜行,3,,
열하일기,성경잡지,21,8,卞君意遂大沮,6,,
열하일기,성경잡지,21,9,首譯實不知昨夜事也,9,,
열하일기,성경잡지,21,10,若知之則恐幷吾見阻,9,,
열하일기,성경잡지,21,11,故諱之,3,,
열하일기,성경잡지,21,12,遂潛身獨步出,6,,
열하일기,성경잡지,21,13,留張福,3,,
열하일기,성경잡지,21,14,囑以或有索我者,7,,
열하일기,성경잡지,21,15,對以如廁,4,,
열하일기,성경잡지,23,2,田仕可,3,,
열하일기,성경잡지,23,4,字代耕,3,,
열하일기,성경잡지,23,5,一字輔廷,4,,
열하일기,성경잡지,23,6,號抱關,3,,
열하일기,성경잡지,23,7,無終人也,4,,
열하일기,성경잡지,23,8,自言田疇之後,6,,
열하일기,성경잡지,23,9,家住山海關,5,,
열하일기,성경잡지,23,10,與太原人楊登,6,,
열하일기,성경잡지,23,11,開舖,2,,
열하일기,성경잡지,23,12,於此,2,,
열하일기,성경잡지,23,13,年二十九,4,,
열하일기,성경잡지,23,14,身長七尺,4,,
열하일기,성경잡지,23,15,額濶鼻長,4,,
열하일기,성경잡지,23,16,丰彩燁然,4,,
열하일기,성경잡지,23,17,多識古器來歷,6,,
열하일기,성경잡지,23,18,與人款洽,4,,
열하일기,성경잡지,23,19,李龜蒙字東野,6,,
열하일기,성경잡지,23,20,號麟齋,3,,
열하일기,성경잡지,23,21,蜀,1,,
열하일기,성경잡지,23,22,綿竹人也,4,,
열하일기,성경잡지,23,23,年三十九,4,,
열하일기,성경잡지,23,24,身長七尺,4,,
열하일기,성경잡지,23,25,方口闊頤,4,,
열하일기,성경잡지,23,26,面似傅粉,4,,
열하일기,성경잡지,23,27,朗然讀書,4,,
열하일기,성경잡지,23,28,聲出金石,4,,
열하일기,성경잡지,24,2,穆春,2,,
열하일기,성경잡지,24,4,字繡寰,3,,
열하일기,성경잡지,24,5,號韶亭,3,,
열하일기,성경잡지,24,6,蜀人也,3,,
열하일기,성경잡지,24,7,年二十四,4,,
열하일기,성경잡지,24,8,眉眼如畵,4,,
열하일기,성경잡지,24,9,但目不知書,5,,
열하일기,성경잡지,25,2,溫伯高,3,,
열하일기,성경잡지,25,4,字鶩軒,3,,
열하일기,성경잡지,25,5,蜀成都人也,5,,
열하일기,성경잡지,25,6,年三十一,4,,
열하일기,성경잡지,25,7,目不知書,4,,
열하일기,성경잡지,26,2,吳復,2,,
열하일기,성경잡지,26,4,字天根,3,,
열하일기,성경잡지,26,5,杭州人,3,,
열하일기,성경잡지,26,6,號一齋,3,,
열하일기,성경잡지,26,7,年四十,3,,
열하일기,성경잡지,26,8,頗短於文墨,5,,
열하일기,성경잡지,26,9,而爲人溫重,5,,
열하일기,성경잡지,27,2,費穉,2,,
열하일기,성경잡지,27,4,字下榻,3,,
열하일기,성경잡지,27,5,號抱月樓,4,,
열하일기,성경잡지,27,6,又號芝洲,4,,
열하일기,성경잡지,27,7,又號稼齋,4,,
열하일기,성경잡지,27,8,大梁人也,4,,
열하일기,성경잡지,27,9,年三十五,4,,
열하일기,성경잡지,27,10,有八子,3,,
열하일기,성경잡지,27,11,工書畵,3,,
열하일기,성경잡지,27,12,善雕刻,3,,
열하일기,성경잡지,27,13,亦,1,,
열하일기,성경잡지,27,14,能談說經義,5,,Y
열하일기,성경잡지,27,15,而家貧好濟人,6,貧,Y
열하일기,성경잡지,27,16,爲其多子,4,,Y
열하일기,성경잡지,27,17,養福也,3,,
열하일기,성경잡지,27,18,爲穆繡寰,4,,
열하일기,성경잡지,27,19,溫鶩軒夥計,5,,
열하일기,성경잡지,27,20,朝日纔自蜀歸,6,,
열하일기,성경잡지,28,2,裵寬,2,,
열하일기,성경잡지,28,4,字褐夫,3,,
열하일기,성경잡지,28,5,盧龍縣人也,5,,
열하일기,성경잡지,28,6,年四十七,4,,
열하일기,성경잡지,28,7,身長七尺餘,5,,
열하일기,성경잡지,28,8,美鬚髯,3,,
열하일기,성경잡지,28,9,善飮酒,3,,
열하일기,성경잡지,28,10,筆翰如飛,4,,
열하일기,성경잡지,28,11,休休然有長者風,7,,
열하일기,성경잡지,28,12,自刻其薖亭集二卷,8,,
열하일기,성경잡지,28,13,又有靑梅詩話二卷,8,,
열하일기,성경잡지,28,14,妻杜氏十九卒,6,,
열하일기,성경잡지,28,15,有臨湘軒集一卷,7,,
열하일기,성경잡지,28,16,屬余爲序,4,,
열하일기,성경잡지,29,1,餘數人,3,,
열하일기,성경잡지,29,2,皆碌碌不足錄,6,,
열하일기,성경잡지,29,3,且無穆溫之風骨,7,,
열하일기,성경잡지,29,4,眞裨販之徒,5,,
열하일기,성경잡지,29,5,故兩夜周旋而失其名,9,,
열하일기,성경잡지,30,1,余問穆韶亭,5,,
열하일기,성경잡지,30,2,眉眼如畵,4,,
열하일기,성경잡지,30,3,少年離鄕,4,,
열하일기,성경잡지,30,4,若是之遠何也,6,,
열하일기,성경잡지,30,5,與麟齋溫公,5,,
열하일기,성경잡지,30,6,俱是蜀人,4,,
열하일기,성경잡지,30,7,未知俱係親戚否,7,,
열하일기,성경잡지,30,8,麟齋曰,3,,
열하일기,성경잡지,30,9,不須問他,4,,
열하일기,성경잡지,30,10,他雖美如冠玉,6,,
열하일기,성경잡지,30,11,其中未必有也,6,,
열하일기,성경잡지,30,12,余曰,2,,
열하일기,성경잡지,30,13,殿最太嚴,4,,
열하일기,성경잡지,30,14,麟齋曰,3,,
열하일기,성경잡지,30,15,溫兄與繡寰,5,,
열하일기,성경잡지,30,16,爲從母兄弟,5,,
열하일기,성경잡지,30,17,與,1,,
열하일기,성경잡지,30,18,僕不相干,4,,
열하일기,성경잡지,30,19,吾三人舟載蜀錦,7,,
열하일기,성경잡지,30,20,丙申春仲離蜀,6,,
열하일기,성경잡지,30,21,舟下三峽,4,,
열하일기,성경잡지,30,22,轉販吳中,4,,Y
열하일기,성경잡지,30,23,逐利口外,4,利,Y
열하일기,성경잡지,30,24,開舖此中,4,,Y
열하일기,성경잡지,30,25,亦已三年,4,,
열하일기,성경잡지,30,26,余,1,,
열하일기,성경잡지,30,27,甚愛穆春,4,,
열하일기,성경잡지,30,28,欲與筆談,4,,
열하일기,성경잡지,30,29,李生搖手曰,5,,
열하일기,성경잡지,30,30,溫穆兩公,4,,
열하일기,성경잡지,30,31,口能咏鳳,4,,
열하일기,성경잡지,30,32,目不辨豕,4,,
열하일기,성경잡지,30,33,余曰,2,,
열하일기,성경잡지,30,34,豈有是理,4,,
열하일기,성경잡지,30,35,裴寬曰,3,,
열하일기,성경잡지,30,36,非,1,,
열하일기,성경잡지,30,37,爲謊話,3,,
열하일기,성경잡지,30,38,耳藏二酉,4,,
열하일기,성경잡지,30,39,眼無一丁,4,,
열하일기,성경잡지,30,40,天上無不識字神仙,8,,
열하일기,성경잡지,30,41,世間還有能言之鸚鵡,9,,
열하일기,성경잡지,30,42,余曰,2,,
열하일기,성경잡지,30,43,若果如是,4,,
열하일기,성경잡지,30,44,雖使陳琳,4,,
열하일기,성경잡지,30,45,作檄,2,,
열하일기,성경잡지,30,46,未可頭痛便瘳,6,,
열하일기,성경잡지,30,47,裴寬曰,3,,
열하일기,성경잡지,30,48,滔滔皆是,4,,
열하일기,성경잡지,30,49,聽漢立六國後,6,,
열하일기,성경잡지,30,50,便驚此法當失,6,,
열하일기,성경잡지,30,51,是所謂口耳之學,7,,
열하일기,성경잡지,30,52,現今黌塾,4,,
열하일기,성경잡지,30,53,之間,2,,
열하일기,성경잡지,30,54,慣是念書,4,,
열하일기,성경잡지,30,55,不曾講義,4,,
열하일기,성경잡지,30,56,故耳聞了了,5,,
열하일기,성경잡지,30,57,目視茫茫,4,,
열하일기,성경잡지,30,58,口宣則百家洋洋,7,,
열하일기,성경잡지,30,59,手寫則一字戛戛,7,,
열하일기,성경잡지,30,60,李生曰,3,,
열하일기,성경잡지,30,61,貴,1,,
열하일기,성경잡지,30,62,國如何,3,,
열하일기,성경잡지,30,63,余曰,2,,
열하일기,성경잡지,30,64,臨文訓讀,4,,
열하일기,성경잡지,30,65,音義兼講,4,,
열하일기,성경잡지,30,66,裴生打圈曰,5,,
열하일기,성경잡지,30,67,此法儘是,4,,
열하일기,성경잡지,30,68,余曰,2,,
열하일기,성경잡지,30,69,費公幾時離蜀,6,,
열하일기,성경잡지,30,70,費生曰,3,,
열하일기,성경잡지,30,71,春,1,,
열하일기,성경잡지,30,72,初,1,,
열하일기,성경잡지,30,73,余曰,2,,
열하일기,성경잡지,30,74,自蜀距此幾里,6,,
열하일기,성경잡지,30,75,費曰,2,,
열하일기,성경잡지,30,76,該有五千餘里,6,,
열하일기,성경잡지,30,77,余曰,2,,
열하일기,성경잡지,30,78,費氏八龍,4,,
열하일기,성경잡지,30,79,都是一母所乳否,7,,
열하일기,성경잡지,30,80,費微笑,3,,
열하일기,성경잡지,30,81,裴,1,,
열하일기,성경잡지,30,82,曰,1,,
열하일기,성경잡지,30,83,還有兩小夫人,6,,
열하일기,성경잡지,30,84,左右夾助,4,,
열하일기,성경잡지,30,85,吾不羡他八龍,6,,
열하일기,성경잡지,30,86,慕渠一姦,4,,
열하일기,성경잡지,30,87,滿堂鬨笑,4,,
열하일기,성경잡지,30,88,余曰,2,,
열하일기,성경잡지,30,89,來時經釖閣棧道否,8,,
열하일기,성경잡지,30,90,曰,1,,
열하일기,성경잡지,30,91,然,1,,
열하일기,성경잡지,30,92,鳥道一千里,5,,
열하일기,성경잡지,30,93,猿聲十二時,5,,
열하일기,성경잡지,30,94,裴寬曰,3,,
열하일기,성경잡지,30,95,眞是蜀道水陸俱難,8,,
열하일기,성경잡지,30,96,所謂難於上天,6,,
열하일기,성경잡지,30,97,俺辛卯年溯江入蜀,8,,
열하일기,성경잡지,30,98,七,1,,
열하일기,성경잡지,30,99,十四日,3,,
열하일기,성경잡지,30,100,始抵白帝,4,,
열하일기,성경잡지,30,101,舟中時値季春天氣,8,,
열하일기,성경잡지,30,102,兩岸花樹,4,,
열하일기,성경잡지,30,103,最是蓬窓旅榻,6,,
열하일기,성경잡지,30,104,獨夜難曉,4,,
열하일기,성경잡지,30,105,鵑啼猿鳴,4,,
열하일기,성경잡지,30,106,鶴唳鶻笑,4,,
열하일기,성경잡지,30,107,此,1,,
열하일기,성경잡지,30,108,江空月明時景也,7,,
열하일기,성경잡지,30,109,崖上大石,4,,
열하일기,성경잡지,30,110,崩落江中,4,,
열하일기,성경잡지,30,111,兩石相觸,4,,
열하일기,성경잡지,30,112,自生電火,4,,
열하일기,성경잡지,30,113,此夏天霖雨時景也,8,,
열하일기,성경잡지,30,114,雖百鎰黃金,5,,
열하일기,성경잡지,30,115,錦繡千,3,,
열하일기,성경잡지,30,116,純,1,,
열하일기,성경잡지,30,117,爭奈頭白心灰,6,,
열하일기,성경잡지,30,118,余曰,2,,
열하일기,성경잡지,30,119,雖然,2,,
열하일기,성경잡지,30,120,苦景如此,4,,
열하일기,성경잡지,30,121,每讀陸放翁入蜀記,8,,
열하일기,성경잡지,30,122,未甞不僊僊欲舞,7,,
열하일기,성경잡지,30,123,裴生曰,3,,
열하일기,성경잡지,30,124,未必然,3,,
열하일기,성경잡지,31,1,是夜月明如晝,6,,
열하일기,성경잡지,31,2,田仕可爲辦酒食,7,,
열하일기,성경잡지,31,3,二更始回,4,,
열하일기,성경잡지,31,4,餑餑兩盤,4,,
열하일기,성경잡지,31,5,羊肚羹一盆,5,,
열하일기,성경잡지,31,6,熟鵝一盤,4,,
열하일기,성경잡지,31,7,鷄蒸三首,4,,
열하일기,성경잡지,31,8,蒸豚一首,4,,
열하일기,성경잡지,31,9,時新菓品兩盤,6,,
열하일기,성경잡지,31,10,臨安酒三壺,5,,
열하일기,성경잡지,31,11,薊州酒二壺,5,,
열하일기,성경잡지,31,12,鯉魚一尾,4,,
열하일기,성경잡지,31,13,白飯二鍋,4,,
열하일기,성경잡지,31,14,菜二盤,3,,Y
열하일기,성경잡지,31,15,該價銀十二兩,6,銀 價,Y
열하일기,성경잡지,31,16,田生進前恭謝,6,,Y
열하일기,성경잡지,31,17,曰,1,,
열하일기,성경잡지,31,18,略具地主薄儀,6,,
열하일기,성경잡지,31,19,有失良宵陪話,6,,
열하일기,성경잡지,31,20,余下椅謝曰,5,,
열하일기,성경잡지,31,21,有勞尊軆,4,,
열하일기,성경잡지,31,22,還愧生受,4,,
열하일기,성경잡지,31,23,諸人齊起稱謝曰,7,,
열하일기,성경잡지,31,24,遠客賁,3,,
열하일기,성경잡지,31,25,臨,1,,
열하일기,성경잡지,31,26,倒愧生受,4,,
열하일기,성경잡지,31,27,於是齊起下,5,,
열하일기,성경잡지,31,28,閉舖門,3,,
열하일기,성경잡지,31,29,梁上掛一對扇式紗燈,9,,
열하일기,성경잡지,31,30,皆畵花鳥,4,,
열하일기,성경잡지,31,31,更有名人詩句,6,,
열하일기,성경잡지,31,32,一對琉璃方燈,6,,
열하일기,성경잡지,31,33,晃朗如晝,4,,
열하일기,성경잡지,31,34,諸人各勸一兩盃,7,,
열하일기,성경잡지,31,35,鷄鵝皆存嘴脚,6,,
열하일기,성경잡지,31,36,羊羹臊甚不堪胃性,8,,
열하일기,성경잡지,31,37,惟啖餠果,4,,
열하일기,성경잡지,31,38,田生徧閱談草,6,,
열하일기,성경잡지,31,39,連稱好好,4,,
열하일기,성경잡지,31,40,田生曰,3,,
열하일기,성경잡지,31,41,先生晡刻,4,,Y
열하일기,성경잡지,31,42,要買古董,4,買,Y
열하일기,성경잡지,31,43,未知何樣眞品,6,,Y
열하일기,성경잡지,31,44,余曰,2,,
열하일기,성경잡지,31,45,非但古董,4,,
열하일기,성경잡지,31,46,更要文房四友稀奇古雅,10,,Y
열하일기,성경잡지,31,47,不限價本,4,價,Y
열하일기,성경잡지,31,48,田生曰,3,,Y
열하일기,성경잡지,31,49,先生非久入都,6,,
열하일기,성경잡지,31,50,倘訪廠中,4,,
열하일기,성경잡지,31,51,不患不得,4,,
열하일기,성경잡지,31,52,但患眞贋難卞,6,,
열하일기,성경잡지,31,53,未知先生鑑賞如何,8,,
열하일기,성경잡지,31,54,余曰,2,,
열하일기,성경잡지,31,55,海陬鄙人,4,,
열하일기,성경잡지,31,56,鑑識固陋,4,,
열하일기,성경잡지,31,57,那免桅蠟見欺,6,,
열하일기,성경잡지,31,58,田生曰,3,,
열하일기,성경잡지,31,59,此中雖稱行都,6,,
열하일기,성경잡지,31,60,中國一隅,4,,Y
열하일기,성경잡지,31,61,賣買只仰蒙古寧古塔船廠等地,13,買 賣,Y
열하일기,성경잡지,31,62,番俗,2,,Y
열하일기,성경잡지,31,63,椎魯,2,,
열하일기,성경잡지,31,64,不喜雅賞,4,,
열하일기,성경잡지,31,65,諸秘色古窰,5,,
열하일기,성경잡지,31,66,亦罕到此,4,,
열하일기,성경잡지,31,67,何况殷敦周彛乎,7,,
열하일기,성경잡지,31,68,貴邦珍尙,4,,
열하일기,성경잡지,31,69,亦異內地,4,,Y
열하일기,성경잡지,31,70,甞見賣買人,5,買 賣,Y
열하일기,성경잡지,31,71,雖如干,3,,Y
열하일기,성경잡지,31,72,茶藥,2,,
열하일기,성경잡지,31,73,不揀頂品,4,,Y
열하일기,성경잡지,31,74,只取價廉,4,價,Y
열하일기,성경잡지,31,75,何論眞假,4,,Y
열하일기,성경잡지,31,76,非但茶藥如此,6,,
열하일기,성경잡지,31,77,諸般器物,4,,
열하일기,성경잡지,31,78,爲其載重難輸,6,,
열하일기,성경잡지,31,79,例於邊門貿回,6,,
열하일기,성경잡지,31,80,故京,2,,
열하일기,성경잡지,31,81,裏裨販,3,,
열하일기,성경잡지,31,82,預收內地笨伯,6,,
열하일기,성경잡지,31,83,轉輸邊門,4,,
열하일기,성경잡지,31,84,互相騙詐,4,,Y
열하일기,성경잡지,31,85,以爲機利,4,利,Y
열하일기,성경잡지,31,86,今先生所須,5,,Y
열하일기,성경잡지,31,87,逈出流俗,4,,
열하일기,성경잡지,31,88,萍水片語,4,,
열하일기,성경잡지,31,89,已成知己,4,,
열하일기,성경잡지,31,90,雖不得中心貺之,7,,
열하일기,성경잡지,31,91,亦安可造次相負,7,,
열하일기,성경잡지,31,92,余曰,2,,
열하일기,성경잡지,31,93,先生此語,4,,
열하일기,성경잡지,31,94,流出肝膈,4,,
열하일기,성경잡지,31,95,可謂旣醉以酒,6,,
열하일기,성경잡지,31,96,又飽以德,4,,
열하일기,성경잡지,31,97,田生曰,3,,
열하일기,성경잡지,31,98,錯愛,2,,
열하일기,성경잡지,31,99,第於明朝再枉,6,,
열하일기,성경잡지,31,100,遍賞舖中所有,6,,
열하일기,성경잡지,31,101,裴生曰,3,,
열하일기,성경잡지,31,102,不必預講來朝事,7,,
열하일기,성경잡지,31,103,且畢尊前此夜歡,7,,
열하일기,성경잡지,31,104,諸人皆曰,4,,
열하일기,성경잡지,31,105,是,1,,
열하일기,성경잡지,31,106,也,1,,
열하일기,성경잡지,31,107,田生曰,3,,
열하일기,성경잡지,31,108,子欲居九夷,5,,
열하일기,성경잡지,31,109,又曰,2,,
열하일기,성경잡지,31,110,君子居之,4,,
열하일기,성경잡지,31,111,何陋之有,4,,
열하일기,성경잡지,31,112,相公雖生偏邦,6,,
열하일기,성경잡지,31,113,氣宇軒昂,4,,
열하일기,성경잡지,31,114,文能識孔孟之書,7,,
열하일기,성경잡지,31,115,禮能達周公之道,7,,
열하일기,성경잡지,31,116,卽一君子也,5,,
열하일기,성경잡지,31,117,但恨人居兩地,6,,
열하일기,성경잡지,31,118,天各一方,4,,
열하일기,성경잡지,31,119,寸心未盡,4,,
열하일기,성경잡지,31,120,轉眼卽別,4,,
열하일기,성경잡지,31,121,奈何奈何,4,,
열하일기,성경잡지,31,122,李龜蒙無,4,,
열하일기,성경잡지,31,123,數打圈曰,4,,
열하일기,성경잡지,31,124,纏綿悱惻,4,,
열하일기,성경잡지,31,125,實獲我心,4,,
열하일기,성경잡지,31,126,酒又數行,4,,
열하일기,성경잡지,31,127,李生問酒味較似貴邦,9,,
열하일기,성경잡지,31,128,余答臨安酒太淡,7,,
열하일기,성경잡지,31,129,薊州酒過香,5,,
열하일기,성경잡지,31,130,似非本分淸香,6,,
열하일기,성경잡지,31,131,敝邦法釀都有,6,,
열하일기,성경잡지,31,132,田生問,3,,
열하일기,성경잡지,31,133,亦有燒酒麽,5,,
열하일기,성경잡지,31,134,答有,2,,
열하일기,성경잡지,32,1,田生起身取下壁間琵琶,10,,
열하일기,성경잡지,32,2,爲弄數操,4,,
열하일기,성경잡지,32,3,余曰,2,,
열하일기,성경잡지,32,4,古稱燕趙多悲歌之士,9,,
열하일기,성경잡지,32,5,諸公必能善歌,6,,
열하일기,성경잡지,32,6,願聞一闋,4,,
열하일기,성경잡지,32,7,裴生曰,3,,
열하일기,성경잡지,32,8,無善唱者,4,,
열하일기,성경잡지,32,9,李生曰,3,,
열하일기,성경잡지,32,10,古云燕趙悲歌,6,,
열하일기,성경잡지,32,11,乃偏伯之國,5,,
열하일기,성경잡지,32,12,士不得志,4,,
열하일기,성경잡지,32,13,今四海一家,5,,
열하일기,성경잡지,32,14,聖天子在上,5,,
열하일기,성경잡지,32,15,四民樂業,4,,
열하일기,성경잡지,32,16,賢,1,,
열하일기,성경잡지,32,17,者羽儀明廷,5,,
열하일기,성경잡지,32,18,賡載是歌,4,,
열하일기,성경잡지,32,19,愚者烟月康衢,6,,
열하일기,성경잡지,32,20,耕鑿是歌,4,,
열하일기,성경잡지,32,21,都無不平,4,,
열하일기,성경잡지,32,22,安有悲歌,4,,
열하일기,성경잡지,32,23,余曰,2,,
열하일기,성경잡지,32,24,聖天子在上,5,,
열하일기,성경잡지,32,25,可以出,3,,
열하일기,성경잡지,32,26,而仕矣,3,,
열하일기,성경잡지,32,27,諸公皆當世之英傑,8,,
열하일기,성경잡지,32,28,才全學優,4,,
열하일기,성경잡지,32,29,何不出身需世,6,,
열하일기,성경잡지,32,30,而碌碌浮沉於市井之間,10,,
열하일기,성경잡지,32,31,裴生曰,3,,
열하일기,성경잡지,32,32,此事獨有,4,,
열하일기,성경잡지,32,33,田公當之,4,,
열하일기,성경잡지,32,34,一座皆大笑,5,,
열하일기,성경잡지,32,35,李生曰,3,,
열하일기,성경잡지,32,36,還有時命不可强干,8,,
열하일기,성경잡지,32,37,李生抽架上選文一卷,9,,
열하일기,성경잡지,32,38,請余一讀,4,,
열하일기,성경잡지,32,39,余讀後出師,5,,
열하일기,성경잡지,32,40,表,1,,
열하일기,성경잡지,32,41,不爲諺吐,4,,
열하일기,성경잡지,32,42,句讀也,3,,
열하일기,성경잡지,32,43,高聲一讀,4,,
열하일기,성경잡지,32,44,諸人環坐聽之,6,,
열하일기,성경잡지,32,45,莫不擊節稱好,6,,
열하일기,성경잡지,32,46,李生俟余讀畢,6,,
열하일기,성경잡지,32,47,拈讀庾亮辭中書監表,9,,
열하일기,성경잡지,32,48,乍高乍低,4,,
열하일기,성경잡지,32,49,音節分明,4,,
열하일기,성경잡지,32,50,雖未能逐字曉聽,7,,
열하일기,성경잡지,32,51,亦足以知其讀到某句,9,,
열하일기,성경잡지,32,52,聲韻淸亮,4,,
열하일기,성경잡지,32,53,如聽絲竹,4,,
열하일기,성경잡지,32,54,時月落夜深,5,,
열하일기,성경잡지,32,55,戶外,2,,
열하일기,성경잡지,32,56,人跡不絶,4,,
열하일기,성경잡지,32,57,余問盛京無邏禁否,8,,
열하일기,성경잡지,32,58,田生曰有,4,,
열하일기,성경잡지,32,59,余曰,2,,
열하일기,성경잡지,32,60,路上行人不絶,6,,
열하일기,성경잡지,32,61,何也,2,,
열하일기,성경잡지,32,62,田生曰,3,,
열하일기,성경잡지,32,63,他應有事,4,,
열하일기,성경잡지,32,64,余,1,,
열하일기,성경잡지,32,65,曰,1,,
열하일기,성경잡지,32,66,他雖有事,4,,
열하일기,성경잡지,32,67,那得夜行,4,,
열하일기,성경잡지,32,68,田生曰,3,,
열하일기,성경잡지,32,69,如何不夜行,5,,
열하일기,성경잡지,32,70,無燈者不敢行,6,,
열하일기,성경잡지,32,71,巷首街端,4,,
열하일기,성경잡지,32,72,皆有軍舖,4,,
열하일기,성경잡지,32,73,甲軍守之,4,,
열하일기,성경잡지,32,74,槍,1,,
열하일기,성경잡지,32,75,棒都有,3,,
열하일기,성경잡지,32,76,所以詗姦,4,,
열하일기,성경잡지,32,77,無晝無夜,4,,
열하일기,성경잡지,32,78,豈得禁人夜行,6,,
열하일기,성경잡지,32,79,余曰,2,,
열하일기,성경잡지,32,80,夜深思睡,4,,
열하일기,성경잡지,32,81,持燈歸寓無妨否,7,,
열하일기,성경잡지,32,82,裴田皆曰,4,,
열하일기,성경잡지,32,83,不便,2,,
열하일기,성경잡지,32,84,不便,2,,
열하일기,성경잡지,32,85,去不得,3,,
열하일기,성경잡지,32,86,必爲守舖所詰如何深夜裏闌出獨行,15,,
열하일기,성경잡지,32,87,必究驗往來處,6,,
열하일기,성경잡지,32,88,所恐致紛紜,5,,
열하일기,성경잡지,32,89,先生旣然思睡,6,,
열하일기,성경잡지,32,90,則暫,2,,
열하일기,성경잡지,32,91,於草榻上攲枕,6,,
열하일기,성경잡지,32,92,穆春起拂榻上鬉席,8,,
열하일기,성경잡지,32,93,爲余設寢也,5,,
열하일기,성경잡지,32,94,余曰,2,,
열하일기,성경잡지,32,95,此刻睡思頓淸,6,,
열하일기,성경잡지,32,96,恐諸公爲緣待客,7,,
열하일기,성경잡지,32,97,失了一夜,4,,
열하일기,성경잡지,32,98,睡,1,,
열하일기,성경잡지,32,99,諸人曰,3,,
열하일기,성경잡지,32,100,都無睡意,4,,
열하일기,성경잡지,32,101,陪奉高賓,4,,
열하일기,성경잡지,32,102,打了一宵佳話,6,,
열하일기,성경잡지,32,103,眞是畢生難得之良緣,9,,
열하일기,성경잡지,32,104,如此度世,4,,
열하일기,성경잡지,32,105,雖十旬秉燭,5,,
열하일기,성경잡지,32,106,有,1,,
열하일기,성경잡지,32,107,甚倦意,3,,
열하일기,성경잡지,32,108,諸人俱興勃勃,6,,
열하일기,성경잡지,32,109,更命煖酒,4,,
열하일기,성경잡지,32,110,重整蔬果,4,,
열하일기,성경잡지,32,111,余曰,2,,
열하일기,성경잡지,32,112,不必煖酒,4,,
열하일기,성경잡지,32,113,諸人曰,3,,
열하일기,성경잡지,32,114,生酒攻肺,4,,
열하일기,성경잡지,32,115,酒毒入齒,4,,
열하일기,성경잡지,33,1,吳復終夜端坐,6,,
열하일기,성경잡지,33,2,視瞻非常,4,,
열하일기,성경잡지,33,3,余曰,2,,
열하일기,성경잡지,33,4,一齋先生,4,,
열하일기,성경잡지,33,5,離吳中幾年,5,,
열하일기,성경잡지,33,6,吳生曰,3,,
열하일기,성경잡지,33,7,十一年,3,,
열하일기,성경잡지,33,8,余曰,2,,
열하일기,성경잡지,33,9,緣何離鄕棲棲,6,,
열하일기,성경잡지,33,10,吳生曰,3,,Y
열하일기,성경잡지,33,11,爲賣買做生涯,6,買 賣,Y
열하일기,성경잡지,33,12,余曰,2,,Y
열하일기,성경잡지,33,13,未知寶眷隨在此中否,9,,
열하일기,성경잡지,33,14,吳生曰,3,,
열하일기,성경잡지,33,15,年雖不惑,4,,
열하일기,성경잡지,33,16,未委羔鴈,4,,
열하일기,성경잡지,33,17,余曰,2,,
열하일기,성경잡지,33,18,吳西,2,,
열하일기,성경잡지,33,19,林先生諱穎芳,6,,
열하일기,성경잡지,33,20,杭之高士也,5,,
열하일기,성경잡지,33,21,未知與君爲宗族否,8,,
열하일기,성경잡지,33,22,吳曰,2,,
열하일기,성경잡지,33,23,否也,2,,
열하일기,성경잡지,33,24,余曰,2,,
열하일기,성경잡지,33,25,陸解元飛,4,,
열하일기,성경잡지,33,26,嚴鐵橋誠,4,,
열하일기,성경잡지,33,27,潘香祖,3,,
열하일기,성경잡지,33,28,庭筠,2,,
열하일기,성경잡지,33,29,俱西湖高人,5,,
열하일기,성경잡지,33,30,君知之乎,4,,
열하일기,성경잡지,33,31,吳生曰,3,,
열하일기,성경잡지,33,32,都未甞與他聞名,7,,
열하일기,성경잡지,33,33,俺離鄕久,4,,
열하일기,성경잡지,33,34,但一見陸飛手畵牧丹,9,,
열하일기,성경잡지,33,35,他是湖州,4,,
열하일기,성경잡지,33,36,人,1,,
열하일기,성경잡지,34,1,少焉隣鷄互動,6,,
열하일기,성경잡지,34,2,余亦倦甚,4,,
열하일기,성경잡지,34,3,且爲酒困,4,,
열하일기,성경잡지,34,4,椅上乍攲,4,,
열하일기,성경잡지,34,5,卽鼾直睡,4,,
열하일기,성경잡지,34,6,到天明驚起,5,,
열하일기,성경잡지,34,7,諸人者,3,,
열하일기,성경잡지,34,8,亦相枕藉榻上,6,,
열하일기,성경잡지,34,9,或椅,2,,
열하일기,성경잡지,34,10,上坐睡,3,,
열하일기,성경잡지,34,11,余獨斟兩盃酒,6,,
열하일기,성경잡지,34,12,搖起裴生,4,,
열하일기,성경잡지,34,13,告退卽還寓,5,,
열하일기,성경잡지,34,14,日已暾矣,4,,
열하일기,성경잡지,34,15,張福熟睡,4,,
열하일기,성경잡지,34,16,一行上下,4,,
열하일기,성경잡지,34,17,都不覺也,4,,
열하일기,성경잡지,34,18,蹙起張福,4,,
열하일기,성경잡지,34,19,問有誰訪我否,6,,
열하일기,성경잡지,34,20,對無矣,3,,
열하일기,성경잡지,34,21,因促持盥水來,6,,
열하일기,성경잡지,34,22,裹巾忙往上房,6,,
열하일기,성경잡지,34,23,諸裨譯方齊謁矣,7,,
열하일기,성경잡지,34,24,無人覺得,4,,
열하일기,성경잡지,34,25,心裏暗喜,4,,
열하일기,성경잡지,34,26,更囑,2,,
열하일기,성경잡지,34,27,張福,2,,
열하일기,성경잡지,34,28,愼勿出口,4,,
열하일기,성경잡지,34,29,略啜早粥,4,,
열하일기,성경잡지,34,30,卽往藝粟齋,5,,
열하일기,성경잡지,34,31,諸人皆已起去,6,,
열하일기,성경잡지,34,32,田生與李麟齋,6,,
열하일기,성경잡지,34,33,擺列古器,4,,
열하일기,성경잡지,34,34,見余至,3,,
열하일기,성경잡지,34,35,皆驚喜曰,4,,
열하일기,성경잡지,34,36,先生夜來能不倦否,8,,
열하일기,성경잡지,34,37,余曰,2,,
열하일기,성경잡지,34,38,夙夜匪懈,4,,
열하일기,성경잡지,34,39,田生曰,3,,
열하일기,성경잡지,34,40,且喫一椀茶,5,,
열하일기,성경잡지,34,41,少坐有一美少年,7,,
열하일기,성경잡지,34,42,自外入來,4,,
열하일기,성경잡지,34,43,卽捧茶,3,,
열하일기,성경잡지,34,44,來勸,2,,
열하일기,성경잡지,34,45,問其姓名曰,5,,
열하일기,성경잡지,34,46,傅友榟,3,,
열하일기,성경잡지,34,47,家住山海關,5,,
열하일기,성경잡지,34,48,年十九歲云,5,,
열하일기,성경잡지,34,49,田生擺列畢,5,,
열하일기,성경잡지,34,50,請余鑑賞,4,,
열하일기,성경잡지,34,51,壺觚鼎彛,4,,
열하일기,성경잡지,34,52,共有十一坐,5,,
열하일기,성경잡지,34,53,小大圓方,4,,
열하일기,성경잡지,34,54,製各不同,4,,
열하일기,성경잡지,34,55,鏤刻光色,4,,
열하일기,성경잡지,34,56,件件古雅,4,,
열하일기,성경잡지,34,57,攷其款識,4,,
열하일기,성경잡지,34,58,皆周漢物,4,,
열하일기,성경잡지,34,59,田生曰,3,,
열하일기,성경잡지,34,60,不必攷文,4,,
열하일기,성경잡지,34,61,此皆近時金陵河,7,,
열하일기,성경잡지,34,62,南等地新鑄花紋,7,,
열하일기,성경잡지,34,63,款識雖法古式,6,,
열하일기,성경잡지,34,64,形旣不質,4,,
열하일기,성경잡지,34,65,色又未純,4,,
열하일기,성경잡지,34,66,若置眞正古銅之間,8,,
열하일기,성경잡지,34,67,史野立判,4,,
열하일기,성경잡지,34,68,僕雖身居市廛,6,,
열하일기,성경잡지,34,69,心委學校,4,,
열하일기,성경잡지,34,70,旣見君子,4,,
열하일기,성경잡지,34,71,如獲百朋,4,,
열하일기,성경잡지,34,72,豈可造次相瞞,6,,
열하일기,성경잡지,34,73,百年負心,4,,
열하일기,성경잡지,34,74,余於諸器中,5,,
열하일기,성경잡지,34,75,持戟耳彛爐石榴足者,9,,
열하일기,성경잡지,34,76,細翫,2,,
열하일기,성경잡지,34,77,臘茶色,3,,
열하일기,성경잡지,34,78,製頗精美,4,,
열하일기,성경잡지,34,79,捧視爐底陽印,6,,
열하일기,성경잡지,34,80,大明宣德年製,6,,
열하일기,성경잡지,34,81,余問此鑄頗佳否,7,,
열하일기,성경잡지,34,82,田生曰,3,,
열하일기,성경잡지,34,83,實不相瞞,4,,
열하일기,성경잡지,34,84,亦非宣爐,4,,Y
열하일기,성경잡지,34,85,宣爐以臘茶水銀浸擦入肉,11,銀,Y
열하일기,성경잡지,34,86,更以金鑠爲泥,6,,Y
열하일기,성경잡지,34,87,火久成赤,4,,
열하일기,성경잡지,34,88,豈民間所可彷彿,7,,
열하일기,성경잡지,34,89,余問古銅靑綠珠斑,8,,
열하일기,성경잡지,34,90,入土年,3,,
열하일기,성경잡지,34,91,遠,1,,
열하일기,성경잡지,34,92,所貴墓中物是也,7,,
열하일기,성경잡지,34,93,今此諸器,4,,
열하일기,성경잡지,34,94,若云新鑄,4,,
열하일기,성경잡지,34,95,則何能發出這樣光色,9,,
열하일기,성경잡지,34,96,田生曰,3,,
열하일기,성경잡지,34,97,此不可不知,5,,
열하일기,성경잡지,34,98,大約古銅入,5,,
열하일기,성경잡지,34,99,土則靑,3,,
열하일기,성경잡지,34,100,入水則綠,4,,
열하일기,성경잡지,34,101,墓中殉器,4,,Y
열하일기,성경잡지,34,102,多發水銀色,5,銀,Y
열하일기,성경잡지,34,103,或謂尸氣漬染者,7,,Y
열하일기,성경잡지,34,104,非也,2,,Y
열하일기,성경잡지,34,105,上古多以水銀爲殮,8,銀,Y
열하일기,성경잡지,34,106,或出於帝王陵,6,,Y
열하일기,성경잡지,34,107,墓,1,,Y
열하일기,성경잡지,34,108,水銀沾染,4,銀,Y
열하일기,성경잡지,34,109,年久入骨,4,,Y
열하일기,성경잡지,34,110,大約新舊眞贋易辨,8,,
열하일기,성경잡지,34,111,古器非但銅肉質厚,8,,
열하일기,성경잡지,34,112,本身發光,4,,
열하일기,성경잡지,34,113,類能天然瑩潤,6,,Y
열하일기,성경잡지,34,114,而水銀色,4,銀,Y
열하일기,성경잡지,34,115,亦非全軆純發,6,,Y
열하일기,성경잡지,34,116,或半面,3,,
열하일기,성경잡지,34,117,或耳或脚,4,,
열하일기,성경잡지,34,118,時有漸染,4,,
열하일기,성경잡지,34,119,其於靑綠硃斑亦然,8,,
열하일기,성경잡지,34,120,半深半淺,4,,
열하일기,성경잡지,34,121,半淨半濁,4,,
열하일기,성경잡지,34,122,濁不爲穢,4,,
열하일기,성경잡지,34,123,堆,1,,
열하일기,성경잡지,34,124,重透鬆,3,,
열하일기,성경잡지,34,125,淨不爲燥,4,,
열하일기,성경잡지,34,126,津潤如濕,4,,
열하일기,성경잡지,34,127,時有硃砂點子,6,,
열하일기,성경잡지,34,128,深銹透骨,4,,
열하일기,성경잡지,34,129,最重褐色,4,,
열하일기,성경잡지,34,130,入土年久,4,,
열하일기,성경잡지,34,131,靑綠翠朱,4,,
열하일기,성경잡지,34,132,點點成斑,4,,
열하일기,성경잡지,34,133,如,1,,
열하일기,성경잡지,34,134,芝菌斑,3,,
열하일기,성경잡지,34,135,如雲頭暈,4,,
열하일기,성경잡지,34,136,如濃雪片,4,,
열하일기,성경잡지,34,137,此非入土千年,6,,
열하일기,성경잡지,34,138,不能若是,4,,
열하일기,성경잡지,34,139,是爲上品,4,,
열하일기,성경잡지,34,140,前明宣宗,4,,
열하일기,성경잡지,34,141,喜倣褐色,4,,
열하일기,성경잡지,34,142,所以宣爐多,5,,
열하일기,성경잡지,34,143,褐色也,3,,
열하일기,성경잡지,34,144,近歲陜西新鑄,6,,
열하일기,성경잡지,34,145,輒倣宣德,4,,
열하일기,성경잡지,34,146,而殊不識宣銅初無花紋,10,,
열하일기,성경잡지,34,147,爲花紋者,4,,
열하일기,성경잡지,34,148,皆近日僞鑄也,6,,
열하일기,성경잡지,34,149,其倣出顔色者,6,,
열하일기,성경잡지,34,150,例於鑄成後,5,,
열하일기,성경잡지,34,151,刀刻紋理,4,,
열하일기,성경잡지,34,152,鑿畫款識,4,,
열하일기,성경잡지,34,153,掘地坑,3,,
열하일기,성경잡지,34,154,傾鹽汁數盆,5,,
열하일기,성경잡지,34,155,俟涸仍置銅其中,7,,
열하일기,성경잡지,34,156,埋藏數年,4,,
열하일기,성경잡지,34,157,頗有古意,4,,
열하일기,성경잡지,34,158,此下,2,,
열하일기,성경잡지,34,159,品劣法也,4,,
열하일기,성경잡지,34,160,巧手以鵬砂寒水石砂膽礬金砂礬爲末,16,,
열하일기,성경잡지,34,161,鹽水調和,4,,
열하일기,성경잡지,34,162,蘸筆均刷候乾更洗,8,,
열하일기,성경잡지,34,163,洗又蘸刷,4,,
열하일기,성경잡지,34,164,若是者,3,,
열하일기,성경잡지,34,165,日三四度,4,,
열하일기,성경잡지,34,166,坎地爲深坑,5,,
열하일기,성경잡지,34,167,熾炭其中,4,,
열하일기,성경잡지,34,168,坑烘如圍爐,5,,
열하일기,성경잡지,34,169,因將釅醋,4,,
열하일기,성경잡지,34,170,潑下坑內,4,,
열하일기,성경잡지,34,171,沸爛卽涸,4,,
열하일기,성경잡지,34,172,乃置器其中,5,,
열하일기,성경잡지,34,173,更以醋,3,,
열하일기,성경잡지,34,174,糟厚罨,3,,
열하일기,성경잡지,34,175,覆土加厚,4,,
열하일기,성경잡지,34,176,無空缺處,4,,
열하일기,성경잡지,34,177,三五日出看,5,,
열하일기,성경잡지,34,178,便生各色古斑,6,,
열하일기,성경잡지,34,179,又燒竹葉,4,,
열하일기,성경잡지,34,180,用薰其烟,4,,
열하일기,성경잡지,34,181,色更深靑,4,,
열하일기,성경잡지,34,182,以蠟擦之,4,,Y
열하일기,성경잡지,34,183,要發水銀色者,6,銀,Y
열하일기,성경잡지,34,184,乃以鋼針爲末摩擦,8,,Y
열하일기,성경잡지,34,185,更以白蠟揩摩,6,,
열하일기,성경잡지,34,186,卽成古色,4,,
열하일기,성경잡지,34,187,或有故墮一耳,6,,
열하일기,성경잡지,34,188,或缺傷器體,5,,Y
열하일기,성경잡지,34,189,以爲商周,4,商,Y
열하일기,성경잡지,34,190,秦漢之物,4,,Y
열하일기,성경잡지,34,191,尤爲可厭,4,,
열하일기,성경잡지,34,192,他日廠中,4,,
열하일기,성경잡지,34,193,俱是遠地駔儈,6,,Y
열하일기,성경잡지,34,194,收買之際,4,買,Y
열하일기,성경잡지,34,195,不可糊塗取笑,6,,Y
열하일기,성경잡지,34,196,余曰,2,,
열하일기,성경잡지,34,197,可感先生如此披誠,8,,
열하일기,성경잡지,34,198,僕明日早朝發向皇都,9,,
열하일기,성경잡지,34,199,願先生開錄文房書畵鼎彛諸器古今同異號名眞僞,21,,
열하일기,성경잡지,34,200,以爲冥途指南,6,,
열하일기,성경잡지,34,201,田生曰,3,,
열하일기,성경잡지,34,202,先生若不見外時,7,,
열하일기,성경잡지,34,203,不難爲此,4,,
열하일기,성경잡지,34,204,當於西淸古鑑,6,,
열하일기,성경잡지,34,205,博古圖中,4,,
열하일기,성경잡지,34,206,參以陋見,4,,
열하일기,성경잡지,34,207,淸單仰報,4,,
열하일기,성경잡지,35,1,遂約以乘月更來,7,,
열하일기,성경잡지,35,2,起還站寓,4,,
열하일기,성경잡지,35,3,已報朝飯矣,5,,
열하일기,성경잡지,35,4,暫歷上房,4,,
열하일기,성경잡지,35,5,忙飯復出,4,,
열하일기,성경잡지,35,6,鄭進士與季涵來源,8,,
열하일기,성경잡지,35,7,亦出行遊覽,5,,
열하일기,성경잡지,35,8,誚余,2,,
열하일기,성경잡지,35,9,曰,1,,
열하일기,성경잡지,35,10,獨行遊賞,4,,
열하일기,성경잡지,35,11,有何滋味,4,,
열하일기,성경잡지,35,12,來源曰,3,,
열하일기,성경잡지,35,13,實無可觀,4,,
열하일기,성경잡지,35,14,譬如廣州生員初入京,9,,
열하일기,성경잡지,35,15,左右顧眄,4,,
열하일기,성경잡지,35,16,應接不暇,4,,
열하일기,성경잡지,35,17,輒爲京人,4,,
열하일기,성경잡지,35,18,所唾,2,,
열하일기,성경잡지,35,19,今吾輩亦何異於此,8,,
열하일기,성경잡지,35,20,吾則再來,4,,
열하일기,성경잡지,35,21,尤爲無味也,5,,
열하일기,성경잡지,35,22,路逢費穉,4,,
열하일기,성경잡지,35,23,引余入毡子舖,6,,Y
열하일기,성경잡지,35,24,囑以夜會歌商樓,7,商,Y
열하일기,성경잡지,35,25,余辭,2,,Y
열하일기,성경잡지,35,26,以已與田抱關約會藝粟齋,11,,
열하일기,성경잡지,35,27,昨夜諸公更勞齊會,8,,
열하일기,성경잡지,35,28,費生曰,3,,
열하일기,성경잡지,35,29,俄刻已與抱關熟講,8,,
열하일기,성경잡지,35,30,今先生歌鹿上都,7,,
열하일기,성경잡지,35,31,匀是,2,,
열하일기,성경잡지,35,32,爲賓,2,,
열하일기,성경잡지,35,33,詠駒空谷,4,,
열하일기,성경잡지,35,34,各求爲情,4,,
열하일기,성경잡지,35,35,裴公已與蜀中溫公,8,,
열하일기,성경잡지,35,36,料理薄具,4,,
열하일기,성경잡지,35,37,未可爽約,4,,
열하일기,성경잡지,35,38,余曰,2,,
열하일기,성경잡지,35,39,昨夜過被諸公盛眷,8,,
열하일기,성경잡지,35,40,供張,2,,
열하일기,성경잡지,35,41,太費,2,,
열하일기,성경잡지,35,42,今又若前,4,,
열하일기,성경잡지,35,43,未敢更勞執事,6,,
열하일기,성경잡지,35,44,費生曰,3,,
열하일기,성경잡지,35,45,山有嘉木,4,,
열하일기,성경잡지,35,46,惟工所度,4,,
열하일기,성경잡지,35,47,振鷺斯容,4,,
열하일기,성경잡지,35,48,彼此無斁,4,,
열하일기,성경잡지,35,49,十二行窩,4,,
열하일기,성경잡지,35,50,元無,2,,
열하일기,성경잡지,35,51,定約,2,,
열하일기,성경잡지,35,52,四海同胞,4,,
열하일기,성경잡지,35,53,孰爲厚薄,4,,
열하일기,성경잡지,35,54,來源輩徘徊街上,7,,
열하일기,성경잡지,35,55,尋余入舖中,5,,
열하일기,성경잡지,35,56,余忙收談草,5,,
열하일기,성경잡지,35,57,首肯爲諾,4,,
열하일기,성경잡지,35,58,費生亦會余意,6,,
열하일기,성경잡지,35,59,含,1,,
열하일기,성경잡지,35,60,笑頤可,3,,
열하일기,성경잡지,35,61,季涵索紙,4,,
열하일기,성경잡지,35,62,欲與問答,4,,
열하일기,성경잡지,35,63,余起出曰,4,,
열하일기,성경잡지,35,64,無足與語,4,,
열하일기,성경잡지,35,65,季涵笑而起,5,,
열하일기,성경잡지,35,66,費生臨門,4,,
열하일기,성경잡지,35,67,握余手以諭意,6,,
열하일기,성경잡지,35,68,余點頭,3,,
열하일기,성경잡지,35,69,而去,2,,
열하일기,성경잡지,37,1,是夕,2,,
열하일기,성경잡지,37,2,暑氣猶熾,4,,
열하일기,성경잡지,37,3,天末赤暈四垂,6,,
열하일기,성경잡지,37,4,余促飯喫訖,5,,
열하일기,성경잡지,37,5,暫往上房,4,,
열하일기,성경잡지,37,6,少坐卽起,4,,
열하일기,성경잡지,37,7,獨自語曰,4,,
열하일기,성경잡지,37,8,困暑特甚,4,,
열하일기,성경잡지,37,9,當早宿,3,,
열하일기,성경잡지,37,10,遂,1,,
열하일기,성경잡지,37,11,下庭徘徊,4,,
열하일기,성경잡지,37,12,爲乘間出門之計,7,,
열하일기,성경잡지,37,13,而來源周主簿盧參奉,9,,
열하일기,성경잡지,37,14,飯後步庭,4,,
열하일기,성경잡지,37,15,捫腹噎噫,4,,
열하일기,성경잡지,37,16,時月影漸生,5,,Y
열하일기,성경잡지,37,17,塵喧暫息,4,息,Y
열하일기,성경잡지,37,18,周隨,2,,Y
열하일기,성경잡지,37,19,影步匝,3,,
열하일기,성경잡지,37,20,誦傳副使遼陽所題七律,10,,
열하일기,성경잡지,37,21,又誦其所次,5,,
열하일기,성경잡지,37,22,余忙步上堂去,6,,
열하일기,성경잡지,37,23,出語盧君曰,5,,
열하일기,성경잡지,37,24,兄主太伈伈,5,,
열하일기,성경잡지,37,25,盧君曰,3,,
열하일기,성경잡지,37,26,使道寂寞矣,5,,
열하일기,성경잡지,37,27,卽向堂裏去,5,,
열하일기,성경잡지,37,28,周君憂形于色曰,7,,
열하일기,성경잡지,37,29,近來恐生病患,6,,
열하일기,성경잡지,37,30,卽向堂裏去,5,,
열하일기,성경잡지,37,31,來源亦隨而去,6,,
열하일기,성경잡지,37,32,余遂忙,3,,
열하일기,성경잡지,37,33,步出門,3,,
열하일기,성경잡지,37,34,且囑張福曰,5,,
열하일기,성경잡지,37,35,善彌縫如昨日,6,,
열하일기,성경잡지,37,36,季涵自外入來,6,,
열하일기,성경잡지,37,37,問余奚往,4,,
열하일기,성경잡지,37,38,余密語曰,4,,
열하일기,성경잡지,37,39,乘月偕往好處夜話,8,,
열하일기,성경잡지,37,40,否,1,,
열하일기,성경잡지,37,41,季涵曰,3,,
열하일기,성경잡지,37,42,何處,2,,
열하일기,성경잡지,37,43,余曰,2,,
열하일기,성경잡지,37,44,毋論某處,4,,
열하일기,성경잡지,37,45,季涵方停武趑趄,7,,
열하일기,성경잡지,37,46,首譯入來,4,,
열하일기,성경잡지,37,47,季涵問乘月夜行無傷否,10,,
열하일기,성경잡지,37,48,首譯,2,,
열하일기,성경잡지,37,49,大駭云云,4,,
열하일기,성경잡지,37,50,季涵笑曰,4,,
열하일기,성경잡지,37,51,事當若是,4,,
열하일기,성경잡지,37,52,余亦漫應曰似然矣,8,,
열하일기,성경잡지,37,53,卽後先還入,5,,
열하일기,성경잡지,37,54,首譯與季涵,5,,
열하일기,성경잡지,37,55,上堂不顧,4,,
열하일기,성경잡지,37,56,余仍自,3,,
열하일기,성경잡지,37,57,後潛出,3,,
열하일기,성경잡지,38,1,旣出大街上,5,,
열하일기,성경잡지,38,2,始浩然矣,4,,
열하일기,성경잡지,38,3,暑氣乍退,4,,
열하일기,성경잡지,38,4,月色布地,4,,
열하일기,성경잡지,38,5,先往藝粟齋,5,,
열하일기,성경잡지,38,6,已掩舖門,4,,
열하일기,성경잡지,38,7,田生出他,4,,
열하일기,성경잡지,38,8,獨有李麟齋,5,,
열하일기,성경잡지,38,9,李請少,3,,
열하일기,성경잡지,38,10,坐喫茶,3,,
열하일기,성경잡지,38,11,田公少頃當還也,7,,Y
열하일기,성경잡지,38,12,余言商樓諸公,6,商,Y
열하일기,성경잡지,38,13,想已畢集苦等也,7,,Y
열하일기,성경잡지,38,14,李生曰,3,,Y
열하일기,성경잡지,38,15,商樓佳約,4,商,Y
열하일기,성경잡지,38,16,已知道了,4,,Y
열하일기,성경잡지,38,17,弟亦當,3,,
열하일기,성경잡지,38,18,陪往,2,,
열하일기,성경잡지,38,19,田生手持紅色羊角燈入來,11,,
열하일기,성경잡지,38,20,促余偕行遂與李生,8,,
열하일기,성경잡지,38,21,含烟出門,4,,
열하일기,성경잡지,38,22,大道如天,4,,
열하일기,성경잡지,38,23,月色如水,4,,
열하일기,성경잡지,38,24,田生懸手中燈,6,,
열하일기,성경잡지,38,25,於門首,3,,
열하일기,성경잡지,38,26,余問手不拿燈無傷麽,9,,
열하일기,성경잡지,38,27,李生曰,3,,
열하일기,성경잡지,38,28,尙未向夜,4,,
열하일기,성경잡지,38,29,遂緩步街中,5,,
열하일기,성경잡지,38,30,左右市舖,4,,
열하일기,성경잡지,38,31,皆已掩門,4,,
열하일기,성경잡지,38,32,門外皆懸羊,5,,
열하일기,성경잡지,38,33,角燈,2,,
열하일기,성경잡지,38,34,間有靑紅諸色,6,,Y
열하일기,성경잡지,38,35,商樓諸人,4,商,Y
열하일기,성경잡지,38,36,方列立欄下,5,,Y
열하일기,성경잡지,38,37,見余至,3,,
열하일기,성경잡지,38,38,皆喜溢於貌,5,,
열하일기,성경잡지,38,39,迎入舖中,4,,
열하일기,성경잡지,38,40,裴寬褐夫,4,,
열하일기,성경잡지,38,41,李龜蒙東野,5,,
열하일기,성경잡지,38,42,費穉下榻,4,,
열하일기,성경잡지,38,43,田仕可抱關,5,,
열하일기,성경잡지,38,44,溫伯高鶩齋,5,,
열하일기,성경잡지,38,45,穆春繡寰,4,,
열하일기,성경잡지,38,46,吳復天根,4,,
열하일기,성경잡지,38,47,俱會矣,3,,
열하일기,성경잡지,39,1,裴生曰,3,,
열하일기,성경잡지,39,2,朴公可謂信士,6,,
열하일기,성경잡지,39,3,堂中懸一對扇式紗燈,9,,
열하일기,성경잡지,39,4,卓上點兩枝燭,6,,
열하일기,성경잡지,39,5,久已排設魚肉蔬果,8,,
열하일기,성경잡지,39,6,北墻下,3,,
열하일기,성경잡지,39,7,亦有一,3,,
열하일기,성경잡지,39,8,卓供張,3,,
열하일기,성경잡지,39,9,諸人勸食,4,,
열하일기,성경잡지,39,10,余曰,2,,
열하일기,성경잡지,39,11,夕飯未下,4,,
열하일기,성경잡지,39,12,費生手注一椀熱茶以勸,10,,
열하일기,성경잡지,39,13,坐有生客,4,,
열하일기,성경잡지,39,14,余問姓名,4,,
열하일기,성경잡지,39,15,答馬鑅字耀,5,,
열하일기,성경잡지,39,16,如,1,,
열하일기,성경잡지,39,17,山海關人,4,,Y
열하일기,성경잡지,39,18,來此做賣買,5,買 賣,Y
열하일기,성경잡지,39,19,年二十三,4,,Y
열하일기,성경잡지,39,20,略會書字,4,,
열하일기,성경잡지,39,21,費生曰,3,,
열하일기,성경잡지,39,22,五十讀易,4,,
열하일기,성경잡지,39,23,或以爲正卜讀易,7,,
열하일기,성경잡지,39,24,卜字添內一,5,,
열하일기,성경잡지,39,25,畫,1,,
열하일기,성경잡지,39,26,先生以爲如何,6,,
열하일기,성경잡지,39,27,余曰,2,,
열하일기,성경잡지,39,28,五十讀易,4,,
열하일기,성경잡지,39,29,雖有卒字之疑,6,,
열하일기,성경잡지,39,30,今謂正卜之誤,6,,
열하일기,성경잡지,39,31,則恐是鑿空,5,,
열하일기,성경잡지,39,32,易雖卜筮之書,6,,
열하일기,성경잡지,39,33,繫,1,,
열하일기,성경잡지,39,34,辭言占言筮,5,,
열하일기,성경잡지,39,35,不見卜字,4,,
열하일기,성경잡지,39,36,且卜字丨外加,6,,
열하일기,성경잡지,39,37,元非一畫可添,6,,
열하일기,성경잡지,39,38,費生曰,3,,
열하일기,성경잡지,39,39,或謂無若丹朱傲之傲字,10,,
열하일기,성경잡지,39,40,乃奡字之,4,,
열하일기,성경잡지,39,41,誤,1,,
열하일기,성경잡지,39,42,看下文罔水行舟,7,,
열하일기,성경잡지,39,43,當作兩人,4,,
열하일기,성경잡지,39,44,余曰,2,,
열하일기,성경잡지,39,45,奡能陸地行舟,6,,
열하일기,성경잡지,39,46,如罔水行舟,5,,
열하일기,성경잡지,39,47,義似妙合,4,,
열하일기,성경잡지,39,48,而但傲奡音雖相似,8,,
열하일기,성경잡지,39,49,字形懸殊,4,,
열하일기,성경잡지,39,50,且奡浞乃是夏太康時人,10,,
열하일기,성경잡지,39,51,上距虞舜時遼濶,7,,
열하일기,성경잡지,39,52,李東野曰,4,,
열하일기,성경잡지,39,53,先生辨之極是,6,,
열하일기,성경잡지,39,54,余問田抱關曰,6,,
열하일기,성경잡지,39,55,古董名目,4,,
열하일기,성경잡지,39,56,已爲開錄否,5,,
열하일기,성경잡지,39,57,田生曰,3,,
열하일기,성경잡지,39,58,午刻緣些他冗,6,,
열하일기,성경잡지,39,59,謄寫未半,4,,
열하일기,성경잡지,39,60,未免摺置明曉,6,,
열하일기,성경잡지,39,61,台駕歷路,4,,
열하일기,성경잡지,39,62,暫於舖前停,5,,
열하일기,성경잡지,39,63,轡,1,,
열하일기,성경잡지,39,64,恭當親手交付從者,8,,
열하일기,성경잡지,39,65,誓不遲誤,4,,
열하일기,성경잡지,39,66,余曰,2,,
열하일기,성경잡지,39,67,有勞先生如此費心,8,,
열하일기,성경잡지,39,68,田生曰,3,,
열하일기,성경잡지,39,69,此朋友常事,5,,
열하일기,성경잡지,39,70,還愧宿命,4,,
열하일기,성경잡지,39,71,余,1,,
열하일기,성경잡지,39,72,問諸公曾遊千山否,8,,
열하일기,성경잡지,39,73,曰,1,,
열하일기,성경잡지,39,74,離此百餘里,5,,
열하일기,성경잡지,39,75,無人往遊,4,,
열하일기,성경잡지,39,76,余問兵部郞中福寧知之乎,11,,
열하일기,성경잡지,39,77,田生曰,3,,
열하일기,성경잡지,39,78,不曾諸敝,4,,
열하일기,성경잡지,39,79,友,1,,
열하일기,성경잡지,39,80,亦無知者,4,,
열하일기,성경잡지,39,81,他是朝士,4,,Y
열하일기,성경잡지,39,82,僕輩做賣買,5,買 賣,Y
열하일기,성경잡지,39,83,如何去謁他,5,,Y
열하일기,성경잡지,39,84,東野曰,3,,
열하일기,성경잡지,39,85,先生此去,4,,
열하일기,성경잡지,39,86,當爲面駕麽,5,,
열하일기,성경잡지,39,87,余曰,2,,
열하일기,성경잡지,39,88,使臣有,3,,
열하일기,성경잡지,39,89,時近光,3,,
열하일기,성경잡지,39,90,我是從人,4,,
열하일기,성경잡지,39,91,未保參班,4,,
열하일기,성경잡지,39,92,東野曰,3,,
열하일기,성경잡지,39,93,往歲鑾駕朝陵時,7,,
열하일기,성경잡지,39,94,貴國從官,4,,
열하일기,성경잡지,39,95,皆得接駕恭瞻,6,,
열하일기,성경잡지,39,96,吾曹倒羡他,5,,
열하일기,성경잡지,39,97,余,1,,
열하일기,성경잡지,39,98,問諸公如何不恭瞻,8,,
열하일기,성경잡지,39,99,裴褐夫曰,4,,
열하일기,성경잡지,39,100,那敢唐突,4,,Y
열하일기,성경잡지,39,101,只得閉戶屛息,6,息,Y
열하일기,성경잡지,39,102,余曰,2,,Y
열하일기,성경잡지,39,103,皇上臨此時,5,,
열하일기,성경잡지,39,104,想應黃童白叟,6,,
열하일기,성경잡지,39,105,顚倒,2,,
열하일기,성경잡지,39,106,野次,2,,
열하일기,성경잡지,39,107,爭瞻羽旄,4,,
열하일기,성경잡지,39,108,曰,1,,
열하일기,성경잡지,39,109,不敢不敢,4,,
열하일기,성경잡지,39,110,余曰,2,,
열하일기,성경잡지,39,111,當今閣老中,5,,
열하일기,성경잡지,39,112,山斗宿望,4,,
열하일기,성경잡지,39,113,誰也,2,,
열하일기,성경잡지,39,114,東野曰,3,,
열하일기,성경잡지,39,115,俱載滿漢搢紳榮案,8,,
열하일기,성경잡지,39,116,一經稽査,4,,
열하일기,성경잡지,39,117,便可知也,4,,
열하일기,성경잡지,39,118,余曰,2,,
열하일기,성경잡지,39,119,雖覽榮案,4,,
열하일기,성경잡지,39,120,何知事業,4,,
열하일기,성경잡지,39,121,東野曰,3,,
열하일기,성경잡지,39,122,吾輩俱是草萊踈逖,8,,
열하일기,성경잡지,39,123,殊不識當朝誰爲周,8,,
열하일기,성경잡지,39,124,召,1,,
열하일기,성경잡지,39,125,孰膺夢卜,4,,
열하일기,성경잡지,39,126,余曰,2,,
열하일기,성경잡지,39,127,瀋陽城裏經術文章之士,10,,
열하일기,성경잡지,39,128,可得幾人,4,,
열하일기,성경잡지,39,129,裴生曰,3,,
열하일기,성경잡지,39,130,碌碌無聞,4,,
열하일기,성경잡지,39,131,田生曰,3,,
열하일기,성경잡지,39,132,瀋陽書院,4,,
열하일기,성경잡지,39,133,有三五輩擧人,6,,
열하일기,성경잡지,39,134,爲趁科期京師去了,8,,
열하일기,성경잡지,39,135,余曰,2,,
열하일기,성경잡지,39,136,自此至京師千五百里,9,,
열하일기,성경잡지,39,137,聞人高士,4,,
열하일기,성경잡지,39,138,沿路必多,4,,
열하일기,성경잡지,39,139,願得姓名,4,,
열하일기,성경잡지,39,140,以,1,,
열하일기,성경잡지,39,141,便尋訪,3,,
열하일기,성경잡지,39,142,田生曰,3,,
열하일기,성경잡지,39,143,關外係是邊鄙,6,,
열하일기,성경잡지,39,144,地氣高寒,4,,
열하일기,성경잡지,39,145,人士勁武,4,,
열하일기,성경잡지,39,146,沿路皆乾沒,5,,
열하일기,성경잡지,39,147,如我輩人無足道者,8,,
열하일기,성경잡지,39,148,且薦人最難,5,,
열하일기,성경잡지,39,149,不過擧其所知,6,,
열하일기,성경잡지,39,150,未免阿其所好,6,,
열하일기,성경잡지,39,151,一經高眼,4,,
열하일기,성경잡지,39,152,苟不槪心,4,,
열하일기,성경잡지,39,153,在我爲爽口,5,,
열하일기,성경잡지,39,154,在人爲失望,5,,
열하일기,성경잡지,39,155,如今甚風吹到,6,,
열하일기,성경잡지,39,156,覿面飽,3,,
열하일기,성경잡지,39,157,德,1,,
열하일기,성경잡지,39,158,剪燭論心,4,,
열하일기,성경잡지,39,159,此豈夢想所到,6,,
열하일기,성경잡지,39,160,莫非天緣巧湊,6,,
열하일기,성경잡지,39,161,天下得一知己,6,,
열하일기,성경잡지,39,162,足以不恨,4,,
열하일기,성경잡지,39,163,足下行將自得,6,,
열하일기,성경잡지,39,164,豈由他人,4,,
열하일기,성경잡지,39,165,安,1,,
열하일기,성경잡지,39,166,排舖置,3,,
열하일기,성경잡지,40,1,酒行數巡,4,,
열하일기,성경잡지,40,2,費生磨墨展紙曰,7,,
열하일기,성경잡지,40,3,穆繡寰願得先生筆蹟,9,,
열하일기,성경잡지,40,4,爲上珍,3,,
열하일기,성경잡지,40,5,余爲書潘香祖送金養虛七絶一首,14,,
열하일기,성경잡지,40,6,東野問,3,,
열하일기,성경잡지,40,7,潘香祖貴邦名士麽,8,,
열하일기,성경잡지,40,8,余曰,2,,
열하일기,성경잡지,40,9,非敝邦人,4,,Y
열하일기,성경잡지,40,10,這是錢塘人,5,錢,Y
열하일기,성경잡지,40,11,名廷筠,3,,Y
열하일기,성경잡지,40,12,卽今中書舍人,6,,
열하일기,성경잡지,40,13,香祖其字也,5,,
열하일기,성경잡지,40,14,裴生又出空帖,6,,
열하일기,성경잡지,40,15,請書墨,3,,
열하일기,성경잡지,40,16,濃毫柔,3,,
열하일기,성경잡지,40,17,字畫大佳,4,,
열하일기,성경잡지,40,18,余亦不自意如此,7,,
열하일기,성경잡지,40,19,諸人大加稱賞,6,,
열하일기,성경잡지,40,20,一觴一紙,4,,
열하일기,성경잡지,40,21,筆態恣橫,4,,
열하일기,성경잡지,40,22,下方數頁,4,,
열하일기,성경잡지,40,23,以焦墨,3,,
열하일기,성경잡지,40,24,畵古松恠石,5,,
열하일기,성경잡지,40,25,諸人益喜,4,,
열하일기,성경잡지,40,26,爭出紙筆,4,,
열하일기,성경잡지,40,27,環立求書,4,,
열하일기,성경잡지,40,28,又畵一條墨龍,6,,
열하일기,성경잡지,40,29,彈筆作濃雲急雨,7,,
열하일기,성경잡지,40,30,但鬐鬣梗直,5,,
열하일기,성경잡지,40,31,鱗脊無倫,4,,
열하일기,성경잡지,40,32,爪大於面鼻長於角,8,,
열하일기,성경잡지,40,33,諸人大笑稱奇,6,,
열하일기,성경잡지,40,34,田生與馬鑅,5,,
열하일기,성경잡지,40,35,持燈先歸,4,,
열하일기,성경잡지,40,36,余問話方濃矣,6,,
열하일기,성경잡지,40,37,足下緣何早罷,6,,
열하일기,성경잡지,40,38,田生曰,3,,
열하일기,성경잡지,40,39,非,1,,
열하일기,성경잡지,40,40,欲徑還,3,,
열하일기,성경잡지,40,41,但爲踐誠,4,,
열하일기,성경잡지,40,42,明日臨門,4,,
열하일기,성경잡지,40,43,自當叙別,4,,
열하일기,성경잡지,40,44,余持所畵墨龍,6,,
열하일기,성경잡지,40,45,就燭欲燒,4,,
열하일기,성경잡지,40,46,溫鶩軒急起接手奪之,9,,
열하일기,성경잡지,40,47,摺藏懷中,4,,
열하일기,성경잡지,40,48,裴生大笑曰,5,,
열하일기,성경잡지,40,49,關東千里,4,,
열하일기,성경잡지,40,50,恐値大旱,4,,
열하일기,성경잡지,40,51,余問何以致旱,6,,
열하일기,성경잡지,40,52,裴生曰,3,,
열하일기,성경잡지,40,53,若化火龍去時,6,,
열하일기,성경잡지,40,54,齊叫得苦,4,,
열하일기,성경잡지,40,55,一坐都笑,4,,
열하일기,성경잡지,40,56,裴生,2,,
열하일기,성경잡지,40,57,曰,1,,
열하일기,성경잡지,40,58,龍有善惡,4,,
열하일기,성경잡지,40,59,火龍最毒,4,,
열하일기,성경잡지,40,60,乾隆八年癸亥三月,8,,
열하일기,성경잡지,40,61,關外閭陽野中,6,,
열하일기,성경잡지,40,62,墮了一條龍身,6,,
열하일기,성경잡지,40,63,無雲有雷,4,,
열하일기,성경잡지,40,64,不雨恒電,4,,
열하일기,성경잡지,40,65,關,1,,
열하일기,성경잡지,40,66,外暮春,3,,
열하일기,성경잡지,40,67,天氣忽變,4,,
열하일기,성경잡지,40,68,六月炎暑,4,,
열하일기,성경잡지,40,69,龍傍百里內,5,,
열하일기,성경잡지,40,70,都作洪爐世界,6,,
열하일기,성경잡지,40,71,人畜暍死,4,,
열하일기,성경잡지,40,72,不計其數,4,,Y
열하일기,성경잡지,40,73,商旅不行,4,商,Y
열하일기,성경잡지,40,74,居人晝夜,4,,Y
열하일기,성경잡지,40,75,渾脫,2,,
열하일기,성경잡지,40,76,手不停扇,4,,
열하일기,성경잡지,40,77,皇上敕發關內凌藏數千車,11,,
열하일기,성경잡지,40,78,遍與關外散悶,6,,
열하일기,성경잡지,40,79,大約近龍處,5,,
열하일기,성경잡지,40,80,樹木土石,4,,Y
열하일기,성경잡지,40,81,倍添烘焙,4,倍,Y
열하일기,성경잡지,40,82,井泉皆,3,,Y
열하일기,성경잡지,40,83,沸,1,,
열하일기,성경잡지,40,84,龍臥十日,4,,
열하일기,성경잡지,40,85,忽大雷以風,5,,
열하일기,성경잡지,40,86,潑雨如豆,4,,
열하일기,성경잡지,40,87,大陵河廬舍,5,,
열하일기,성경잡지,40,88,雨中自火,4,,
열하일기,성경잡지,40,89,獨不傷害了人畜,7,,
열하일기,성경잡지,40,90,龍去時人爭出看,7,,
열하일기,성경잡지,40,91,方,1,,
열하일기,성경잡지,40,92,其離身欲騰,5,,
열하일기,성경잡지,40,93,初甚遲懶,4,,
열하일기,성경잡지,40,94,仰首拖尾,4,,
열하일기,성경잡지,40,95,如駝馬立,4,,
열하일기,성경잡지,40,96,長纔三四尺,5,,
열하일기,성경잡지,40,97,口噀火焰,4,,
열하일기,성경잡지,40,98,以尾貼地,4,,
열하일기,성경잡지,40,99,動身一蜿,4,,
열하일기,성경잡지,40,100,鱗鱗耀電,4,,
열하일기,성경잡지,40,101,輒發雷聲,4,,
열하일기,성경잡지,40,102,空裏雨傾,4,,
열하일기,성경잡지,40,103,及掛身古柳上,6,,
열하일기,성경잡지,40,104,從首至尾,4,,
열하일기,성경잡지,40,105,兩樹間十餘丈,6,,
열하일기,성경잡지,40,106,暴雨翻河,4,,
열하일기,성경잡지,40,107,俄頃卽止,4,,
열하일기,성경잡지,40,108,已看天衢矯矯,6,,
열하일기,성경잡지,40,109,東雲霧角,4,,
열하일기,성경잡지,40,110,西雲霧爪,4,,
열하일기,성경잡지,40,111,爪角之間,4,,
열하일기,성경잡지,40,112,不啻數里,4,,
열하일기,성경잡지,40,113,龍之旣去,4,,
열하일기,성경잡지,40,114,風日淸美,4,,
열하일기,성경잡지,40,115,還是三月天氣,6,,
열하일기,성경잡지,40,116,龍臥處滙成數丈淸池,9,,
열하일기,성경잡지,40,117,池傍木石俱焦,6,,
열하일기,성경잡지,40,118,多有半體牛馬,6,,
열하일기,성경잡지,40,119,毛骨燒爍,4,,
열하일기,성경잡지,40,120,魚類巨細,4,,
열하일기,성경잡지,40,121,堆積成邱,4,,
열하일기,성경잡지,40,122,臭穢難近,4,,
열하일기,성경잡지,40,123,獨恠龍掛柳樹,6,,
열하일기,성경잡지,40,124,不墜一葉,4,,
열하일기,성경잡지,40,125,是歲關東大旱,6,,
열하일기,성경잡지,40,126,至九月不雨,5,,
열하일기,성경잡지,40,127,吾恐此龍去作此患也,9,,
열하일기,성경잡지,40,128,一坐復大笑,5,,
열하일기,성경잡지,40,129,余自酌大椀痛飮曰,8,,
열하일기,성경잡지,40,130,賴有此大下酒物,7,,
열하일기,성경잡지,40,131,諸人曰,3,,
열하일기,성경잡지,40,132,是也,2,,
열하일기,성경잡지,40,133,皆於此次,4,,
열하일기,성경잡지,40,134,椀兒行酒,4,,
열하일기,성경잡지,40,135,爲朴公佐歡,5,,
열하일기,성경잡지,40,136,余曰,2,,
열하일기,성경잡지,40,137,諸公知此龍何名,7,,
열하일기,성경잡지,40,138,或曰應龍,4,,
열하일기,성경잡지,40,139,或曰旱魃,4,,
열하일기,성경잡지,40,140,余曰,2,,
열하일기,성경잡지,40,141,否也,2,,
열하일기,성경잡지,40,142,此名罡鐵,4,,
열하일기,성경잡지,40,143,我東鄙諺云,5,,
열하일기,성경잡지,40,144,罡鐵去處,4,,
열하일기,성경잡지,40,145,秋亦爲春,4,,
열하일기,성경잡지,40,146,謂其致旱歲歉也,7,,Y
열하일기,성경잡지,40,147,故貧人謀事違心,7,貧,Y
열하일기,성경잡지,40,148,稱罡鐵之秋,5,,Y
열하일기,성경잡지,40,149,裴生曰,3,,
열하일기,성경잡지,40,150,龍名古奇,4,,
열하일기,성경잡지,40,151,我生之初,4,,
열하일기,성경잡지,40,152,乃丁是,3,,
열하일기,성경잡지,40,153,罡鐵之秋,4,,Y
열하일기,성경잡지,40,154,如何不貧,4,貧,Y
열하일기,성경잡지,40,155,乃長吟曰,4,,Y
열하일기,성경잡지,40,156,罡處,2,,
열하일기,성경잡지,40,157,余呼曰罡鐵,5,,
열하일기,성경잡지,40,158,裴生復呼,4,,
열하일기,성경잡지,40,159,曰罡賤,3,,
열하일기,성경잡지,40,160,余笑曰非音賤也,7,,
열하일기,성경잡지,40,161,如饕餮之鐵,5,,
열하일기,성경잡지,40,162,東野大笑,4,,
열하일기,성경잡지,40,163,仍大呼曰罡靑,6,,
열하일기,성경잡지,40,164,一坐都笑,4,,
열하일기,성경잡지,40,165,盖華音曷月諸韻,7,,
열하일기,성경잡지,40,166,不能轉,3,,
열하일기,성경잡지,40,167,聲也,2,,
열하일기,성경잡지,40,168,余曰,2,,Y
열하일기,성경잡지,40,169,諸公俱是吳蜀客商,8,商,Y
열하일기,성경잡지,40,170,遠地經歲,4,,Y
열하일기,성경잡지,40,171,能無鄕思否,5,,
열하일기,성경잡지,40,172,吳復曰,3,,
열하일기,성경잡지,40,173,正思得苦,4,,
열하일기,성경잡지,40,174,東野曰,3,,
열하일기,성경잡지,40,175,每一念至,4,,
열하일기,성경잡지,40,176,魂神飄,3,,
열하일기,성경잡지,40,177,蕩,1,,
열하일기,성경잡지,40,178,天涯地角,4,,
열하일기,성경잡지,40,179,所爭錐毫,4,,
열하일기,성경잡지,40,180,而暮閭空倚,5,,
열하일기,성경잡지,40,181,春閨獨掩,4,,
열하일기,성경잡지,40,182,鴈書久斷,4,,
열하일기,성경잡지,40,183,鸎夢不到,4,,
열하일기,성경잡지,40,184,如何不令人頭白,7,,
열하일기,성경잡지,40,185,更値月白風,5,,
열하일기,성경잡지,40,186,淸,1,,
열하일기,성경잡지,40,187,木落花發,4,,
열하일기,성경잡지,40,188,尤難爲情,4,,
열하일기,성경잡지,40,189,奈何奈何,4,,
열하일기,성경잡지,40,190,余曰,2,,
열하일기,성경잡지,40,191,若此,2,,
열하일기,성경잡지,40,192,時何不永還本鄕,7,,
열하일기,성경잡지,40,193,躬耕隴畝,4,,
열하일기,성경잡지,40,194,仰事俯育,4,,Y
열하일기,성경잡지,40,195,而專逐末利,5,利,Y
열하일기,성경잡지,40,196,遠別家鄕,4,,Y
열하일기,성경잡지,40,197,雖富埒猗頓,5,富,Y
열하일기,성경잡지,40,198,名如陶朱,4,,Y
열하일기,성경잡지,40,199,有何樂哉,4,,
열하일기,성경잡지,40,200,東野曰,3,,
열하일기,성경잡지,40,201,此還有不然者,6,,
열하일기,성경잡지,40,202,吾鄕之士,4,,
열하일기,성경잡지,40,203,亦多囊螢錐股,6,,
열하일기,성경잡지,40,204,朝薤,2,,
열하일기,성경잡지,40,205,暮鹽,2,,
열하일기,성경잡지,40,206,天可憐見時,5,,
열하일기,성경잡지,40,207,雖得霑微祿,5,,
열하일기,성경잡지,40,208,遊宦萬里,4,,
열하일기,성경잡지,40,209,等是離鄕,4,,
열하일기,성경잡지,40,210,或丁憂論罷,5,,
열하일기,성경잡지,40,211,一般苦景,4,,
열하일기,성경잡지,40,212,有官守者死於職下,8,,
열하일기,성경잡지,40,213,或,1,,
열하일기,성경잡지,40,214,不謹持,3,,
열하일기,성경잡지,40,215,追贓覆業,4,,
열하일기,성경잡지,40,216,雖歎黃犬,4,,
열하일기,성경잡지,40,217,復何益哉,4,,Y
열하일기,성경잡지,40,218,吾輩學殖荒落,6,殖,Y
열하일기,성경잡지,40,219,望絶鴻漸,4,,Y
열하일기,성경잡지,40,220,而亦不能血指汗顔,8,,
열하일기,성경잡지,40,221,黃耳枯項,4,,
열하일기,성경잡지,40,222,粒,1,,
열하일기,성경잡지,40,223,粒辛苦,3,,
열하일기,성경잡지,40,224,斷送百年,4,,
열하일기,성경잡지,40,225,生老病死,4,,
열하일기,성경잡지,40,226,不離鄕井,4,,
열하일기,성경잡지,40,227,守諒溝瀆,4,,
열하일기,성경잡지,40,228,不可語氷,4,,
열하일기,성경잡지,40,229,似此百年,4,,
열하일기,성경잡지,40,230,不如死之久也,6,,Y
열하일기,성경잡지,40,231,開舖貨居,4,貨,Y
열하일기,성경잡지,40,232,雖,1,,Y
열하일기,성경잡지,40,233,云下流,3,,
열하일기,성경잡지,40,234,所歸天開,4,,
열하일기,성경잡지,40,235,一部極樂,4,,
열하일기,성경잡지,40,236,世地設這,4,,
열하일기,성경잡지,40,237,座快活林,4,,
열하일기,성경잡지,40,238,泛朱公之扁舟,6,,
열하일기,성경잡지,40,239,連端木之車騎,6,,
열하일기,성경잡지,40,240,悠悠四方,4,,
열하일기,성경잡지,40,241,都無管,3,,
열하일기,성경잡지,40,242,鈐,1,,
열하일기,성경잡지,40,243,通都大邑,4,,
열하일기,성경잡지,40,244,樂處是家,4,,
열하일기,성경잡지,40,245,長檐華屋,4,,
열하일기,성경잡지,40,246,身閒心逸,4,,
열하일기,성경잡지,40,247,嚴霜烈日,4,,
열하일기,성경잡지,40,248,自在方便,4,,
열하일기,성경잡지,40,249,以此父母敦遣,6,,
열하일기,성경잡지,40,250,妻子不怨,4,,
열하일기,성경잡지,40,251,進退兩,3,,
열하일기,성경잡지,40,252,裕,1,,
열하일기,성경잡지,40,253,寵辱雙忘,4,,
열하일기,성경잡지,40,254,其視農宦兩業,6,,
열하일기,성경잡지,40,255,苦樂何如,4,,
열하일기,성경잡지,40,256,吾輩俱有友朋至性,8,,
열하일기,성경잡지,40,257,三人行必有我師,7,,
열하일기,성경잡지,40,258,二人同心,4,,Y
열하일기,성경잡지,40,259,其利斷金,4,利,Y
열하일기,성경잡지,40,260,天下至樂,4,,Y
열하일기,성경잡지,40,261,無逾於此,4,,
열하일기,성경잡지,40,262,人生百年,4,,
열하일기,성경잡지,40,263,苟無友朋一事,6,,
열하일기,성경잡지,40,264,都沒佳趣,4,,
열하일기,성경잡지,40,265,裹布噉飯的,5,,
열하일기,성경잡지,40,266,摠不識此味,5,,
열하일기,성경잡지,40,267,世間多少,4,,
열하일기,성경잡지,40,268,面目,2,,
열하일기,성경잡지,40,269,可憎,2,,
열하일기,성경잡지,40,270,言語無味者,5,,
열하일기,성경잡지,40,271,眼中只有些衣飯椀,8,,
열하일기,성경잡지,40,272,胸裏全乏個友朋樂,8,,
열하일기,성경잡지,40,273,余曰,2,,
열하일기,성경잡지,40,274,中國四民,4,,
열하일기,성경잡지,40,275,雖各分業,4,,
열하일기,성경잡지,40,276,卻無貴賤,4,,
열하일기,성경잡지,40,277,婚,1,,
열하일기,성경잡지,40,278,嫁仕宦,3,,
열하일기,성경잡지,40,279,不相拘礙否,5,,
열하일기,성경잡지,40,280,東野曰,3,,
열하일기,성경잡지,40,281,我朝有禁,4,,Y
열하일기,성경잡지,40,282,仕宦家不得與商工通婚,10,商,Y
열하일기,성경잡지,40,283,以淸仕路,4,,Y
열하일기,성경잡지,40,284,所以貴道賤利,6,利,Y
열하일기,성경잡지,40,285,崇本抑末,4,,Y
열하일기,성경잡지,40,286,吾輩俱是家世做賣買的,10,買 賣,Y
열하일기,성경잡지,40,287,未得士家爲婚,6,,Y
열하일기,성경잡지,40,288,雖納貲輸米權補生員,9,,Y
열하일기,성경잡지,40,289,亦不許鄕貢爲擧人,8,貢,Y
열하일기,성경잡지,40,290,費生曰,3,,Y
열하일기,성경잡지,40,291,此法只施,4,,
열하일기,성경잡지,40,292,於本貫,3,,
열하일기,성경잡지,40,293,離鄕則未必然,6,,
열하일기,성경잡지,40,294,余曰,2,,
열하일기,성경잡지,40,295,一爲諸生,4,,
열하일기,성경잡지,40,296,則許以士類否,6,,
열하일기,성경잡지,40,297,李曰,2,,
열하일기,성경잡지,40,298,然,1,,
열하일기,성경잡지,40,299,諸生亦有許多名目,8,,Y
열하일기,성경잡지,40,300,有廩生監生貢,6,貢,Y
열하일기,성경잡지,40,301,生,1,,Y
열하일기,성경잡지,40,302,以生員陞補,5,,
열하일기,성경잡지,40,303,一爲生員,4,,
열하일기,성경잡지,40,304,九族生輝,4,,
열하일기,성경잡지,40,305,四隣蒙害,4,,
열하일기,성경잡지,40,306,把持官府,4,,
열하일기,성경잡지,40,307,武斷鄕曲,4,,
열하일기,성경잡지,40,308,此乃生員之專門伎倆,9,,
열하일기,성경잡지,40,309,士流亦,3,,
열하일기,성경잡지,40,310,有三等,3,,
열하일기,성경잡지,40,311,上等仕而仰祿,6,,
열하일기,성경잡지,40,312,中等就舘聚徒,6,,
열하일기,성경잡지,40,313,最下干求假貸,6,,
열하일기,성경잡지,40,314,諺所謂做個求人面不成,10,,
열하일기,성경잡지,40,315,生涯都絶,4,,
열하일기,성경잡지,40,316,不得不做,4,,
열하일기,성경잡지,40,317,個假貸人,4,,
열하일기,성경잡지,40,318,奔忙道路,4,,
열하일기,성경잡지,40,319,不擇寒暑,4,,
열하일기,성경잡지,40,320,向人囁嚅,4,,
열하일기,성경잡지,40,321,情狀先露,4,,
열하일기,성경잡지,40,322,不謂當年高談之士,8,,
열하일기,성경잡지,40,323,化作世間可厭之人,8,,
열하일기,성경잡지,40,324,諺所稱,3,,
열하일기,성경잡지,40,325,求人,2,,
열하일기,성경잡지,40,326,不如求己,4,,Y
열하일기,성경잡지,40,327,所以做賣買的,6,買 賣,Y
열하일기,성경잡지,40,328,自無此惡况苦景也,8,,Y
열하일기,성경잡지,40,329,余曰,2,,
열하일기,성경잡지,40,330,中國觴政,4,,
열하일기,성경잡지,40,331,必爲妙令,4,,
열하일기,성경잡지,40,332,今兩夜羣飮,5,,
열하일기,성경잡지,40,333,不爲酒,3,,
열하일기,성경잡지,40,334,令何也,3,,
열하일기,성경잡지,40,335,裴褐夫曰,4,,
열하일기,성경잡지,40,336,此中古觴政也,6,,
열하일기,성경잡지,40,337,今時看車掌櫃的,7,,
열하일기,성경잡지,40,338,都會了,3,,
열하일기,성경잡지,40,339,非爲風流雅事也,7,,
열하일기,성경잡지,40,340,費生曰,3,,
열하일기,성경잡지,40,341,笠翁笑史錄,5,,
열하일기,성경잡지,40,342,龍子猶高麗僧令云,8,,
열하일기,성경잡지,40,343,朝使出高麗,5,,
열하일기,성경잡지,40,344,高麗使一僧陪宴,7,,
열하일기,성경잡지,40,345,行一令曰,4,,
열하일기,성경잡지,40,346,項羽張良爭一傘羽曰,9,,
열하일기,성경잡지,40,347,雨傘,2,,
열하일기,성경잡지,40,348,良曰,2,,
열하일기,성경잡지,40,349,凉傘,2,,
열하일기,성경잡지,40,350,朝使倉卒對曰,6,,
열하일기,성경잡지,40,351,許由鼂錯爭一胡盧,8,,
열하일기,성경잡지,40,352,由曰油胡盧,5,,
열하일기,성경잡지,40,353,錯曰醋胡盧,5,,
열하일기,성경잡지,40,354,麗僧何名,4,,
열하일기,성경잡지,40,355,余曰,2,,
열하일기,성경잡지,40,356,此令全沒理致,6,,
열하일기,성경잡지,40,357,僧名無,3,,
열하일기,성경잡지,40,358,傳也,2,,
열하일기,성경잡지,40,359,鷄鳴少睡,4,,
열하일기,성경잡지,40,360,戶外人喧,4,,
열하일기,성경잡지,40,361,遂起還寓,4,,
열하일기,성경잡지,40,362,猶未快曙,4,,
열하일기,성경잡지,40,363,遂脫衣就寢,5,,
열하일기,성경잡지,40,364,報飯方醒,4,,
열하일기,성경잡지,41,1,十二日戊子,5,,
열하일기,성경잡지,41,2,小雨卽晴,4,,
열하일기,성경잡지,41,3,自瀋陽至願堂三里,8,,
열하일기,성경잡지,41,4,塔院十里,4,,
열하일기,성경잡지,41,5,方士邨二里,5,,
열하일기,성경잡지,41,6,壯元橋一里,5,,
열하일기,성경잡지,41,7,永安橋十四里,6,,
열하일기,성경잡지,41,8,築路,2,,
열하일기,성경잡지,41,9,自橋始,3,,
열하일기,성경잡지,41,10,雙家子五里,5,,
열하일기,성경잡지,41,11,大方身十里,5,,
열하일기,성경잡지,41,12,共行四十五里,6,,
열하일기,성경잡지,41,13,中火,2,,
열하일기,성경잡지,41,14,自大方身至磨刀橋五里,10,,
열하일기,성경잡지,41,15,邊城十里,4,,
열하일기,성경잡지,41,16,興隆店十,4,,
열하일기,성경잡지,41,17,二里,2,,
열하일기,성경잡지,41,18,孤家子十三里,6,,
열하일기,성경잡지,41,19,共四十里,4,,
열하일기,성경잡지,41,20,是日通行八十五里,8,,
열하일기,성경잡지,41,21,宿孤家子,4,,Y
열하일기,성경잡지,41,22,早發瀋陽至歌商樓,8,商,Y
열하일기,성경잡지,41,23,獨裴寬出迎,5,,Y
열하일기,성경잡지,41,24,溫伯,2,,
열하일기,성경잡지,41,25,高方熟睡,4,,
열하일기,성경잡지,41,26,余擧手作別,5,,
열하일기,성경잡지,41,27,又轉至藝粟齋,6,,
열하일기,성경잡지,41,28,田仕可與費穉出迎,8,,
열하일기,성경잡지,41,29,田生出二封書,6,,
열하일기,성경잡지,41,30,坼一封以示,5,,
열하일기,성경잡지,41,31,卽抵余書,4,,
열하일기,성경잡지,41,32,錄,1,,
열하일기,성경잡지,41,33,古董名目,4,,
열하일기,성경잡지,41,34,一封外付紅籤,6,,
열하일기,성경잡지,41,35,書許太史台邨先生手啓,10,,
열하일기,성경잡지,41,36,田生曰,3,,
열하일기,성경잡지,41,37,此僕苦心,4,,
열하일기,성경잡지,41,38,並無客氣,4,,
열하일기,성경잡지,41,39,朝鮮舘與庶吉士舘,8,,
열하일기,성경잡지,41,40,比門,2,,
열하일기,성경잡지,41,41,先生至都之日,6,,
열하일기,성경잡지,41,42,爲傳此書,4,,
열하일기,성경잡지,41,43,這箇許太史,5,,
열하일기,성경잡지,41,44,一表非俗,4,,
열하일기,성경잡지,41,45,兼得好文章,5,,
열하일기,성경잡지,41,46,定然善遇足下,6,,
열하일기,성경잡지,41,47,書中俱有先生大,7,,
열하일기,성경잡지,41,48,名表德,3,,
열하일기,성경잡지,41,49,庶不致誤這一路也,8,,
열하일기,성경잡지,41,50,余曰,2,,
열하일기,성경잡지,41,51,諸公不能面面叙別,8,,
열하일기,성경잡지,41,52,殊深悵缺,4,,
열하일기,성경잡지,41,53,足下爲道此意,6,,
열하일기,성경잡지,41,54,田生點頭,4,,
열하일기,성경잡지,41,55,余方欲起,4,,
열하일기,성경잡지,41,56,身,1,,
열하일기,성경잡지,41,57,田生曰,3,,
열하일기,성경잡지,41,58,穆繡寰來也,5,,
열하일기,성경잡지,41,59,穆春携一少年,6,,
열하일기,성경잡지,41,60,手持一籃葡萄,6,,
열하일기,성경잡지,41,61,蓋少年爲見余,6,,
열하일기,성경잡지,41,62,持葡萄作面幣也,7,,
열하일기,성경잡지,41,63,少年向余肅,5,,
열하일기,성경잡지,41,64,揖,1,,
열하일기,성경잡지,41,65,前執余手,4,,
열하일기,성경잡지,41,66,如舊交,3,,
열하일기,성경잡지,41,67,但緣行忙,4,,
열하일기,성경잡지,41,68,因擧手作別,5,,
열하일기,성경잡지,41,69,出舖乘馬,4,,
열하일기,성경잡지,41,70,少年至馬首,5,,
열하일기,성경잡지,41,71,雙手捧過葡萄籃子,8,,
열하일기,성경잡지,41,72,余於馬上,4,,
열하일기,성경잡지,41,73,爲執一朶,4,,
열하일기,성경잡지,41,74,擧手致謝而行,6,,
열하일기,성경잡지,41,75,回首看,3,,
열하일기,성경잡지,41,76,時諸人者,4,,
열하일기,성경잡지,41,77,猶立舖前,4,,
열하일기,성경잡지,41,78,望余行也,4,,
열하일기,성경잡지,41,79,可惜行忙,4,,
열하일기,성경잡지,41,80,未問少年姓名,6,,
열하일기,성경잡지,41,81,連夜失,3,,
열하일기,성경잡지,41,82,睡,1,,
열하일기,성경잡지,41,83,日出後困憊特甚,7,,
열하일기,성경잡지,41,84,令昌大放鞚,5,,
열하일기,성경잡지,41,85,與張福左右堅擁而行,9,,
열하일기,성경잡지,41,86,穩睡一頓,4,,
열하일기,성경잡지,41,87,精神始淸,4,,Y
열하일기,성경잡지,41,88,物色倍新,4,倍,Y
열하일기,성경잡지,41,89,張福曰,3,,Y
열하일기,성경잡지,41,90,俄,1,,
열하일기,성경잡지,41,91,有蒙古牽兩匹槖駝而過,10,,
열하일기,성경잡지,41,92,余罵曰,3,,
열하일기,성경잡지,41,93,何不告余,4,,
열하일기,성경잡지,41,94,昌大曰,3,,
열하일기,성경잡지,41,95,是時鼾聲如雷,6,,
열하일기,성경잡지,41,96,呼之不應奈何,6,,
열하일기,성경잡지,41,97,小人等亦初見,6,,
열하일기,성경잡지,41,98,不,1,,
열하일기,성경잡지,41,99,知是何物,4,,
열하일기,성경잡지,41,100,意以爲槖駝也,6,,
열하일기,성경잡지,41,101,余問其形何如,6,,
열하일기,성경잡지,41,102,昌大曰,3,,
열하일기,성경잡지,41,103,實難形容,4,,
열하일기,성경잡지,41,104,以爲馬也則蹄是兩歧而尾如牛,13,,
열하일기,성경잡지,41,105,以爲牛,3,,
열하일기,성경잡지,41,106,也,1,,
열하일기,성경잡지,41,107,則頭無雙角而面似羊,9,,
열하일기,성경잡지,41,108,以爲羊也,4,,
열하일기,성경잡지,41,109,則毛不卷曲,5,,
열하일기,성경잡지,41,110,而背有二峯,5,,
열하일기,성경잡지,41,111,仰首如鵝,4,,
열하일기,성경잡지,41,112,開目如盲,4,,
열하일기,성경잡지,41,113,余曰,2,,
열하일기,성경잡지,41,114,果是槖駝,4,,
열하일기,성경잡지,41,115,其大如何,4,,
열하일기,성경잡지,41,116,指一丈頹垣曰,6,,
열하일기,성경잡지,41,117,其高如彼,4,,
열하일기,성경잡지,41,118,勑是後若逢初見之物,9,,
열하일기,성경잡지,41,119,雖値眠値食,5,,
열하일기,성경잡지,41,120,必爲提告,4,,
열하일기,성경잡지,41,121,落日荒荒,4,,
열하일기,성경잡지,41,122,正在馬,3,,
열하일기,성경잡지,41,123,首,1,,
열하일기,성경잡지,41,124,河邊驢群數百頭,7,,
열하일기,성경잡지,41,125,方飮河,3,,
열하일기,성경잡지,41,126,有一老村婆,5,,
열하일기,성경잡지,41,127,手持高梁幹來驅驢,8,,
열하일기,성경잡지,41,128,七八歲小童,5,,
열하일기,성경잡지,41,129,隨婆往來,4,,
열하일기,성경잡지,41,130,那村婆身披靑,6,,
열하일기,성경잡지,41,131,布短裙,3,,
열하일기,성경잡지,41,132,足穿一對黑靴子,7,,
열하일기,성경잡지,41,133,頭髮盡禿,4,,
열하일기,성경잡지,41,134,光光如瓠,4,,
열하일기,성경잡지,41,135,而腦邊小結,5,,
열하일기,성경잡지,41,136,纔得一寸,4,,
열하일기,성경잡지,41,137,猶盛飾各樣花朶,7,,
열하일기,성경잡지,41,138,向張福丐東,5,,
열하일기,성경잡지,41,139,烟,1,,
열하일기,성경잡지,41,140,余問這箇牲口都是爾們一戶之所畜麽,16,,
열하일기,성경잡지,41,141,老婆點頭而去,6,,
열하일기,성경잡지,41,142,未知能會聽否也,7,,
열하일기,성경잡지,43,1,文王鼎,3,,
열하일기,성경잡지,43,2,召父鼎,3,,
열하일기,성경잡지,43,3,亞虎父鼎,4,,Y
열하일기,성경잡지,43,4,此商周上賞,5,商,Y
열하일기,성경잡지,43,5,周王伯鼎,4,,Y
열하일기,성경잡지,43,6,單徒鼎,3,,
열하일기,성경잡지,43,7,周豊鼎,3,,
열하일기,성경잡지,43,8,皆唐天寶中局鑄,7,,
열하일기,성경잡지,43,9,軆小,2,,
열하일기,성경잡지,43,10,最宜書齋,4,,
열하일기,성경잡지,43,11,薰燎,2,,Y
열하일기,성경잡지,43,12,商父乙鼎,4,商,Y
열하일기,성경잡지,43,13,父已鼎,3,,Y
열하일기,성경잡지,43,14,父癸鼎,3,,Y
열하일기,성경잡지,43,15,商子鼎,3,商,Y
열하일기,성경잡지,43,16,秉仲鼎,3,,Y
열하일기,성경잡지,43,17,饕餮鼎,3,,
열하일기,성경잡지,43,18,李婦鼎,3,,Y
열하일기,성경잡지,43,19,商魚鼎,3,商,Y
열하일기,성경잡지,43,20,周益鼎,3,,Y
열하일기,성경잡지,43,21,商乙毛鼎,4,商,Y
열하일기,성경잡지,43,22,父甲鼎,3,,Y
열하일기,성경잡지,43,23,此皆元時姜娘子倣鑄,9,,
열하일기,성경잡지,43,24,周大叔鼎,4,,
열하일기,성경잡지,43,25,周鼎,2,,
열하일기,성경잡지,43,26,俱堪入書室淸供,7,,
열하일기,성경잡지,43,27,鼎爐之環耳僘口,7,,
열하일기,성경잡지,43,28,爪腹鷄腿,4,,
열하일기,성경잡지,43,29,皆爲下品,4,,
열하일기,성경잡지,43,30,不,1,,
열하일기,성경잡지,43,31,堪入玩,3,,
열하일기,성경잡지,43,32,勿取可也,4,,
열하일기,성경잡지,43,33,周師望敦,4,,
열하일기,성경잡지,43,34,兕敦,2,,
열하일기,성경잡지,43,35,翼敦,2,,Y
열하일기,성경잡지,43,36,商母乙鬲,4,商,Y
열하일기,성경잡지,43,37,周蔑敖鬲,4,,Y
열하일기,성경잡지,43,38,商虎首彛,4,商,Y
열하일기,성경잡지,43,39,周辛彛,3,,Y
열하일기,성경잡지,43,40,已上俱載博古圖中,8,,
열하일기,성경잡지,43,41,近日新刻,4,,
열하일기,성경잡지,43,42,西淸古鑑,4,,
열하일기,성경잡지,43,43,製式尤精,4,,
열하일기,성경잡지,43,44,先於書肆中,5,,
열하일기,성경잡지,43,45,索見西淸古鑑,6,,
열하일기,성경잡지,43,46,按名審圖,4,,
열하일기,성경잡지,43,47,先講其式樣,5,,
열하일기,성경잡지,43,48,精雅入賞者,5,,
열하일기,성경잡지,43,49,次,1,,
열하일기,성경잡지,43,50,於廠中,3,,
열하일기,성경잡지,43,51,或隆福報國寺市日,8,,
열하일기,성경잡지,43,52,索之俱有不爽,6,,
열하일기,성경잡지,43,53,觚尊觶此三器,6,,
열하일기,성경잡지,43,54,皆酒具,3,,
열하일기,성경잡지,43,55,亦可揷花,4,,
열하일기,성경잡지,43,56,以供燕居淸賞,6,,
열하일기,성경잡지,43,57,官窰法,3,,
열하일기,성경잡지,43,58,式品格,3,,
열하일기,성경잡지,43,59,大約與哥窰相同,7,,
열하일기,성경잡지,43,60,色取粉靑,4,,
열하일기,성경잡지,43,61,或卵白汁水瑩,6,,
열하일기,성경잡지,43,62,厚如凝脂,4,,
열하일기,성경잡지,43,63,爲上品,3,,
열하일기,성경잡지,43,64,其次淡白油灰色,7,,
열하일기,성경잡지,43,65,愼勿取之,4,,
열하일기,성경잡지,43,66,紋取氷裂鱔血爲上,8,,
열하일기,성경잡지,43,67,細碎紋紋之下品,7,,
열하일기,성경잡지,43,68,勿取可也,4,,
열하일기,성경잡지,43,69,其製亦多博古圖中取式者,11,,
열하일기,성경잡지,43,70,無論鼎彛甁壺觚尊諸式,10,,
열하일기,성경잡지,43,71,但短矮肥腹,5,,
열하일기,성경잡지,43,72,俗惡無足入翫,6,,
열하일기,성경잡지,43,73,勿取可也,4,,
열하일기,성경잡지,44,1,僕於去年冬初入都,8,,
열하일기,성경잡지,44,2,春仲乃還,4,,
열하일기,성경잡지,44,3,在都時,3,,
열하일기,성경잡지,44,4,日至廠中,4,,
열하일기,성경잡지,44,5,觸目瑰奇,4,,
열하일기,성경잡지,44,6,不可名狀,4,,
열하일기,성경잡지,44,7,河伯知醜,4,,
열하일기,성경잡지,44,8,不幡已降,4,,
열하일기,성경잡지,44,9,第是金,3,,
열하일기,성경잡지,44,10,閶浮薄之徒,5,,
열하일기,성경잡지,44,11,蝨緣蚤跳,4,,
열하일기,성경잡지,44,12,闖處廠間,4,,Y
열하일기,성경잡지,44,13,濫呼湧價,4,價,Y
열하일기,성경잡지,44,14,不翅十倍,4,倍,Y
열하일기,성경잡지,44,15,甘言利口,4,利,Y
열하일기,성경잡지,44,16,鎔人鐵膓,4,,Y
열하일기,성경잡지,44,17,僕這一路,4,,
열하일기,성경잡지,44,18,係是初,3,,
열하일기,성경잡지,44,19,塘眩,2,,
열하일기,성경잡지,44,20,轉慌惑,3,,
열하일기,성경잡지,44,21,三官逬迭,4,,
열하일기,성경잡지,44,22,五內顚倒,4,,
열하일기,성경잡지,44,23,毫無見德於彼,6,,
열하일기,성경잡지,44,24,只得陪愚而還,6,,
열하일기,성경잡지,44,25,靜思此事,4,,
열하일기,성경잡지,44,26,髮輒指冠,4,,
열하일기,성경잡지,44,27,何也,2,,
열하일기,성경잡지,44,28,生長邊鄙,4,,
열하일기,성경잡지,44,29,愿,1,,
열하일기,성경잡지,44,30,愨冲虛,3,,
열하일기,성경잡지,44,31,固其土性也,5,,
열하일기,성경잡지,44,32,燕石自珍,4,,
열하일기,성경잡지,44,33,魚目難辨,4,,
열하일기,성경잡지,44,34,其勢則然,4,,
열하일기,성경잡지,44,35,所可恨者,4,,Y
열하일기,성경잡지,44,36,兼輸買笑之直,6,買,Y
열하일기,성경잡지,44,37,是所謂重利盜跖也,8,利,Y
열하일기,성경잡지,44,38,今送足下入都,6,,Y
열하일기,성경잡지,44,39,所以眷眷貢愚者,7,貢,Y
열하일기,성경잡지,44,40,誠爲異邦君子,6,,Y
열하일기,성경잡지,44,41,他日東還,4,,
열하일기,성경잡지,44,42,庶不都誣大國無人也,9,,
열하일기,성경잡지,44,43,幷布赤心,4,,
열하일기,성경잡지,44,44,古書古,3,,
열하일기,성경잡지,44,45,畵,1,,
열하일기,성경잡지,44,46,鑑旣未到,4,,
열하일기,성경잡지,44,47,癖又不深,4,,
열하일기,성경잡지,44,48,不敢强其所不知,7,,
열하일기,성경잡지,44,49,率爾臆對,4,,
열하일기,성경잡지,44,50,大約俱非前賢手蹟,8,,
열하일기,성경잡지,44,51,亦係名筆善摹,6,,
열하일기,성경잡지,44,52,雖無老成,4,,
열하일기,성경잡지,44,53,可見典刑,4,,
열하일기,성경잡지,44,54,米蔡蘇黃,4,,
열하일기,성경잡지,44,55,俱宜按名,4,,
열하일기,성경잡지,44,56,足下前日,4,,
열하일기,성경잡지,44,57,不以僕鄙卑,5,,
열하일기,성경잡지,44,58,猥托求賢之心,6,,
열하일기,성경잡지,44,59,而沿路立談,5,,
열하일기,성경잡지,44,60,未可造次輸誠,6,,
열하일기,성경잡지,44,61,亦非枉路屈駕,6,,
열하일기,성경잡지,44,62,所宜容易,4,,
열하일기,성경잡지,44,63,僕在都時,4,,
열하일기,성경잡지,44,64,得與許太史諱兆黨,8,,
열하일기,성경잡지,44,65,數日周旋,4,,
열하일기,성경잡지,44,66,結爲知己之友,6,,
열하일기,성경잡지,44,67,字台村,3,,
열하일기,성경잡지,44,68,係是湖北,4,,
열하일기,성경잡지,44,69,人,1,,
열하일기,성경잡지,44,70,此有一封候札,6,,
열하일기,성경잡지,44,71,足下入都之日,6,,
열하일기,성경잡지,44,72,倘尋翰林院,5,,
열하일기,성경잡지,44,73,訪那許台村,5,,
열하일기,성경잡지,44,74,爲叱賤名,4,,
열하일기,성경잡지,44,75,交傳此書,4,,
열하일기,성경잡지,44,76,若知足下與僕如此,8,,
열하일기,성경잡지,44,77,密友,2,,
열하일기,성경잡지,44,78,時必不見外,5,,
열하일기,성경잡지,44,79,並囑台村爲人磊落,8,,Y
열하일기,성경잡지,44,80,一見可契,4,契,Y
열하일기,성경잡지,44,81,庶無誤薦之辜,6,,Y
열하일기,성경잡지,44,82,並希朴公老爺,6,,
열하일기,성경잡지,44,83,照心不具,4,,
열하일기,성경잡지,44,84,田仕可頓,4,,
열하일기,성경잡지,44,85,首,1,,
열하일기,성경잡지,45,1,十三日己丑,5,,
열하일기,성경잡지,45,2,晴大風,3,,
열하일기,성경잡지,45,3,自孤家子曉發,6,,
열하일기,성경잡지,45,4,至巨流河八里,6,,
열하일기,성경잡지,45,5,一名周流河,5,,
열하일기,성경잡지,45,6,巨流河堡七里,6,,
열하일기,성경잡지,45,7,泌店子三里,5,,
열하일기,성경잡지,45,8,五渡河,3,,
열하일기,성경잡지,45,9,二里,2,,
열하일기,성경잡지,45,10,四方臺五里,5,,
열하일기,성경잡지,45,11,郭家屯三里,5,,
열하일기,성경잡지,45,12,新民屯三里,5,,
열하일기,성경잡지,45,13,小黃旗堡四里,6,,
열하일기,성경잡지,45,14,中火,2,,
열하일기,성경잡지,45,15,共三十五里,5,,
열하일기,성경잡지,45,16,自小黃旗堡至大黃旗,9,,
열하일기,성경잡지,45,17,堡八里,3,,
열하일기,성경잡지,45,18,柳河溝十二里,6,,
열하일기,성경잡지,45,19,石獅子十二里,6,,
열하일기,성경잡지,45,20,營房十里,4,,
열하일기,성경잡지,45,21,白旗堡五里,5,,
열하일기,성경잡지,45,22,共四十七里,5,,
열하일기,성경잡지,45,23,是日通行八十二里,8,,
열하일기,성경잡지,45,24,宿白,2,,
열하일기,성경잡지,45,25,旗堡,2,,
열하일기,성경잡지,45,26,曉起盥櫛,4,,
열하일기,성경잡지,45,27,厭莫甚焉,4,,
열하일기,성경잡지,45,28,月初落矣,4,,
열하일기,성경잡지,45,29,滿天星顆互瞬,6,,
열하일기,성경잡지,45,30,村鷄迭鳴,4,,
열하일기,성경잡지,45,31,行不數里,4,,
열하일기,성경잡지,45,32,白霧漫漫,4,,Y
열하일기,성경잡지,45,33,大野浸成水銀,6,銀,Y
열하일기,성경잡지,45,34,海,1,,Y
열하일기,성경잡지,45,35,一隊灣商相語而行,8,商,Y
열하일기,성경잡지,45,36,矇矓如夢中讀奇書,8,,Y
열하일기,성경잡지,45,37,不甚了了,4,,
열하일기,성경잡지,45,38,而靈幻則極矣,6,,
열하일기,성경잡지,45,39,少焉,2,,
열하일기,성경잡지,45,40,天色向曙,4,,
열하일기,성경잡지,45,41,萬柳秋蟬,4,,
열하일기,성경잡지,45,42,一,1,,
열하일기,성경잡지,45,43,時發響,3,,
열하일기,성경잡지,45,44,非渠來報,4,,
열하일기,성경잡지,45,45,已知午天酷炎矣,7,,
열하일기,성경잡지,45,46,野霧漸收,4,,
열하일기,성경잡지,45,47,遠村廟堂前,5,,
열하일기,성경잡지,45,48,旗竿如帆檣,5,,
열하일기,성경잡지,45,49,回看東天,4,,
열하일기,성경잡지,45,50,火雲滃潏,4,,
열하일기,성경잡지,45,51,盪出,2,,
열하일기,성경잡지,45,52,一輪紅日,4,,
열하일기,성경잡지,45,53,半湧半沉於薥黍田中,9,,
열하일기,성경잡지,45,54,遲遲冉冉,4,,
열하일기,성경잡지,45,55,圓滿遼東,4,,
열하일기,성경잡지,45,56,而野地上,4,,
열하일기,성경잡지,45,57,去馬來車,4,,
열하일기,성경잡지,45,58,靜樹止屋,4,,
열하일기,성경잡지,45,59,森如秋毫,4,,
열하일기,성경잡지,45,60,皆,1,,
열하일기,성경잡지,45,61,入火輪中矣,5,,
열하일기,성경잡지,45,62,新民屯,3,,
열하일기,성경잡지,45,63,市肆閭閻,4,,
열하일기,성경잡지,45,64,不减遼東,4,,Y
열하일기,성경잡지,45,65,入一典當舖,5,典當,Y
열하일기,성경잡지,45,66,滿庭葡萄架,5,,Y
열하일기,성경잡지,45,67,綠陰玲瓏,4,,
열하일기,성경잡지,45,68,庭中堆纍諸色恠石,8,,
열하일기,성경잡지,45,69,成一座假山,5,,
열하일기,성경잡지,45,70,山前一丈大甕裏,7,,
열하일기,성경잡지,45,71,開得四五柄蓮花,7,,
열하일기,성경잡지,45,72,坎地安一間木槽,7,,
열하일기,성경잡지,45,73,養一對鸂,4,,
열하일기,성경잡지,45,74,兒,1,,
열하일기,성경잡지,45,75,繞山櫚秋海棠安,7,,
열하일기,성경잡지,45,76,石榴,2,,
열하일기,성경잡지,45,77,共有十餘盆,5,,
열하일기,성경잡지,45,78,珠帳下列椅坐,6,,
열하일기,성경잡지,45,79,着五六籌莽漢,6,,
열하일기,성경잡지,45,80,見余起揖請坐,6,,
열하일기,성경잡지,45,81,勸了一椀凉茶,6,,
열하일기,성경잡지,45,82,舖主出紅紙二張,7,,
열하일기,성경잡지,45,83,紙,1,,
열하일기,성경잡지,45,84,面乳金細畵兩條螭龍,9,,
열하일기,성경잡지,45,85,請書柱聯,4,,
열하일기,성경잡지,45,86,余書鴛鴦對浴能飛繡,9,,
열하일기,성경잡지,45,87,菡萏初開不語仙,7,,
열하일기,성경잡지,45,88,觀者齊聲稱好筆法,8,,
열하일기,성경잡지,45,89,舖主請,3,,
열하일기,성경잡지,45,90,客官坐一等,5,,
열하일기,성경잡지,45,91,俺更覔佳紙來也,7,,
열하일기,성경잡지,45,92,卽起身去,4,,
열하일기,성경잡지,45,93,少頃左手持紙,6,,
열하일기,성경잡지,45,94,右手捧着一鍾濃墨而來,10,,
열하일기,성경잡지,45,95,刀剪一張白鷺紙,7,,
열하일기,성경잡지,45,96,爲三尺來卷子,6,,
열하일기,성경잡지,45,97,要書門舖首幾字佳題,9,,
열하일기,성경잡지,45,98,余於沿路上市舖,7,,
열하일기,성경잡지,45,99,每見欺霜賽雪四個字揭在門楣上,14,,
열하일기,성경잡지,45,100,意內以爲,4,,Y
열하일기,성경잡지,45,101,做個賣買的,5,買 賣,Y
열하일기,성경잡지,45,102,自衒其本分心地皎潔,9,,Y
열하일기,성경잡지,45,103,與秋霜一般,5,,
열하일기,성경잡지,45,104,乃復壓過他白白的雪色,10,,
열하일기,성경잡지,45,105,又想數日前過爛泥堡時,10,,
열하일기,성경잡지,45,106,一,1,,
열하일기,성경잡지,45,107,舖門楣上,4,,
열하일기,성경잡지,45,108,這箇四字,4,,
열하일기,성경잡지,45,109,筆法甚奇,4,,
열하일기,성경잡지,45,110,余立馬一玩,5,,
열하일기,성경잡지,45,111,霜雪兩字,4,,
열하일기,성경잡지,45,112,該是米海嶽體,6,,
열하일기,성경잡지,45,113,今可倣此這樣字來,8,,
열하일기,성경잡지,45,114,蘸毫低昂,4,,
열하일기,성경잡지,45,115,墨光騰紫,4,,
열하일기,성경잡지,45,116,濃淡正匀,4,,
열하일기,성경잡지,45,117,於是臨紙從左而右,8,,
열하일기,성경잡지,45,118,先書一箇雪字,6,,
열하일기,성경잡지,45,119,雖未得較似米元章,8,,
열하일기,성경잡지,45,120,何渠不若董太史,7,,
열하일기,성경잡지,45,121,觀者,2,,
열하일기,성경잡지,45,122,越添,2,,
열하일기,성경잡지,45,123,齊道書字狠好,6,,
열하일기,성경잡지,45,124,次書賽字,4,,
열하일기,성경잡지,45,125,則或稱好樣書字,7,,
열하일기,성경잡지,45,126,但舖主氣色頗異,7,,
열하일기,성경잡지,45,127,未若雪字時叫絶,7,,
열하일기,성경잡지,45,128,余默念賽字不,6,,
열하일기,성경잡지,45,129,恒書,2,,
열하일기,성경잡지,45,130,未慣於手,4,,
열하일기,성경잡지,45,131,上寒太密,4,,
열하일기,성경잡지,45,132,下貝過長,4,,
열하일기,성경잡지,45,133,以此不愜,4,,
열하일기,성경잡지,45,134,又筆頭濃墨,5,,
열하일기,성경잡지,45,135,誤墮賽字左點傍,7,,
열하일기,성경잡지,45,136,漸染得一斑豹文,7,,
열하일기,성경잡지,45,137,這,1,,
열하일기,성경잡지,45,138,個鹵漢,3,,
열하일기,성경잡지,45,139,想以此爲病也,6,,
열하일기,성경잡지,45,140,遂一腕連寫霜欺二字,9,,
열하일기,성경잡지,45,141,拋筆順讀,4,,
열하일기,성경잡지,45,142,合是爲欺霜賽雪四個大字,11,,
열하일기,성경잡지,45,143,舖主搖着頭道不,7,,
열하일기,성경잡지,45,144,相干,2,,
열하일기,성경잡지,45,145,余遂道再看兒,6,,
열하일기,성경잡지,45,146,起身出,3,,Y
열하일기,성경잡지,45,147,默罵道小去處做賣買的,10,買 賣,Y
열하일기,성경잡지,45,148,惡能及瀋陽諸人,7,,Y
열하일기,성경잡지,45,149,這個麤莽漢,5,,
열하일기,성경잡지,45,150,那知書字好否,6,,
열하일기,성경잡지,45,151,是日日出後,5,,
열하일기,성경잡지,45,152,大風掀動八表,6,,
열하일기,성경잡지,45,153,午後風止,4,,
열하일기,성경잡지,45,154,天無一點氛埃,6,,
열하일기,성경잡지,45,155,暴炎蒸敲,4,,
열하일기,성경잡지,45,156,自永安橋,4,,
열하일기,성경잡지,45,157,以連抱大木,5,,
열하일기,성경잡지,45,158,編成爲梁,4,,
열하일기,성경잡지,45,159,梁高數丈,4,,
열하일기,성경잡지,45,160,廣五丈,3,,
열하일기,성경잡지,45,161,兩沿木頭齊整,6,,
열하일기,성경잡지,45,162,如一刀裁劃,5,,
열하일기,성경잡지,45,163,梁下溝澮,4,,
열하일기,성경잡지,45,164,綠水無際,4,,
열하일기,성경잡지,45,165,靑泥潤爛若闢,6,,
열하일기,성경잡지,45,166,此爲萬區水田,6,,
열하일기,성경잡지,45,167,不知歲收得幾億萬石紅稻香粳,13,,
열하일기,성경잡지,45,168,或曰,2,,
열하일기,성경잡지,45,169,康煕皇帝爲耕織圖,8,,
열하일기,성경잡지,45,170,農政諸書,4,,
열하일기,성경잡지,45,171,今皇帝實是老農家子弟,10,,
열하일기,성경잡지,45,172,非不知,3,,
열하일기,성경잡지,45,173,關外靑黧土爲上上田,9,,
열하일기,성경잡지,45,174,第以關外之地,6,,
열하일기,성경잡지,45,175,爲自家根本之鄕,7,,
열하일기,성경잡지,45,176,水稻腴香,4,,
열하일기,성경잡지,45,177,飯顆潤爛,4,,
열하일기,성경잡지,45,178,使民恒服,4,,
열하일기,성경잡지,45,179,則筋解骨軟,5,,
열하일기,성경잡지,45,180,難以用武,4,,
열하일기,성경잡지,45,181,不如常食黍粱旱稻,8,,
열하일기,성경잡지,45,182,敎民善耐飢,5,,
열하일기,성경잡지,45,183,壯血氣而忘口腹也,8,,
열하일기,성경잡지,45,184,寧棄千里膏沃之野,8,,
열하일기,성경잡지,45,185,令作瘠土向義之,7,,
열하일기,성경잡지,45,186,民,1,,
열하일기,성경잡지,45,187,此其深長慮也,6,,
열하일기,성경잡지,45,188,沿路二里三里之間,8,,
열하일기,성경잡지,45,189,閭井斷續,4,,
열하일기,성경잡지,45,190,車馬連絡,4,,
열하일기,성경잡지,45,191,左右市舖,4,,
열하일기,성경잡지,45,192,無非可觀,4,,
열하일기,성경잡지,45,193,而自鳳城以來,6,,
열하일기,성경잡지,45,194,雖,1,,Y
열하일기,성경잡지,45,195,奢儉不同,4,儉 奢,Y
열하일기,성경잡지,45,196,摠是一樣規模,6,,Y
열하일기,성경잡지,45,197,有時瞢騰過眼者,7,,
열하일기,성경잡지,45,198,可驚可喜,4,,
열하일기,성경잡지,45,199,而未可殫記,5,,
열하일기,성경잡지,45,200,日暮遠地烟鋪,6,,
열하일기,성경잡지,45,201,促鞭趕站,4,,
열하일기,성경잡지,45,202,瓜田裏,3,,
열하일기,성경잡지,45,203,走出一個老者,6,,
열하일기,성경잡지,45,204,跪了馬前,4,,
열하일기,성경잡지,45,205,指着三五間獨戶老屋,9,,
열하일기,성경잡지,45,206,道俺老身一口兒,7,,Y
열하일기,성경잡지,45,207,路傍賣些甛瓜資生,8,賣 資,Y
열하일기,성경잡지,45,208,你們高麗人三,6,,Y
열하일기,성경잡지,45,209,五十,2,,
열하일기,성경잡지,45,210,俄刻過去時,5,,
열하일기,성경잡지,45,211,暫停此中,4,,Y
열하일기,성경잡지,45,212,初則出價賣喫,6,賣 價,Y
열하일기,성경잡지,45,213,臨起一個個各手執蓏,9,,Y
열하일기,성경잡지,45,214,鬨堂都走了,5,,
열하일기,성경잡지,45,215,余曰,2,,
열하일기,성경잡지,45,216,儞何不遮訴大,6,,
열하일기,성경잡지,45,217,人們,2,,
열하일기,성경잡지,45,218,老者落淚,4,,
열하일기,성경잡지,45,219,道往訴時,4,,
열하일기,성경잡지,45,220,你們的大人,5,,
열하일기,성경잡지,45,221,粧啞粧聾,4,,
열하일기,성경잡지,45,222,俺一個身怎生抵當,8,,
열하일기,성경잡지,45,223,他三五拾箇生力的幫子,10,,
열하일기,성경잡지,45,224,如今,2,,
열하일기,성경잡지,45,225,往趕時,3,,
열하일기,성경잡지,45,226,一個幫子攔絶了,7,,
열하일기,성경잡지,45,227,去路將那蓏子,6,,
열하일기,성경잡지,45,228,還擲俺面上,5,,
열하일기,성경잡지,45,229,眼起雙電,4,,
열하일기,성경잡지,45,230,蓏汁未乾,4,,
열하일기,성경잡지,45,231,因要淸心元,5,,
열하일기,성경잡지,45,232,以無爲答,4,,
열하일기,성경잡지,45,233,則緊抱昌大之腰,7,,Y
열하일기,성경잡지,45,234,强要買蓏,4,買,Y
열하일기,성경잡지,45,235,因將五顆甘蓏來置面前,10,,Y
열하일기,성경잡지,45,236,余亦欲解渴,5,,
열하일기,성경잡지,45,237,遂削喫一蓏,5,,
열하일기,성경잡지,45,238,則香甛異常,5,,
열하일기,성경잡지,45,239,令張福,3,,
열하일기,성경잡지,45,240,帶去四蓏爲夜供,7,,
열하일기,성경잡지,45,241,渠輩各喫兩蓏,6,,
열하일기,성경잡지,45,242,共是九個,4,,
열하일기,성경잡지,45,243,老者堅討八十文,7,,
열하일기,성경잡지,45,244,張福計給五十,6,,
열하일기,성경잡지,45,245,則大怒不受,5,,
열하일기,성경잡지,45,246,兩隷探囊,4,,
열하일기,성경잡지,45,247,共計七十一文以給之,9,,
열하일기,성경잡지,45,248,余先上馬,4,,
열하일기,성경잡지,45,249,使張福加給,5,,
열하일기,성경잡지,45,250,張福披囊示之,6,,
열하일기,성경잡지,45,251,然後乃已,4,,
열하일기,성경잡지,45,252,始見其垂淚而哀之,8,,
열하일기,성경잡지,45,253,末乃勒,3,,Y
열하일기,성경잡지,45,254,賣九蓏,3,賣,Y
열하일기,성경잡지,45,255,堅討近百高價,6,價,Y
열하일기,성경잡지,45,256,殊可痛歎,4,,Y
열하일기,성경잡지,45,257,然我隷沿路行刦,7,,
열하일기,성경잡지,45,258,尤可恨也,4,,
열하일기,성경잡지,45,259,昏後抵站,4,,
열하일기,성경잡지,45,260,出蓏與淸如季涵輩,8,,
열하일기,성경잡지,45,261,爲飯後,3,,
열하일기,성경잡지,45,262,鎭口,2,,
열하일기,성경잡지,45,263,爲道遞馬時,5,,
열하일기,성경잡지,45,264,下隷刦蓏事,5,,
열하일기,성경잡지,45,265,諸馬頭皆言元無是事,9,,Y
열하일기,성경잡지,45,266,獨戶賣蓏的老漢,7,賣,Y
열하일기,성경잡지,45,267,元來姦巧無雙,6,,Y
열하일기,성경잡지,45,268,見書房主落,5,,
열하일기,성경잡지,45,269,後獨行,3,,
열하일기,성경잡지,45,270,粧出謊話,4,,
열하일기,성경잡지,45,271,故作可憐之態,6,,
열하일기,성경잡지,45,272,要得淸心丸也,6,,Y
열하일기,성경잡지,45,273,余始覺其見賣,6,賣,Y
열하일기,성경잡지,45,274,念其賣蓏事,5,賣,Y
열하일기,성경잡지,45,275,尤可切痛,4,,Y
열하일기,성경잡지,45,276,况其副急淚,5,,
열하일기,성경잡지,45,277,何從得來,4,,
열하일기,성경잡지,45,278,時大曰,3,,
열하일기,성경잡지,45,279,此漢卽漢人也,6,,
열하일기,성경잡지,45,280,滿人無似此妖惡事云,9,,
열하일기,성경잡지,46,1,十四日庚寅,5,,
열하일기,성경잡지,46,2,晴,1,,
열하일기,성경잡지,46,3,自白旗堡至小白旗堡十二里,12,,
열하일기,성경잡지,46,4,平房六里,4,,
열하일기,성경잡지,46,5,一半拉門一名一板門十二里,12,,
열하일기,성경잡지,46,6,靠山屯八里,5,,
열하일기,성경잡지,46,7,二道井十二里,6,,
열하일기,성경잡지,46,8,共五十里,4,,
열하일기,성경잡지,46,9,中火,2,,
열하일기,성경잡지,46,10,又自二道井至隱寂寺八里,11,,
열하일기,성경잡지,46,11,古家舖二十二里,7,,
열하일기,성경잡지,46,12,梁路止此古井子一里,9,,
열하일기,성경잡지,46,13,十扛子九里,5,,
열하일기,성경잡지,46,14,烟臺六里,4,,
열하일기,성경잡지,46,15,小黑山四里,5,,
열하일기,성경잡지,46,16,共五十里,4,,
열하일기,성경잡지,46,17,是日通行百里,6,,
열하일기,성경잡지,46,18,宿小黑山,4,,
열하일기,성경잡지,46,19,今日乃末伏也,6,,
열하일기,성경잡지,46,20,晩炎尤當甚,5,,
열하일기,성경잡지,46,21,酷,1,,
열하일기,성경잡지,46,22,而站程又遠,5,,
열하일기,성경잡지,46,23,故一行曉發,5,,
열하일기,성경잡지,46,24,余與鄭裨將,5,,
열하일기,성경잡지,46,25,卞主簿先行,5,,
열하일기,성경잡지,46,26,路中語昨日日出時光景,10,,
열하일기,성경잡지,46,27,兩人銳意一觀,6,,
열하일기,성경잡지,46,28,而日,2,,
열하일기,성경잡지,46,29,出時東天雲霧未消,8,,
열하일기,성경잡지,46,30,光景大不如昨日,7,,
열하일기,성경잡지,46,31,日旣離地丈餘,6,,
열하일기,성경잡지,46,32,而日下層雲,5,,
열하일기,성경잡지,46,33,化作萬道金蛟,6,,
열하일기,성경잡지,46,34,跳騰震盪,4,,
열하일기,성경잡지,46,35,神出鬼,3,,
열하일기,성경잡지,46,36,沒,1,,
열하일기,성경잡지,46,37,不定一色,4,,
열하일기,성경잡지,46,38,日馭徐驅,4,,
열하일기,성경잡지,46,39,只顧上天去矣,6,,
열하일기,성경잡지,46,40,自遼陽以來,5,,
열하일기,성경잡지,46,41,多經小小城池,6,,
열하일기,성경잡지,46,42,而不可殫記,5,,
열하일기,성경잡지,46,43,所謂三里之城,6,,
열하일기,성경잡지,46,44,五,1,,
열하일기,성경잡지,46,45,里之郭,3,,
열하일기,성경잡지,46,46,而未必皆郡邑治所,8,,
열하일기,성경잡지,46,47,不過是鄕井保聚,7,,
열하일기,성경잡지,46,48,然其制度無異大城也,9,,
열하일기,성경잡지,46,49,一板門二道井,6,,
열하일기,성경잡지,46,50,地勢洿下,4,,
열하일기,성경잡지,46,51,小雨,2,,
열하일기,성경잡지,46,52,泥濘,2,,
열하일기,성경잡지,46,53,方春解氷時,5,,
열하일기,성경잡지,46,54,誤入泥中,4,,
열하일기,성경잡지,46,55,則連人帶馬,5,,
열하일기,성경잡지,46,56,頃刻不見,4,,
열하일기,성경잡지,46,57,咫尺難救,4,,
열하일기,성경잡지,46,58,昨年春,3,,Y
열하일기,성경잡지,46,59,山西賈客二十餘人,8,賈,Y
열하일기,성경잡지,46,60,皆乘健,3,,Y
열하일기,성경잡지,46,61,騾至一板門,5,,
열하일기,성경잡지,46,62,一時陷沒,4,,
열하일기,성경잡지,46,63,我國驅人,4,,
열하일기,성경잡지,46,64,亦陷失二名云,6,,
열하일기,성경잡지,46,65,唐書太宗征高句麗,8,,
열하일기,성경잡지,46,66,不得志而還,5,,
열하일기,성경잡지,46,67,至渤錯水,4,,
열하일기,성경잡지,46,68,阻淖八,3,,
열하일기,성경잡지,46,69,十里,2,,
열하일기,성경잡지,46,70,車騎不得通,5,,
열하일기,성경잡지,46,71,長孫無忌與楊師道等,9,,
열하일기,성경잡지,46,72,率萬人斬樵築道,7,,
열하일기,성경잡지,46,73,聯車爲梁,4,,
열하일기,성경잡지,46,74,帝於馬上,4,,
열하일기,성경잡지,46,75,自負薪以助役,6,,
열하일기,성경잡지,46,76,雪甚,2,,
열하일기,성경잡지,46,77,詔屬燎以濟,5,,
열하일기,성경잡지,46,78,今未知渤錯水在於何處,10,,
열하일기,성경잡지,46,79,而遼野千里,5,,
열하일기,성경잡지,46,80,土細如麵,4,,
열하일기,성경잡지,46,81,遇雨黏濃,4,,
열하일기,성경잡지,46,82,如糖之融,4,,
열하일기,성경잡지,46,83,沒人腰膝,4,,
열하일기,성경잡지,46,84,纔拔一,3,,
열하일기,성경잡지,46,85,脚,1,,
열하일기,성경잡지,46,86,則一脚漸深,5,,
열하일기,성경잡지,46,87,若不努力抽足,6,,
열하일기,성경잡지,46,88,則地中若有吸引者,8,,
열하일기,성경잡지,46,89,全身都沒,4,,
열하일기,성경잡지,46,90,不見陷痕,4,,
열하일기,성경잡지,46,91,今淸家數幸盛京,7,,
열하일기,성경잡지,46,92,故自永安,4,,
열하일기,성경잡지,46,93,橋,1,,
열하일기,성경잡지,46,94,編木爲梁,4,,
열하일기,성경잡지,46,95,以禦潦淖,4,,
열하일기,성경잡지,46,96,而至古家舖前始止,8,,
열하일기,성경잡지,46,97,二百餘里之間,6,,
열하일기,성경잡지,46,98,一梁爲路,4,,Y
열하일기,성경잡지,46,99,非但物力之富壯,7,富,Y
열하일기,성경잡지,46,100,木頭無一參,5,,Y
열하일기,성경잡지,46,101,差,1,,
열하일기,성경잡지,46,102,二百里兩沿,5,,
열하일기,성경잡지,46,103,如引一繩,4,,
열하일기,성경잡지,46,104,可見其制作之精一矣,9,,
열하일기,성경잡지,46,105,故民間尋常制作,7,,
열하일기,성경잡지,46,106,能相視效,4,,
열하일기,성경잡지,46,107,規模大同,4,,
열하일기,성경잡지,46,108,德保所稱大,5,,
열하일기,성경잡지,46,109,國心法,3,,
열하일기,성경잡지,46,110,最不可當者,5,,
열하일기,성경잡지,46,111,正在此等也,5,,
열하일기,성경잡지,46,112,今此梁路,4,,
열하일기,성경잡지,46,113,三歲一改云,5,,
열하일기,성경잡지,46,114,唐書渤錯水,5,,
열하일기,성경잡지,46,115,似在一板二井之間也,9,,
열하일기,성경잡지,46,116,自鴉鶻,3,,
열하일기,성경잡지,46,117,關,1,,
열하일기,성경잡지,46,118,每見閭里中,5,,
열하일기,성경잡지,46,119,高設白色牌樓者,7,,
열하일기,성경잡지,46,120,初喪之家也,5,,
열하일기,성경잡지,46,121,以蘆簟結構,5,,
열하일기,성경잡지,46,122,瓦溝鴟吻,4,,
열하일기,성경잡지,46,123,無異木石,4,,
열하일기,성경잡지,46,124,高四五丈,4,,
열하일기,성경잡지,46,125,離立喪,3,,
열하일기,성경잡지,46,126,家門前十步之間,7,,
열하일기,성경잡지,46,127,其下列坐,4,,
열하일기,성경잡지,46,128,皷吹疊鉦一對,6,,
열하일기,성경잡지,46,129,觱篥一對,4,,
열하일기,성경잡지,46,130,嗩吶一對,4,,
열하일기,성경잡지,46,131,晝夜不離,4,,
열하일기,성경잡지,46,132,吊客臨門,4,,
열하일기,성경잡지,46,133,則大吹大打,5,,
열하일기,성경잡지,46,134,上食祭奠,4,,
열하일기,성경잡지,46,135,內有哭聲,4,,
열하일기,성경잡지,46,136,則外輒以皷吹相和,8,,
열하일기,성경잡지,46,137,余至十扛子小憩,7,,
열하일기,성경잡지,46,138,與鄭卞閒行街市,7,,
열하일기,성경잡지,46,139,至一蘆簞牌樓,6,,
열하일기,성경잡지,46,140,方欲詳,3,,
열하일기,성경잡지,46,141,翫結構,3,,
열하일기,성경잡지,46,142,而大動皷吹,5,,
열하일기,성경잡지,46,143,兩人不覺掩耳而走,8,,
열하일기,성경잡지,46,144,余亦兩耳響塞,6,,
열하일기,성경잡지,46,145,搖手止聲,4,,
열하일기,성경잡지,46,146,而全不採聽,5,,
열하일기,성경잡지,46,147,只顧吹打,4,,
열하일기,성경잡지,46,148,余欲見喪,4,,
열하일기,성경잡지,46,149,家制度,3,,
열하일기,성경잡지,46,150,方移步進至大門前,8,,
열하일기,성경잡지,46,151,門裏走出一個喪人,8,,
열하일기,성경잡지,46,152,號哭突至面前,6,,
열하일기,성경잡지,46,153,放了竹杖,4,,
열하일기,성경잡지,46,154,再伏再起,4,,
열하일기,성경잡지,46,155,伏則以頭頓地,6,,
열하일기,성경잡지,46,156,起則以足蹈地,6,,
열하일기,성경잡지,46,157,淚如雨下,4,,
열하일기,성경잡지,46,158,無數哀號,4,,
열하일기,성경잡지,46,159,變起倉卒,4,,
열하일기,성경잡지,46,160,罔知攸措,4,,
열하일기,성경잡지,46,161,喪人背後,4,,
열하일기,성경잡지,46,162,隨著五六人,5,,
열하일기,성경잡지,46,163,皆白巾雙擁,5,,
열하일기,성경잡지,46,164,余臂,2,,
열하일기,성경잡지,46,165,進入門裏,4,,
열하일기,성경잡지,46,166,喪人亦止哭跟後,7,,
열하일기,성경잡지,46,167,適逢乾粮馬頭二同,8,,
열하일기,성경잡지,46,168,自內方出,4,,
열하일기,성경잡지,46,169,余喜甚,3,,
열하일기,성경잡지,46,170,忙問曰,3,,
열하일기,성경잡지,46,171,此將奈何,4,,
열하일기,성경잡지,46,172,二同曰,3,,
열하일기,성경잡지,46,173,小人,2,,
열하일기,성경잡지,46,174,與亡者同甲,5,,
열하일기,성경잡지,46,175,素相親善,4,,
열하일기,성경잡지,46,176,俄者入吊其妻,6,,
열하일기,성경잡지,46,177,余問吊禮如何,6,,
열하일기,성경잡지,46,178,二同曰,3,,
열하일기,성경잡지,46,179,執喪人手曰,5,,
열하일기,성경잡지,46,180,爾父歸天,4,,
열하일기,성경잡지,46,181,二同亦隨,4,,
열하일기,성경잡지,46,182,余,1,,
열하일기,성경잡지,46,183,還入曰,3,,
열하일기,성경잡지,46,184,不可不給與白紙卷,8,,
열하일기,성경잡지,46,185,小人當周旋,5,,
열하일기,성경잡지,46,186,堂前以蘆簞架起大屋,9,,
열하일기,성경잡지,46,187,結構奇異,4,,
열하일기,성경잡지,46,188,滿庭白布幔,5,,
열하일기,성경잡지,46,189,區處內外服,5,,
열하일기,성경잡지,46,190,人,1,,
열하일기,성경잡지,46,191,二同曰,3,,
열하일기,성경잡지,46,192,主人當待以酒果,7,,
열하일기,성경잡지,46,193,第小遲待,4,,
열하일기,성경잡지,46,194,未可徑起,4,,
열하일기,성경잡지,46,195,若不食時,4,,
열하일기,성경잡지,46,196,大爲羞恥,4,,
열하일기,성경잡지,46,197,余曰,2,,
열하일기,성경잡지,46,198,旣爲入來,4,,
열하일기,성경잡지,46,199,此亦觀光,4,,
열하일기,성경잡지,46,200,但主人受吊則苦矣,8,,
열하일기,성경잡지,46,201,二同曰,3,,
열하일기,성경잡지,46,202,俄已吊矣,4,,
열하일기,성경잡지,46,203,不必更吊,4,,
열하일기,성경잡지,46,204,指簟屋曰,4,,
열하일기,성경잡지,46,205,此其殯所,4,,
열하일기,성경잡지,46,206,男女皆空堂室,6,,
열하일기,성경잡지,46,207,移處殯屋,4,,
열하일기,성경잡지,46,208,布,1,,
열하일기,성경잡지,46,209,幔中,2,,
열하일기,성경잡지,46,210,各爲朞功處所,6,,
열하일기,성경잡지,46,211,葬後各歸云,5,,
열하일기,성경잡지,46,212,帳裏有一女子,6,,
열하일기,성경잡지,46,213,頻頻出首而視,6,,
열하일기,성경잡지,46,214,白布纏首,4,,
열하일기,성경잡지,46,215,上加麻絰,4,,
열하일기,성경잡지,46,216,二同曰,3,,
열하일기,성경잡지,46,217,此亡,2,,
열하일기,성경잡지,46,218,者之少女,4,,Y
열하일기,성경잡지,46,219,嫁爲山海關富商之妻,9,富 商,Y
열하일기,성경잡지,46,220,良久,2,,Y
열하일기,성경잡지,46,221,喪人自簟屋出坐椅上,9,,
열하일기,성경잡지,46,222,白巾數人,4,,
열하일기,성경잡지,46,223,持兩椀麵,4,,
열하일기,성경잡지,46,224,一盤菓品,4,,
열하일기,성경잡지,46,225,一盤豆,3,,
열하일기,성경잡지,46,226,腐,1,,
열하일기,성경잡지,46,227,一盤菜蔬,4,,
열하일기,성경잡지,46,228,兩椀茶,3,,
열하일기,성경잡지,46,229,一罐酒,3,,
열하일기,성경잡지,46,230,卓子上擺列面前,7,,
열하일기,성경잡지,46,231,置三箇空盞,5,,
열하일기,성경잡지,46,232,對卓又置空椅,6,,
열하일기,성경잡지,46,233,列著三盞,4,,
열하일기,성경잡지,46,234,請二同坐,4,,
열하일기,성경잡지,46,235,二,1,,
열하일기,성경잡지,46,236,同固辭曰,4,,
열하일기,성경잡지,46,237,俺們老爺在上,6,,
열하일기,성경잡지,46,238,不敢對頭坐,5,,
열하일기,성경잡지,46,239,著,1,,Y
열하일기,성경잡지,46,240,因出外持白紙一卷錢一鈔而來,13,錢,Y
열하일기,성경잡지,46,241,置主人面前,5,,Y
열하일기,성경잡지,46,242,爲道余致賻,5,,
열하일기,성경잡지,46,243,之意,2,,
열하일기,성경잡지,46,244,主人下椅叩頭恭謝,8,,
열하일기,성경잡지,46,245,余略喫蔬果,5,,
열하일기,성경잡지,46,246,因起出,3,,
열하일기,성경잡지,46,247,主人送至門外,6,,
열하일기,성경잡지,46,248,門傍兩廂裏,5,,
열하일기,성경잡지,46,249,方造竹馬,4,,
열하일기,성경잡지,46,250,以紙塗之,4,,
열하일기,성경잡지,46,251,少,1,,
열하일기,성경잡지,46,252,頃使行至此遞馬,7,,
열하일기,성경잡지,46,253,副使亦繼至,5,,
열하일기,성경잡지,46,254,卸轎路中,4,,
열하일기,성경잡지,46,255,余爲言俄刻吊喪之禮,9,,
열하일기,성경잡지,46,256,皆大笑,3,,
열하일기,성경잡지,46,257,二道井,3,,
열하일기,성경잡지,46,258,邨閭頗盛,4,,
열하일기,성경잡지,46,259,隱寂寺宏,4,,
열하일기,성경잡지,46,260,大而頗破敗,5,,
열하일기,성경잡지,46,261,碑有朝鮮人施主姓名,9,,Y
열하일기,성경잡지,46,262,似皆灣商也,5,商,Y
열하일기,성경잡지,46,263,自此始見醫巫閭山,8,,Y
열하일기,성경잡지,46,264,橫障西北天際,6,,
열하일기,성경잡지,46,265,如垂翠帳,4,,
열하일기,성경잡지,46,266,而峯,2,,
열하일기,성경잡지,46,267,巒猶未明見,5,,
열하일기,성경잡지,46,268,渾河以後,4,,
열하일기,성경잡지,46,269,五渡河,3,,
열하일기,성경잡지,46,270,皆以舟濟,4,,
열하일기,성경잡지,46,271,烟臺自此始,5,,
열하일기,성경잡지,46,272,五里一臺,4,,
열하일기,성경잡지,46,273,圓徑十餘丈,5,,
열하일기,성경잡지,46,274,高五六丈,4,,
열하일기,성경잡지,46,275,築同城制,4,,
열하일기,성경잡지,46,276,上設砲穴女墻,6,,
열하일기,성경잡지,46,277,戚南宮繼光所設八百望是也,12,,
열하일기,성경잡지,46,278,小黑山,3,,
열하일기,성경잡지,46,279,野中平坡稍阜,6,,
열하일기,성경잡지,46,280,而有拳大小山故名,8,,
열하일기,성경잡지,46,281,閭閻櫛比,4,,
열하일기,성경잡지,46,282,市舖繁華,4,,
열하일기,성경잡지,46,283,不减新民屯,5,,
열하일기,성경잡지,46,284,綠蕪中,3,,
열하일기,성경잡지,46,285,馬騾牛羊千百爲群,8,,
열하일기,성경잡지,46,286,亦可謂大去處矣,7,,
열하일기,성경잡지,46,287,一行下隷,4,,
열하일기,성경잡지,46,288,例於小黑山,5,,
열하일기,성경잡지,46,289,烹猪相,3,,
열하일기,성경잡지,46,290,犒云,2,,
열하일기,성경잡지,46,291,張福昌大告夜往得喫,9,,
열하일기,성경잡지,46,292,是夕月色如晝,6,,
열하일기,성경잡지,46,293,暑氣已退,4,,
열하일기,성경잡지,46,294,飯後卽出,4,,
열하일기,성경잡지,46,295,瞭望遠野,4,,
열하일기,성경잡지,46,296,蒼烟鋪地,4,,
열하일기,성경잡지,46,297,牛羊各歸,4,,
열하일기,성경잡지,46,298,市,1,,
열하일기,성경잡지,46,299,舖未及盡閉,5,,
열하일기,성경잡지,46,300,遂獨入一舖,5,,
열하일기,성경잡지,46,301,庭中設高架,5,,
열하일기,성경잡지,46,302,覆以蘆簟,4,,
열하일기,성경잡지,46,303,自下引繩而撤之,7,,
열하일기,성경잡지,46,304,以納月光也,5,,
열하일기,성경잡지,46,305,奇花異艸,4,,
열하일기,성경잡지,46,306,交映月中,4,,
열하일기,성경잡지,46,307,道上遊子,4,,
열하일기,성경잡지,46,308,見余入此,4,,
열하일기,성경잡지,46,309,隨來盈庭,4,,
열하일기,성경잡지,46,310,入一角門,4,,
열하일기,성경잡지,46,311,庭廣如前堂,5,,
열하일기,성경잡지,46,312,欄干下,3,,
열하일기,성경잡지,46,313,有數本綠蕉,5,,
열하일기,성경잡지,46,314,四人圍卓而坐,6,,
열하일기,성경잡지,46,315,就中一,3,,
열하일기,성경잡지,46,316,人,1,,
열하일기,성경잡지,46,317,方據卓,3,,
열하일기,성경잡지,46,318,寫新秋慶賞四字,7,,
열하일기,성경잡지,46,319,紙紅墨紫,4,,
열하일기,성경잡지,46,320,白月臨之,4,,
열하일기,성경잡지,46,321,雖未仔細,4,,
열하일기,성경잡지,46,322,運筆甚艱,4,,
열하일기,성경잡지,46,323,僅成字樣,4,,
열하일기,성경잡지,46,324,余心裏暗忖道,6,,
열하일기,성경잡지,46,325,看,1,,
열하일기,성경잡지,46,326,渠筆法若是其拙,7,,
열하일기,성경잡지,46,327,正吾得意之秋也,7,,
열하일기,성경잡지,46,328,諸人爭看,4,,
열하일기,성경잡지,46,329,卽貼之堂前,5,,
열하일기,성경잡지,46,330,正中門楣上,5,,
열하일기,성경잡지,46,331,葢賞月賀榜也,6,,
열하일기,성경잡지,46,332,皆起向堂前,5,,
열하일기,성경잡지,46,333,負手瞻翫,4,,
열하일기,성경잡지,46,334,卓上更有他紙,6,,
열하일기,성경잡지,46,335,余因坐椅,4,,
열하일기,성경잡지,46,336,濃蘸餘墨,4,,
열하일기,성경잡지,46,337,不顧是非,4,,
열하일기,성경잡지,46,338,大書特書曰,5,,
열하일기,성경잡지,46,339,新秋慶賞,4,,
열하일기,성경잡지,46,340,一人回顧見余書字,8,,
열하일기,성경잡지,46,341,疾呼諸人,4,,
열하일기,성경잡지,46,342,趨至卓前,4,,
열하일기,성경잡지,46,343,叫呶讙笑曰,5,,
열하일기,성경잡지,46,344,高麗好書字,5,,
열하일기,성경잡지,46,345,或曰,2,,
열하일기,성경잡지,46,346,東夷書字同,5,,
열하일기,성경잡지,46,347,或曰,2,,
열하일기,성경잡지,46,348,字同音不同,5,,
열하일기,성경잡지,46,349,余鏗然擲筆起,6,,
열하일기,성경잡지,46,350,諸人爭挽余手曰,7,,
열하일기,성경잡지,46,351,更勞客官坐一坐,7,,
열하일기,성경잡지,46,352,尊姓大名,4,,
열하일기,성경잡지,46,353,余書示之,4,,
열하일기,성경잡지,46,354,諸人益大喜,5,,
열하일기,성경잡지,46,355,余之初至也,5,,
열하일기,성경잡지,46,356,不以爲悅,4,,
열하일기,성경잡지,46,357,視若尋,3,,
열하일기,성경잡지,46,358,常,1,,
열하일기,성경잡지,46,359,及見余書,4,,
열하일기,성경잡지,46,360,察其氣色,4,,
열하일기,성경잡지,46,361,大喜過望,4,,
열하일기,성경잡지,46,362,忙進一椀茶,5,,
열하일기,성경잡지,46,363,又爇烟相勸,5,,
열하일기,성경잡지,46,364,轉眄之間,4,,
열하일기,성경잡지,46,365,溫冷頓異,4,,
열하일기,성경잡지,46,366,諸人者皆太原汾,7,,
열하일기,성경잡지,46,367,晉人也,3,,
열하일기,성경잡지,46,368,去歲來此,4,,
열하일기,성경잡지,46,369,新開首飾舖,5,,Y
열하일기,성경잡지,46,370,收買釵釧簪珥彄環等物,10,買,Y
열하일기,성경잡지,46,371,起號晩翠堂,5,,Y
열하일기,성경잡지,46,372,三人俱姓崔,5,,
열하일기,성경잡지,46,373,一柳一霍,4,,
열하일기,성경잡지,46,374,皆文筆,3,,
열하일기,성경잡지,46,375,極短,2,,
열하일기,성경잡지,46,376,無可足語,4,,
열하일기,성경잡지,46,377,而霍生最優,5,,
열하일기,성경잡지,46,378,五人者俱年三十餘,8,,
열하일기,성경잡지,46,379,豪健如騾子,5,,
열하일기,성경잡지,46,380,雖面皮白淨,5,,
열하일기,성경잡지,46,381,眉目媚嫵,4,,
열하일기,성경잡지,46,382,俱無十分淸雅,6,,
열하일기,성경잡지,46,383,之氣,2,,
열하일기,성경잡지,46,384,絶異於吳蜀諸人,7,,
열하일기,성경잡지,46,385,四方風土之不同,7,,
열하일기,성경잡지,46,386,足可見矣,4,,
열하일기,성경잡지,46,387,山西出將,4,,
열하일기,성경잡지,46,388,果非虛語也,5,,
열하일기,성경잡지,46,389,余問霍生曰,5,,
열하일기,성경잡지,46,390,君居太原,4,,
열하일기,성경잡지,46,391,貴鄕郭泰峯號錦衲知之乎,11,,
열하일기,성경잡지,46,392,霍生曰,3,,
열하일기,성경잡지,46,393,不知,2,,
열하일기,성경잡지,46,394,遂點霍郭兩字曰,7,,
열하일기,성경잡지,46,395,這是郭太祖之郭,7,,
열하일기,성경잡지,46,396,吾是霍去病之霍,7,,
열하일기,성경잡지,46,397,余笑,2,,
열하일기,성경잡지,46,398,曰,1,,
열하일기,성경잡지,46,399,何不引汾陽博陸,7,,
열하일기,성경잡지,46,400,而乃證周祖嫖姚乎,8,,
열하일기,성경잡지,46,401,霍生諦視無語,6,,
열하일기,성경잡지,46,402,想彼認吾以霍郭同用,9,,
열하일기,성경잡지,46,403,如滿人,3,,
열하일기,성경잡지,46,404,故分曉如此,5,,
열하일기,성경잡지,46,405,也,1,,
열하일기,성경잡지,46,406,霍生曰,3,,
열하일기,성경잡지,46,407,登州下陸,4,,
열하일기,성경잡지,46,408,緣何到此,4,,
열하일기,성경잡지,46,409,余曰,2,,
열하일기,성경잡지,46,410,吾非航海來也,6,,
열하일기,성경잡지,46,411,旱路三千里,5,,
열하일기,성경잡지,46,412,直抵皇京,4,,
열하일기,성경잡지,46,413,霍生曰,3,,
열하일기,성경잡지,46,414,高麗是日本否,6,,
열하일기,성경잡지,46,415,一人持紅紙來,6,,
열하일기,성경잡지,46,416,請書,2,,
열하일기,성경잡지,46,417,招朋引類來者漸多,8,,
열하일기,성경잡지,46,418,余曰,2,,
열하일기,성경잡지,46,419,紅紙寫字非佳,6,,
열하일기,성경잡지,46,420,更持卵白的來也,7,,
열하일기,성경잡지,46,421,一人忙去,4,,
열하일기,성경잡지,46,422,卽覔數張,4,,
열하일기,성경잡지,46,423,粉紙而來,4,,
열하일기,성경잡지,46,424,余遂剪作柱聯書之曰,9,,
열하일기,성경잡지,46,425,翁之樂者山林也,7,,
열하일기,성경잡지,46,426,客亦知夫水月乎,7,,
열하일기,성경잡지,46,427,於是諸人,4,,
열하일기,성경잡지,46,428,俱大歡樂,4,,
열하일기,성경잡지,46,429,爭爲磨墨,4,,
열하일기,성경잡지,46,430,來去紛紜,4,,
열하일기,성경잡지,46,431,皆覔紙故也,5,,
열하일기,성경잡지,46,432,余遂隨展隨寫,6,,
열하일기,성경잡지,46,433,手不停筆,4,,
열하일기,성경잡지,46,434,如題訟牒,4,,
열하일기,성경잡지,46,435,一人問客官飮酒麽,8,,
열하일기,성경잡지,46,436,余曰,2,,
열하일기,성경잡지,46,437,巵酒安足辭,5,,
열하일기,성경잡지,46,438,諸人皆大笑,5,,
열하일기,성경잡지,46,439,卽持一罐湯酒而來,8,,
열하일기,성경잡지,46,440,連勸三杯,4,,
열하일기,성경잡지,46,441,余曰,2,,
열하일기,성경잡지,46,442,主人何不飮乎,6,,
열하일기,성경잡지,46,443,曰,1,,
열하일기,성경잡지,46,444,無一人飮者,5,,
열하일기,성경잡지,46,445,於是來觀者,5,,
열하일기,성경잡지,46,446,爭以,2,,
열하일기,성경잡지,46,447,蘋菓沙菓蔔萄等物勸食,10,,
열하일기,성경잡지,46,448,余曰,2,,
열하일기,성경잡지,46,449,月色雖明,4,,
열하일기,성경잡지,46,450,猶妨寫字,4,,
열하일기,성경잡지,46,451,不如點燭,4,,
열하일기,성경잡지,46,452,霍生曰,3,,
열하일기,성경잡지,46,453,天上高懸一片鏡,7,,
열하일기,성경잡지,46,454,人間勝似萬,5,,
열하일기,성경잡지,46,455,枝燈,2,,
열하일기,성경잡지,46,456,一人曰,3,,
열하일기,성경잡지,46,457,相公眼昏麽,5,,
열하일기,성경잡지,46,458,余曰,2,,
열하일기,성경잡지,46,459,然,1,,
열하일기,성경잡지,46,460,遂點上四枝燭,6,,
열하일기,성경잡지,46,461,余念昨日當舖所書欺霜賽雪四字,14,,
열하일기,성경잡지,46,462,舖主怎地不悅,6,,
열하일기,성경잡지,46,463,吾當爲前日雪耻也,8,,
열하일기,성경잡지,46,464,遂謂舖主曰,5,,
열하일기,성경잡지,46,465,主人家要得舖首佳題麽,10,,
열하일기,성경잡지,46,466,舖主們齊道此特尤好,9,,
열하일기,성경잡지,46,467,余遂寫出欺霜賽雪,8,,
열하일기,성경잡지,46,468,四字,2,,
열하일기,성경잡지,46,469,諸人俱面面相覷,7,,
열하일기,성경잡지,46,470,與當舖氣色一般的,8,,
열하일기,성경잡지,46,471,殊常,2,,
열하일기,성경잡지,46,472,余胷裏念道又是恠事,9,,
열하일기,성경잡지,46,473,余道不相干麽,6,,
열하일기,성경잡지,46,474,舖主道是也,5,,
열하일기,성경잡지,46,475,霍生曰,3,,Y
열하일기,성경잡지,46,476,俺舖專一收賣婦人的首飾,11,賣,Y
열하일기,성경잡지,46,477,不是麪家,4,,Y
열하일기,성경잡지,46,478,余始覺其誤,5,,
열하일기,성경잡지,46,479,可謂羞前之爲,6,,
열하일기,성경잡지,46,480,遂曰,2,,
열하일기,성경잡지,46,481,我已知道了,5,,
열하일기,성경잡지,46,482,聊試閒,3,,
열하일기,성경잡지,46,483,筆耳,2,,
열하일기,성경잡지,46,484,前日遼陽市中鷄鳴副珈金字題,13,,
열하일기,성경잡지,46,485,驀然入想,4,,
열하일기,성경잡지,46,486,似是與此一般舖子,8,,
열하일기,성경잡지,46,487,遂書副珈堂三字,7,,
열하일기,성경잡지,46,488,諸人尤叫歡不,6,,
열하일기,성경잡지,46,489,絶,1,,
열하일기,성경잡지,46,490,霍生問此號何義,7,,
열하일기,성경잡지,46,491,余曰,2,,Y
열하일기,성경잡지,46,492,今貴舖是收賣婦人的首飾,11,賣,Y
열하일기,성경잡지,46,493,詩所稱副笄六珈者是也,10,,Y
열하일기,성경잡지,46,494,霍生謝曰,4,,
열하일기,성경잡지,46,495,敝舖榮耀,4,,
열하일기,성경잡지,46,496,何以報德,4,,
열하일기,성경잡지,46,497,明日將觀北鎭廟,7,,
열하일기,성경잡지,46,498,故早還,3,,
열하일기,성경잡지,46,499,語行中諸人以此刻光景,10,,
열하일기,성경잡지,46,500,莫不絶倒,4,,
열하일기,성경잡지,46,501,是後每遇舖首,6,,
열하일기,성경잡지,46,502,欺霜賽雪,4,,
열하일기,성경잡지,46,503,是,1,,
열하일기,성경잡지,46,504,必麪家,3,,
열하일기,성경잡지,46,505,非言其心地之皎潔,8,,
열하일기,성경잡지,46,506,正誇其麪與霜爭纖,8,,
열하일기,성경잡지,46,507,與雪勝白麪者,6,,
열하일기,성경잡지,46,508,我東所謂眞末也,7,,
열하일기,성경잡지,46,509,約淸如季涵趙主簿,8,,
열하일기,성경잡지,46,510,達東,2,,
열하일기,성경잡지,46,511,同遊北鎭廟,5,,
열하일기,성경잡지,48,1,聖慈寺,3,,
열하일기,성경잡지,48,2,崇德二年戊寅建,7,,
열하일기,성경잡지,48,3,殿宇深嚴宏麗,6,,
열하일기,성경잡지,48,4,法堂臺高一丈,6,,
열하일기,성경잡지,48,5,周設石欄,4,,
열하일기,성경잡지,48,6,殿上籠罩罘罳,6,,
열하일기,성경잡지,48,7,有三株古松,5,,
열하일기,성경잡지,48,8,交柯,2,,
열하일기,성경잡지,48,9,互枝,2,,
열하일기,성경잡지,48,10,蒼翠滿庭,4,,
열하일기,성경잡지,48,11,窈冥陰森,4,,
열하일기,성경잡지,48,12,一碑太學士剛林撰,8,,
열하일기,성경잡지,48,13,後面滿洲書,5,,
열하일기,성경잡지,48,14,一碑前後皆蒙古西番字,10,,
열하일기,성경잡지,48,15,守僧有喇麻數,6,,
열하일기,성경잡지,48,16,人,1,,
열하일기,성경잡지,48,17,殿中有八百羅漢,7,,
열하일기,성경잡지,48,18,長纔數寸,4,,
열하일기,성경잡지,48,19,個個精妙,4,,
열하일기,성경잡지,48,20,康煕皇帝手造小塔數百,10,,
열하일기,성경잡지,48,21,大如雙陸,4,,
열하일기,성경잡지,48,22,刻鏤之工,4,,
열하일기,성경잡지,48,23,奇巧入神,4,,
열하일기,성경잡지,48,24,浮圖高十餘丈,6,,
열하일기,성경잡지,48,25,上圓下方,4,,
열하일기,성경잡지,48,26,通刻獅子,4,,
열하일기,성경잡지,48,27,萬壽寺,3,,
열하일기,성경잡지,48,28,康煕五十五年丙戌重修,10,,
열하일기,성경잡지,48,29,寺前有一座大牌樓,8,,
열하일기,성경잡지,48,30,扁曰萬歲,4,,
열하일기,성경잡지,48,31,無疆,2,,
열하일기,성경잡지,48,32,殿宇壯麗,4,,
열하일기,성경잡지,48,33,過於聖慈寺,5,,
열하일기,성경잡지,48,34,而但無滿庭松陰,7,,
열하일기,성경잡지,48,35,有二碑,3,,
열하일기,성경잡지,48,36,正殿康煕皇帝書額曰遼海慈雲,13,,
열하일기,성경잡지,48,37,香鼎寶爐及,5,,
열하일기,성경잡지,48,38,他寶翫,3,,
열하일기,성경잡지,48,39,不可殫記,4,,
열하일기,성경잡지,48,40,有喇麻十餘人,6,,
열하일기,성경잡지,48,41,皆黃衣黃帽,5,,
열하일기,성경잡지,48,42,鷙悍魁梧,4,,
열하일기,성경잡지,49,1,實勝寺扁曰蓮花淨土,9,,
열하일기,성경잡지,49,2,崇德三年建,5,,
열하일기,성경잡지,49,3,殿屋皆覆以靑黃琉璃瓦,10,,
열하일기,성경잡지,49,4,淸太宗願堂也,6,,
열하일기,성경잡지,51,1,駐蹕山,3,,
열하일기,성경잡지,51,2,在遼陽西南,5,,
열하일기,성경잡지,51,3,初名首山,4,,
열하일기,성경잡지,51,4,唐太宗征高句麗時,8,,
열하일기,성경잡지,51,5,駐蹕於上數日,6,,
열하일기,성경잡지,51,6,勒石紀功,4,,
열하일기,성경잡지,51,7,改爲駐蹕山,5,,
열하일기,성경잡지,52,1,開運山,3,,
열하일기,성경잡지,52,2,在奉天府西北,6,,
열하일기,성경잡지,52,3,萬峯環拱,4,,
열하일기,성경잡지,52,4,衆水祖宗,4,,
열하일기,성경잡지,52,5,卽淸之永陵也,6,,
열하일기,성경잡지,53,1,鐵背山,3,,
열하일기,성경잡지,53,2,在奉天府西北,6,,
열하일기,성경잡지,53,3,上有界蕃二城云,7,,
열하일기,성경잡지,54,1,天柱山,3,,
열하일기,성경잡지,54,2,在承德縣東,5,,
열하일기,성경잡지,54,3,卽淸之福陵所在,7,,
열하일기,성경잡지,54,4,晉史東牟山是也,7,,
열하일기,성경잡지,55,1,隆業山,3,,
열하일기,성경잡지,55,2,在承德縣西北,6,,
열하일기,성경잡지,55,3,卽淸之昭陵所在云,8,,
열하일기,성경잡지,56,1,十三山,3,,
열하일기,성경잡지,56,2,在錦州府東,5,,
열하일기,성경잡지,56,3,峯有十三,4,,
열하일기,성경잡지,56,4,蔡珪詩,3,,
열하일기,성경잡지,56,5,閭山盡處十三山,7,,
열하일기,성경잡지,56,6,溪曲人家畵幅間,7,,
열하일기,성경잡지,57,1,渤海,2,,
열하일기,성경잡지,57,2,在奉天府南,5,,
열하일기,성경잡지,57,3,盛京統志云,5,,
열하일기,성경잡지,57,4,海之旁出者,5,,
열하일기,성경잡지,57,5,爲渤,2,,
열하일기,성경잡지,57,6,遼東延袤二千里,7,,
열하일기,성경잡지,57,7,其南渤海,4,,
열하일기,성경잡지,58,1,遼河,2,,
열하일기,성경잡지,58,2,在承德西,4,,
열하일기,성경잡지,58,3,卽句驪河也,5,,
열하일기,성경잡지,58,4,一作枸柳河,5,,
열하일기,성경잡지,58,5,漢書水經,4,,
열하일기,성경잡지,58,6,俱作大遼水,5,,
열하일기,성경잡지,58,7,遼水左右,4,,
열하일기,성경잡지,58,8,卽遼東遼西,5,,
열하일기,성경잡지,58,9,所由分,3,,
열하일기,성경잡지,58,10,唐,1,,
열하일기,성경잡지,58,11,太宗征高句麗,6,,
열하일기,성경잡지,58,12,泥淖二百餘里,6,,
열하일기,성경잡지,58,13,布土作橋,4,,
열하일기,성경잡지,58,14,乃濟,2,,
열하일기,성경잡지,59,1,渾河,2,,
열하일기,성경잡지,59,2,在承德南,4,,
열하일기,성경잡지,59,3,一名小遼水,5,,Y
열하일기,성경잡지,59,4,一名阿利江,5,利,Y
열하일기,성경잡지,59,5,一名蓒芋濼水,6,,Y
열하일기,성경잡지,59,6,發源長白山,5,,
열하일기,성경잡지,59,7,與太子河會,5,,
열하일기,성경잡지,59,8,又合遼水,4,,
열하일기,성경잡지,59,9,入于,2,,
열하일기,성경잡지,59,10,海,1,,
열하일기,성경잡지,60,1,太子河,3,,
열하일기,성경잡지,60,2,在遼陽北,4,,
열하일기,성경잡지,60,3,源出邊外永吉州,7,,
열하일기,성경잡지,60,4,入邊滙渾河遼河,7,,
열하일기,성경잡지,60,5,爲三汊河,4,,
열하일기,성경잡지,60,6,世傳燕太子丹出亡至此,10,,
열하일기,성경잡지,60,7,逐得斬之,4,,
열하일기,성경잡지,60,8,以獻秦,3,,
열하일기,성경잡지,60,9,後人哀之,4,,
열하일기,성경잡지,60,10,名其水曰太子河云,8,,
열하일기,성경잡지,61,1,小瀋水,3,,
열하일기,성경잡지,61,2,在承德南,4,,
열하일기,성경잡지,61,3,自東關觀音閣發源,8,,
열하일기,성경잡지,61,4,入渾河,3,,
열하일기,성경잡지,61,5,水北曰陽,4,,
열하일기,성경잡지,61,6,瀋陽之名,4,,
열하일기,성경잡지,61,7,盖以此云,4,,
열하일기,성경잡지,62,1,余今所經山河,6,,
열하일기,성경잡지,62,2,只憑土人口傳,6,,
열하일기,성경잡지,62,3,行旅指點,4,,
열하일기,성경잡지,62,4,或我隷之屢行者,7,,
열하일기,성경잡지,62,5,率以臆對,4,,
열하일기,성경잡지,62,6,皆未可詳,4,,
열하일기,성경잡지,62,7,華表柱,3,,
열하일기,성경잡지,62,8,此遼東古蹟,5,,
열하일기,성경잡지,62,9,而或云,3,,
열하일기,성경잡지,62,10,在城內,3,,
열하일기,성경잡지,62,11,或云,2,,
열하일기,성경잡지,62,12,在城外十里,5,,
열하일기,성경잡지,62,13,則他可推此,5,,
열하일기,일신수필,2,1,起辛卯,3,,
열하일기,일신수필,2,2,至己亥,3,,
열하일기,일신수필,2,3,凡九日,3,,
열하일기,일신수필,2,4,自新廣至山海關內,8,,
열하일기,일신수필,2,5,共五百六十二里,7,,
열하일기,일신수필,3,1,徒憑口耳者,5,,
열하일기,일신수필,3,2,不足與語學問也,7,,
열하일기,일신수필,3,3,况平生情量之所未到乎,10,,
열하일기,일신수필,3,4,言聖人登泰山而小天下,10,,
열하일기,일신수필,3,5,則心不然而口應之,8,,
열하일기,일신수필,3,6,言佛視十方世界,7,,
열하일기,일신수필,3,7,則斥爲幻妄,5,,
열하일기,일신수필,3,8,言泰西人乘巨舶,7,,
열하일기,일신수필,3,9,遶出地球之外,6,,
열하일기,일신수필,3,10,叱爲恠誕,4,,
열하일기,일신수필,3,11,吾誰與語天地之大觀哉,10,,
열하일기,일신수필,3,12,噫,1,,
열하일기,일신수필,3,13,聖人筆削二百四十年之間,11,,
열하일기,일신수필,3,14,而名之曰春秋,6,,
열하일기,일신수필,3,15,是二百四十年之頃,8,,
열하일기,일신수필,3,16,玉帛兵車之事,6,,
열하일기,일신수필,3,17,直一花開木落耳,7,,
열하일기,일신수필,3,18,嗚呼,2,,
열하일기,일신수필,3,19,吾今疾書至此,6,,
열하일기,일신수필,3,20,而一墨之頃,5,,Y
열하일기,일신수필,3,21,不過瞬息,4,息,Y
열하일기,일신수필,3,22,一瞬一息之頃,6,息,Y
열하일기,일신수필,3,23,奄成小古小今,6,,Y
열하일기,일신수필,3,24,則一古一今,5,,
열하일기,일신수필,3,25,亦可謂大瞬,5,,Y
열하일기,일신수필,3,26,大息矣,3,息,Y
열하일기,일신수필,3,27,乃欲立名立事於其間,9,,Y
열하일기,일신수필,3,28,豈不哀哉,4,,
열하일기,일신수필,3,29,余嘗登妙香山,6,,
열하일기,일신수필,3,30,宿上元庵,4,,
열하일기,일신수필,3,31,盡夜月明如晝,6,,
열하일기,일신수필,3,32,拓窓東望,4,,
열하일기,일신수필,3,33,庵前白,3,,
열하일기,일신수필,3,34,霧漫漫,3,,
열하일기,일신수필,3,35,上承月光,4,,Y
열하일기,일신수필,3,36,如水銀海,4,銀,Y
열하일기,일신수필,3,37,海底殷殷有聲如鼾鼻,9,,Y
열하일기,일신수필,3,38,寺僧相語曰,5,,
열하일기,일신수필,3,39,下界方大雷雨矣,7,,
열하일기,일신수필,3,40,旣數日出山,5,,
열하일기,일신수필,3,41,至安,2,,
열하일기,일신수필,3,42,州,1,,
열하일기,일신수필,3,43,前夜果暴雨震電,7,,
열하일기,일신수필,3,44,平地水行一丈,6,,
열하일기,일신수필,3,45,漂民廬舍,4,,
열하일기,일신수필,3,46,余攬轡慨然曰,6,,
열하일기,일신수필,3,47,曩夜吾在雲雨之外,8,,
열하일기,일신수필,3,48,抱明月而宿矣,6,,
열하일기,일신수필,3,49,妙,1,,
열하일기,일신수필,3,50,香之於泰山,5,,
열하일기,일신수필,3,51,纔嶁耳,3,,
열하일기,일신수필,3,52,其高下異界如此,7,,
열하일기,일신수필,3,53,而况聖人之觀天下哉,9,,
열하일기,일신수필,3,54,彼雪山苦行者,6,,
열하일기,일신수필,3,55,非能逆覩於孔門之三,9,,
열하일기,일신수필,3,56,黜,1,,
열하일기,일신수필,3,57,伯魚之早沒,5,,
열하일기,일신수필,3,58,魯衛之削迹,5,,
열하일기,일신수필,3,59,而爲此出世也,6,,
열하일기,일신수필,3,60,誠以地水風火,6,,
열하일기,일신수필,3,61,轉眼都空,4,,
열하일기,일신수필,3,62,此可寒心,4,,
열하일기,일신수필,3,63,彼又謂聖人與佛氏,8,,
열하일기,일신수필,3,64,之觀,2,,
열하일기,일신수필,3,65,猶未離地,4,,
열하일기,일신수필,3,66,則按球步天,5,,
열하일기,일신수필,3,67,捫星而行,4,,
열하일기,일신수필,3,68,自以其觀勝於二氏,8,,
열하일기,일신수필,3,69,然異方學語,5,,
열하일기,일신수필,3,70,白頭習文,4,,
열하일기,일신수필,3,71,以圖不朽者,5,,
열하일기,일신수필,3,72,何,1,,
열하일기,일신수필,3,73,也,1,,
열하일기,일신수필,3,74,葢以耳聞目見而屬之過境,11,,
열하일기,일신수필,3,75,境過而不已,5,,
열하일기,일신수필,3,76,則昔之所憑以爲學問者,10,,
열하일기,일신수필,3,77,亦無所取徵,5,,
열하일기,일신수필,3,78,故强爲著書,5,,
열하일기,일신수필,3,79,欲人,2,,
열하일기,일신수필,3,80,之必信見吾儒闢異之論,10,,
열하일기,일신수필,3,81,則綴拾緖餘,5,,
열하일기,일신수필,3,82,强效斥佛,4,,
열하일기,일신수필,3,83,悅佛氏堂獄之說,7,,
열하일기,일신수필,3,84,則哺啜糟粕,5,,
열하일기,일신수필,3,85,缺幾字,3,,
열하일기,일신수필,3,86,故耳,2,,
열하일기,일신수필,3,87,今吾此,3,,
열하일기,일신수필,3,88,行,1,,
열하일기,일신수필,3,89,缺,1,,
열하일기,일신수필,4,1,秋七月十五日辛卯,8,,
열하일기,일신수필,4,2,晴,1,,
열하일기,일신수필,4,3,與來源及卞太醫觀海,9,,
열하일기,일신수필,4,4,趙主簿達東,5,,
열하일기,일신수필,4,5,乘曉發小黑山,6,,
열하일기,일신수필,4,6,至中安浦三十里,7,,
열하일기,일신수필,4,7,中火,2,,
열하일기,일신수필,4,8,又,1,,
열하일기,일신수필,4,9,先行由舊廣寧,6,,
열하일기,일신수필,4,10,觀北鎭廟,4,,
열하일기,일신수필,4,11,乘月行四十里,6,,
열하일기,일신수필,4,12,宿新廣寧,4,,
열하일기,일신수필,4,13,北鎭往返當迂二十里,9,,
열하일기,일신수필,4,14,通計則九十里,6,,
열하일기,일신수필,4,15,程里錄所,4,,
열하일기,일신수필,4,16,載白臺子蟒牛臺沙河子屈家屯三義廟北鎭堡羊膓河于家屯矦家屯二臺子小古家子大古家子等地名,42,,
열하일기,일신수필,4,17,里數,2,,
열하일기,일신수필,4,18,多相錯謬,4,,
열하일기,일신수필,4,19,若以此通計,5,,
열하일기,일신수필,4,20,則將爲一百八十里,8,,
열하일기,일신수필,4,21,今不可攷矣,5,,
열하일기,일신수필,4,22,是日極熱,4,,
열하일기,일신수필,4,23,我東人士,4,,
열하일기,일신수필,4,24,初逢自燕還者,6,,
열하일기,일신수필,4,25,必問曰,3,,
열하일기,일신수필,4,26,君行第一壯觀何物也,9,,
열하일기,일신수필,4,27,第爲拈出其第一壯觀而道之也,13,,
열하일기,일신수필,4,28,人則各以所見率口而對曰,11,,
열하일기,일신수필,4,29,遼東千里,4,,
열하일기,일신수필,4,30,大野壯觀,4,,
열하일기,일신수필,4,31,曰舊遼東白塔壯觀,8,,
열하일기,일신수필,4,32,曰沿路市舖壯觀,7,,
열하일기,일신수필,4,33,曰薊門烟樹壯觀,7,,
열하일기,일신수필,4,34,曰蘆溝橋壯觀,6,,
열하일기,일신수필,4,35,曰山海關壯觀,6,,
열하일기,일신수필,4,36,曰,1,,
열하일기,일신수필,4,37,角山寺壯觀,5,,
열하일기,일신수필,4,38,曰望海亭壯觀,6,,
열하일기,일신수필,4,39,曰祖家牌樓壯觀,7,,
열하일기,일신수필,4,40,曰琉璃廠壯觀,6,,
열하일기,일신수필,4,41,曰通州舟楫壯觀,7,,
열하일기,일신수필,4,42,曰錦州衛牧畜壯觀,8,,
열하일기,일신수필,4,43,曰西山樓臺壯觀,7,,
열하일기,일신수필,4,44,曰四天主堂壯觀,7,,
열하일기,일신수필,4,45,曰虎圈壯觀,5,,
열하일기,일신수필,4,46,曰象房壯觀,5,,
열하일기,일신수필,4,47,曰南海子壯觀,6,,
열하일기,일신수필,4,48,曰東岳廟壯觀,6,,
열하일기,일신수필,4,49,曰北鎭,3,,
열하일기,일신수필,4,50,廟壯觀,3,,
열하일기,일신수필,4,51,紛紛然指不可勝屈,8,,
열하일기,일신수필,4,52,上士則愀然變色,7,,
열하일기,일신수필,4,53,易容而言曰,5,,
열하일기,일신수필,4,54,都無可觀,4,,
열하일기,일신수필,4,55,何謂都無可觀,6,,
열하일기,일신수필,4,56,曰,1,,
열하일기,일신수필,4,57,皇帝也薙髮,5,,
열하일기,일신수필,4,58,將相大臣百執事也薙髮,10,,
열하일기,일신수필,4,59,士庶人也薙髮,6,,
열하일기,일신수필,4,60,雖功德侔殷周,6,,Y
열하일기,일신수필,4,61,富强邁秦漢,5,富,Y
열하일기,일신수필,4,62,自生民以來,5,,Y
열하일기,일신수필,4,63,未有薙髮之天子也,8,,
열하일기,일신수필,4,64,雖有陸隴其李光地之學問,11,,
열하일기,일신수필,4,65,魏禧,2,,
열하일기,일신수필,4,66,汪琬,2,,
열하일기,일신수필,4,67,王士徵之文章,6,,
열하일기,일신수필,4,68,顧炎武,3,,
열하일기,일신수필,4,69,朱彛尊之博識,6,,
열하일기,일신수필,4,70,一薙髮則胡虜也,7,,
열하일기,일신수필,4,71,胡虜,2,,
열하일기,일신수필,4,72,則犬羊也,4,,
열하일기,일신수필,4,73,吾於犬羊也何觀焉,8,,
열하일기,일신수필,4,74,此乃第一等義理也,8,,
열하일기,일신수필,4,75,談者默然,4,,
열하일기,일신수필,4,76,四座肅穆,4,,
열하일기,일신수필,4,77,中士曰城郭,5,,
열하일기,일신수필,4,78,長城之餘也,5,,
열하일기,일신수필,4,79,宮,1,,
열하일기,일신수필,4,80,室阿房之遺也,6,,
열하일기,일신수필,4,81,士庶則魏晉之浮華也,9,,
열하일기,일신수필,4,82,風俗則大業天寶之侈靡也,11,,
열하일기,일신수필,4,83,神州陸沉則山川變作腥羶之鄕,13,,
열하일기,일신수필,4,84,聖,1,,
열하일기,일신수필,4,85,緖湮晦,3,,
열하일기,일신수필,4,86,則言語化爲侏儒之俗,9,,
열하일기,일신수필,4,87,何足觀也,4,,
열하일기,일신수필,4,88,誠得十萬之衆,6,,
열하일기,일신수필,4,89,長驅入關,4,,
열하일기,일신수필,4,90,掃淸凾夏,4,,
열하일기,일신수필,4,91,然後壯觀可論,6,,
열하일기,일신수필,4,92,此善讀,3,,
열하일기,일신수필,4,93,春秋者也,4,,
열하일기,일신수필,4,94,一部春秋,4,,
열하일기,일신수필,4,95,乃尊華攘夷之書,7,,
열하일기,일신수필,4,96,我東服事皇明二百餘年,10,,
열하일기,일신수필,4,97,忠誠剴摯,4,,
열하일기,일신수필,4,98,雖稱屬國,4,,
열하일기,일신수필,4,99,無異內服,4,,
열하일기,일신수필,4,100,萬曆,2,,
열하일기,일신수필,4,101,壬倭敵之亂,5,,
열하일기,일신수필,4,102,神宗皇帝提天下之兵以救之,12,,
열하일기,일신수필,4,103,東民之踵頂毛髮,7,,
열하일기,일신수필,4,104,莫非再造之恩也,7,,
열하일기,일신수필,4,105,崇禎丙子淸兵之來,8,,
열하일기,일신수필,4,106,也,1,,
열하일기,일신수필,4,107,烈皇帝聞我東被兵,8,,
열하일기,일신수필,4,108,急命總兵陳洪範,7,,
열하일기,일신수필,4,109,調各鎭舟師以赴援,8,,
열하일기,일신수필,4,110,洪範奏官兵出海,7,,
열하일기,일신수필,4,111,而山東巡撫顔繼祖,8,,
열하일기,일신수필,4,112,奏屬國失守,5,,
열하일기,일신수필,4,113,江華已破,4,,
열하일기,일신수필,4,114,帝以繼祖不能協圖匡救,10,,
열하일기,일신수필,4,115,下詔切責之,5,,
열하일기,일신수필,4,116,當是時,3,,
열하일기,일신수필,4,117,天子內不能救福楚襄唐之急,12,,
열하일기,일신수필,4,118,而外切屬國之憂,7,,
열하일기,일신수필,4,119,其救焚拯溺之意,7,,
열하일기,일신수필,4,120,有加於骨肉之邦也,8,,
열하일기,일신수필,4,121,及四海値天崩地坼之運,10,,
열하일기,일신수필,4,122,薙天下之髮而盡胡,8,,
열하일기,일신수필,4,123,之,1,,
열하일기,일신수필,4,124,一隅海東雖免斯耻,8,,
열하일기,일신수필,4,125,其爲中國復讐刷耻之心,10,,
열하일기,일신수필,4,126,豈可一日而忘之哉,8,,
열하일기,일신수필,4,127,我東士大夫之爲春秋尊攘之論,13,,
열하일기,일신수필,4,128,者,1,,
열하일기,일신수필,4,129,磊落相望,4,,
열하일기,일신수필,4,130,百年如一日,5,,
열하일기,일신수필,4,131,可謂盛矣,4,,
열하일기,일신수필,4,132,然而尊周自尊周也,8,,
열하일기,일신수필,4,133,夷狄自夷狄也,6,,
열하일기,일신수필,4,134,中華之城郭宮室人民,9,,
열하일기,일신수필,4,135,固自,2,,
열하일기,일신수필,4,136,在也,2,,Y
열하일기,일신수필,4,137,正德利用厚生之具,8,利,Y
열하일기,일신수필,4,138,固自如也,4,,Y
열하일기,일신수필,4,139,崔盧王謝之氏族固不廢也,11,,
열하일기,일신수필,4,140,周張程朱之學問,7,,
열하일기,일신수필,4,141,固未泯也,4,,
열하일기,일신수필,4,142,三代以,3,,
열하일기,일신수필,4,143,降聖帝明王漢唐宋明之良法美制,14,,
열하일기,일신수필,4,144,固不變也,4,,
열하일기,일신수필,4,145,彼胡虜者,4,,Y
열하일기,일신수필,4,146,誠知中國之可利,7,利,Y
열하일기,일신수필,4,147,而足以久享,5,,Y
열하일기,일신수필,4,148,則至於奪而據,6,,
열하일기,일신수필,4,149,之,1,,
열하일기,일신수필,4,150,若固有之,4,,
열하일기,일신수필,4,151,爲天下者,4,,Y
열하일기,일신수필,4,152,苟利於民而厚於國,8,利,Y
열하일기,일신수필,4,153,雖其法之或出於夷狄,9,,Y
열하일기,일신수필,4,154,固將取而則之,6,,
열하일기,일신수필,4,155,而况三代以降聖,7,,
열하일기,일신수필,4,156,帝明王漢唐宋明固有之故常哉,13,,
열하일기,일신수필,4,157,聖人之作春秋,6,,
열하일기,일신수필,4,158,固爲尊華而攘夷,7,,
열하일기,일신수필,4,159,然未聞憤夷狄之猾夏,9,,
열하일기,일신수필,4,160,並與中華可,5,,
열하일기,일신수필,4,161,尊之實而攘之也,7,,
열하일기,일신수필,4,162,故今之人誠欲攘夷也,9,,
열하일기,일신수필,4,163,莫如盡學中華之遺法,9,,
열하일기,일신수필,4,164,先變我俗之椎魯,7,,
열하일기,일신수필,4,165,自耕蠶陶冶,5,,
열하일기,일신수필,4,166,以至通,3,,Y
열하일기,일신수필,4,167,工惠商,3,商,Y
열하일기,일신수필,4,168,莫不學焉,4,,Y
열하일기,일신수필,4,169,人十己百,4,,Y
열하일기,일신수필,4,170,先利吾民,4,利,Y
열하일기,일신수필,4,171,使吾民制梃,5,,Y
열하일기,일신수필,4,172,而足以撻彼之堅甲利兵,10,利,Y
열하일기,일신수필,4,173,然後謂中國無可觀可,9,,Y
열하일기,일신수필,4,174,也,1,,
열하일기,일신수필,4,175,余下士也,4,,
열하일기,일신수필,4,176,曰壯觀在瓦礫,6,,
열하일기,일신수필,4,177,曰壯觀在糞壤,6,,
열하일기,일신수필,4,178,夫斷瓦,3,,
열하일기,일신수필,4,179,天下之棄物也,6,,
열하일기,일신수필,4,180,然而民舍繚垣肩以上,9,,
열하일기,일신수필,4,181,更以斷瓦,4,,
열하일기,일신수필,4,182,兩兩相配,4,,
열하일기,일신수필,4,183,爲波濤之紋,5,,
열하일기,일신수필,4,184,四合而成連環之形,8,,Y
열하일기,일신수필,4,185,四背而成古魯錢,7,錢,Y
열하일기,일신수필,4,186,嵌空玲瓏,4,,Y
열하일기,일신수필,4,187,外內交映,4,,
열하일기,일신수필,4,188,不棄斷瓦,4,,
열하일기,일신수필,4,189,而天下,3,,
열하일기,일신수필,4,190,之文章斯在矣,6,,
열하일기,일신수필,4,191,民家門庭,4,,Y
열하일기,일신수필,4,192,貧不能鋪甎,5,貧,Y
열하일기,일신수필,4,193,則聚諸色琉璃碎瓦及水邊小礫之磨圓者,17,,Y
열하일기,일신수필,4,194,錯成花樹鳥獸之形,8,,
열하일기,일신수필,4,195,以禦泥淖,4,,
열하일기,일신수필,4,196,不棄碎礫而天下之畵圖斯在矣,13,,
열하일기,일신수필,4,197,糞溷至穢之物也,7,,
열하일기,일신수필,4,198,爲其糞田也,5,,
열하일기,일신수필,4,199,則惜之如金,5,,
열하일기,일신수필,4,200,道無遺灰拾馬,6,,
열하일기,일신수필,4,201,矢者,2,,
열하일기,일신수필,4,202,奉畚而尾隨,5,,
열하일기,일신수필,4,203,積庤方正,4,,
열하일기,일신수필,4,204,或八角或六楞,6,,
열하일기,일신수필,4,205,或爲樓臺之形,6,,
열하일기,일신수필,4,206,觀乎糞壤,4,,
열하일기,일신수필,4,207,而天下之制度斯立矣,9,,
열하일기,일신수필,4,208,故曰瓦,3,,
열하일기,일신수필,4,209,礫糞壤,3,,
열하일기,일신수필,4,210,都是壯觀,4,,
열하일기,일신수필,4,211,不必城池,4,,
열하일기,일신수필,4,212,宮室,2,,
열하일기,일신수필,4,213,樓臺,2,,
열하일기,일신수필,4,214,市舖,2,,
열하일기,일신수필,4,215,寺觀,2,,
열하일기,일신수필,4,216,牧畜,2,,
열하일기,일신수필,4,217,原野之曠漠,5,,
열하일기,일신수필,4,218,烟樹之奇幻,5,,
열하일기,일신수필,4,219,然後爲壯觀也,6,,
열하일기,일신수필,4,220,舊廣寧城,4,,
열하일기,일신수필,4,221,在醫巫閭山下,6,,
열하일기,일신수필,4,222,前臨大河,4,,
열하일기,일신수필,4,223,引河爲壕,4,,
열하일기,일신수필,4,224,雙塔湧空,4,,
열하일기,일신수필,4,225,未及城數里,5,,
열하일기,일신수필,4,226,有一座大廟堂,6,,
열하일기,일신수필,4,227,新,1,,
열하일기,일신수필,4,228,塗金碧,3,,
열하일기,일신수필,4,229,眼,1,,
열하일기,일신수필,4,230,目閃爍,3,,
열하일기,일신수필,4,231,廣寧東門外,5,,
열하일기,일신수필,4,232,橋頭蚣,3,,
열하일기,일신수필,4,233,雄特巧奇,4,,
열하일기,일신수필,4,234,入兩重門,4,,
열하일기,일신수필,4,235,穿過市舖,4,,
열하일기,일신수필,4,236,其繁華不减遼東,7,,
열하일기,일신수필,4,237,寧遠伯李成樑牌樓,8,,
열하일기,일신수필,4,238,在城北,3,,
열하일기,일신수필,4,239,或云廣寧,4,,
열하일기,일신수필,4,240,箕子國,3,,
열하일기,일신수필,4,241,古有箕子冠冔塑像,8,,
열하일기,일신수필,4,242,皇明嘉靖間,5,,
열하일기,일신수필,4,243,燬於兵,3,,
열하일기,일신수필,4,244,城兩重,3,,
열하일기,일신수필,4,245,內城完而外郭多頹,8,,
열하일기,일신수필,4,246,城,1,,
열하일기,일신수필,4,247,裏士女,3,,
열하일기,일신수필,4,248,家家出看,4,,
열하일기,일신수필,4,249,市井遊子,4,,
열하일기,일신수필,4,250,千百爲群,4,,
열하일기,일신수필,4,251,圍繞馬首不得行,7,,
열하일기,일신수필,4,252,城外關廟壯麗,6,,
열하일기,일신수필,4,253,伯仲遼陽,4,,
열하일기,일신수필,4,254,廟門外戱臺高深,7,,
열하일기,일신수필,4,255,華侈,2,,
열하일기,일신수필,4,256,方群聚演劇,5,,
열하일기,일신수필,4,257,而行忙不得觀,6,,
열하일기,일신수필,4,258,天啓中,3,,
열하일기,일신수필,4,259,王化貞爲李永芳所瞞,9,,
열하일기,일신수필,4,260,其驍將孫得功迎敵入城,10,,
열하일기,일신수필,4,261,廣寧失而,4,,
열하일기,일신수필,4,262,天下大勢去矣,6,,
열하일기,일신수필,6,1,北鎭廟,3,,
열하일기,일신수필,6,2,在醫巫閭山下,6,,
열하일기,일신수필,6,3,背後千峰,4,,
열하일기,일신수필,6,4,如展屛帳,4,,
열하일기,일신수필,6,5,前臨大野,4,,
열하일기,일신수필,6,6,右環滄海,4,,
열하일기,일신수필,6,7,廣寧城撫在膝下,7,,
열하일기,일신수필,6,8,萬戶浮烟,4,,
열하일기,일신수필,6,9,繚靑,2,,
열하일기,일신수필,6,10,一帶,2,,
열하일기,일신수필,6,11,層塔逈白,4,,
열하일기,일신수필,6,12,測其地形平坡,6,,
열하일기,일신수필,6,13,漸成數丈圓阜,6,,
열하일기,일신수필,6,14,而俯仰天地,5,,
열하일기,일신수필,6,15,無所畔岸,4,,
열하일기,일신수필,6,16,日月出沒,4,,
열하일기,일신수필,6,17,風雲變化,4,,
열하일기,일신수필,6,18,皆在其,3,,
열하일기,일신수필,6,19,中,1,,
열하일기,일신수필,6,20,東面而視,4,,
열하일기,일신수필,6,21,尺吳寸齊,4,,
열하일기,일신수필,6,22,在我指端,4,,
열하일기,일신수필,6,23,而但恨目力有窮耳,8,,
열하일기,일신수필,6,24,廟貌雄深魁傑,6,,
열하일기,일신수필,6,25,不若是,3,,
열하일기,일신수필,6,26,無以鎭海嶽,5,,
열하일기,일신수필,6,27,祠北方,3,,
열하일기,일신수필,6,28,玄冥帝君,4,,
열하일기,일신수필,6,29,並其從神,4,,
열하일기,일신수필,6,30,皆袞冕佩玉奉圭而立,9,,
열하일기,일신수필,6,31,嚴威儼恪,4,,
열하일기,일신수필,6,32,格人非心,4,,
열하일기,일신수필,6,33,香鼎高六尺餘,6,,
열하일기,일신수필,6,34,雕刻神姦鬼恠,6,,
열하일기,일신수필,6,35,靑翠,2,,
열하일기,일신수필,6,36,入骨,2,,
열하일기,일신수필,6,37,前置漆缸,4,,
열하일기,일신수필,6,38,可容十石,4,,
열하일기,일신수필,6,39,爲四炷晝夜長燎,7,,
열하일기,일신수필,6,40,舜封十有二山,6,,
열하일기,일신수필,6,41,以醫巫閭爲幽州之鎭,9,,Y
열하일기,일신수필,6,42,夏商周秦皆因之,7,商,Y
열하일기,일신수필,6,43,禮視嶽瀆,4,,Y
열하일기,일신수필,6,44,雖未知廟刱何代,7,,
열하일기,일신수필,6,45,而唐開元時,5,,
열하일기,일신수필,6,46,封醫巫閭山神爲廣寧公,10,,
열하일기,일신수필,6,47,遼金時始加王號,7,,
열하일기,일신수필,6,48,元大德中,4,,
열하일기,일신수필,6,49,封貞,2,,
열하일기,일신수필,6,50,德廣寧王,4,,
열하일기,일신수필,6,51,皇明洪武初,5,,
열하일기,일신수필,6,52,止稱北鎭醫巫閭山之神,10,,
열하일기,일신수필,6,53,歲時降香祝,5,,
열하일기,일신수필,6,54,有天子姓諱,5,,
열하일기,일신수필,6,55,國有大典,4,,
열하일기,일신수필,6,56,遣官告祭,4,,
열하일기,일신수필,6,57,今淸,2,,
열하일기,일신수필,6,58,肇基東北,4,,
열하일기,일신수필,6,59,故崇奉之典,5,,
열하일기,일신수필,6,60,尤有加焉,4,,
열하일기,일신수필,6,61,或云雍正皇帝爲諸王時,10,,
열하일기,일신수필,6,62,奉勅降香,4,,
열하일기,일신수필,6,63,旣祭之夕,4,,
열하일기,일신수필,6,64,宿齋廬,3,,
열하일기,일신수필,6,65,夢神人予帝,5,,
열하일기,일신수필,6,66,一大珠,3,,
열하일기,일신수필,6,67,珠化爲日,4,,
열하일기,일신수필,6,68,歸登大位,4,,
열하일기,일신수필,6,69,遂大修廟宇,5,,
열하일기,일신수필,6,70,以報神賜,4,,
열하일기,일신수필,6,71,廟前有五門牌樓,7,,
열하일기,일신수필,6,72,純石架,3,,
열하일기,일신수필,6,73,起棟椽甍檐,5,,Y
열하일기,일신수필,6,74,不資一,3,資,Y
열하일기,일신수필,6,75,木,1,,Y
열하일기,일신수필,6,76,高四五丈,4,,
열하일기,일신수필,6,77,結構之工,4,,
열하일기,일신수필,6,78,鏤刻之巧,4,,
열하일기,일신수필,6,79,殆非人力所及,6,,
열하일기,일신수필,6,80,樓左右石獅,5,,
열하일기,일신수필,6,81,高二丈,3,,
열하일기,일신수필,6,82,自廟門設白石層階,8,,
열하일기,일신수필,6,83,門左有,3,,
열하일기,일신수필,6,84,寺,1,,
열하일기,일신수필,6,85,庭有兩碑,4,,
열하일기,일신수필,6,86,一曰萬壽禪林,6,,
열하일기,일신수필,6,87,一曰萬古流芳,6,,
열하일기,일신수필,6,88,寺坐五大金佛,6,,
열하일기,일신수필,6,89,寺右有一門,5,,
열하일기,일신수필,6,90,左皷樓右鍾樓,6,,
열하일기,일신수필,6,91,兩樓之間,4,,
열하일기,일신수필,6,92,又設三門,4,,
열하일기,일신수필,6,93,前立三碑,4,,
열하일기,일신수필,6,94,皆黃瓦閣,4,,
열하일기,일신수필,6,95,二碑康煕帝撰並書,8,,
열하일기,일신수필,6,96,一碑雍正帝撰並書,8,,
열하일기,일신수필,6,97,正殿碧琉璃瓦,6,,
열하일기,일신수필,6,98,北壁題鬱葱,5,,
열하일기,일신수필,6,99,佳氣,2,,
열하일기,일신수필,6,100,雍正帝筆,4,,
열하일기,일신수필,6,101,階上東西,4,,
열하일기,일신수필,6,102,對設石爐,4,,
열하일기,일신수필,6,103,高各丈餘,4,,
열하일기,일신수필,6,104,東西設廊廡數百間,8,,
열하일기,일신수필,6,105,殿後有空殿,5,,
열하일기,일신수필,6,106,制如前殿,4,,
열하일기,일신수필,6,107,金碧璀,3,,
열하일기,일신수필,6,108,璨,1,,
열하일기,일신수필,6,109,而空無一物,5,,
열하일기,일신수필,6,110,後又有一殿,5,,
열하일기,일신수필,6,111,制如前殿,4,,
열하일기,일신수필,6,112,有二像,3,,
열하일기,일신수필,6,113,冕琉玉笏曰文昌星君,9,,
열하일기,일신수필,6,114,鳳冠珠帶曰玉妃娘,8,,
열하일기,일신수필,6,115,娘左右兩,4,,
열하일기,일신수필,6,116,童子侍立,4,,
열하일기,일신수필,6,117,扁曰乾始靈區,6,,
열하일기,일신수필,6,118,今皇帝筆,4,,
열하일기,일신수필,6,119,自外門層階,5,,
열하일기,일신수필,6,120,繚以白石之欄,6,,
열하일기,일신수필,6,121,瑩膩似玉,4,,
열하일기,일신수필,6,122,刻以螭蛟,4,,
열하일기,일신수필,6,123,圍繞廊廡階墄,6,,
열하일기,일신수필,6,124,至于前殿,4,,
열하일기,일신수필,6,125,自前殿連延曲折,7,,
열하일기,일신수필,6,126,至于後殿,4,,
열하일기,일신수필,6,127,望之皓然,4,,
열하일기,일신수필,6,128,一塵不動,4,,
열하일기,일신수필,6,129,殿前後,3,,
열하일기,일신수필,6,130,對列歷代穹碑,6,,
열하일기,일신수필,6,131,簇立如葱畦,5,,
열하일기,일신수필,6,132,所,1,,
열하일기,일신수필,6,133,載祭文,3,,
열하일기,일신수필,6,134,皆爲國祈祥之詞也,8,,
열하일기,일신수필,6,135,宋延祐碑最久,6,,
열하일기,일신수필,6,136,出西角門,4,,
열하일기,일신수필,6,137,有數丈蒼壁曰補天石,9,,
열하일기,일신수필,6,138,皇明巡撫張學顔筆,8,,
열하일기,일신수필,6,139,又,1,,
열하일기,일신수필,6,140,離一間,3,,
열하일기,일신수필,6,141,刻翠屛石,4,,
열하일기,일신수필,6,142,出東門數百步,6,,
열하일기,일신수필,6,143,有大石,3,,
열하일기,일신수필,6,144,穹窿如龜,4,,
열하일기,일신수필,6,145,曝刻曰呂公石,6,,
열하일기,일신수필,6,146,又曰會仙亭,5,,
열하일기,일신수필,6,147,登其上,3,,
열하일기,일신수필,6,148,醫巫閭扶,4,,
열하일기,일신수필,6,149,輿磅礴之勢,5,,
열하일기,일신수필,6,150,一擧目而盡得之,7,,
열하일기,일신수필,6,151,忽有一間小亭,6,,
열하일기,일신수필,6,152,倚在巖下,4,,
열하일기,일신수필,6,153,土堦二等,4,,
열하일기,일신수필,6,154,茅茨略剪,4,,
열하일기,일신수필,6,155,瀟灑幽敻,4,,
열하일기,일신수필,6,156,怡然心樂,4,,
열하일기,일신수필,6,157,相與小坐,4,,
열하일기,일신수필,6,158,卞君曰,3,,
열하일기,일신수필,6,159,譬如監司巡省郡邑,8,,
열하일기,일신수필,6,160,朝夕供張,4,,
열하일기,일신수필,6,161,無非山珍海錯,6,,
열하일기,일신수필,6,162,膓薰胃腐,4,,
열하일기,일신수필,6,163,厭飫嘔逆,4,,
열하일기,일신수필,6,164,偶値一器野蔬,6,,
열하일기,일신수필,6,165,欣然接味,4,,
열하일기,일신수필,6,166,余笑曰,3,,
열하일기,일신수필,6,167,此眞醫者之言也,7,,
열하일기,일신수필,6,168,趙君曰,3,,
열하일기,일신수필,6,169,每於紅粉隊中,6,,
열하일기,일신수필,6,170,莫辨嫫威,4,,
열하일기,일신수필,6,171,村畦野扉,4,,
열하일기,일신수필,6,172,忽逢荊釵布裙,6,,
열하일기,일신수필,6,173,不,1,,
열하일기,일신수필,6,174,覺心目開霽,5,,
열하일기,일신수필,6,175,余曰,2,,
열하일기,일신수필,6,176,此好色者之言也,7,,
열하일기,일신수필,6,177,設如君等言,5,,
열하일기,일신수필,6,178,今此土堦茅茨,6,,
열하일기,일신수필,6,179,導天子兩種眼胃耳,8,,
열하일기,일신수필,6,180,還坐廊廡下,5,,
열하일기,일신수필,6,181,守,1,,
열하일기,일신수필,6,182,廟,1,,
열하일기,일신수필,6,183,有道士三人,5,,
열하일기,일신수필,6,184,以三柄扇,4,,
열하일기,일신수필,6,185,三卷紙,3,,
열하일기,일신수필,6,186,三丸淸心元爲幣,7,,
열하일기,일신수필,6,187,道士皆喜,4,,
열하일기,일신수필,6,188,庭前桃子方熟,6,,
열하일기,일신수필,6,189,道士爲摘一盤以饋,8,,
열하일기,일신수필,6,190,衆隷爭趍樹下,6,,
열하일기,일신수필,6,191,披枝亂摘,4,,
열하일기,일신수필,6,192,余呵止莫能禁,6,,
열하일기,일신수필,6,193,道士曰,3,,
열하일기,일신수필,6,194,何必費氣,4,,
열하일기,일신수필,6,195,飽則自止,4,,
열하일기,일신수필,6,196,又謂衆隷曰,5,,
열하일기,일신수필,6,197,任君摘取,4,,
열하일기,일신수필,6,198,莫傷,2,,
열하일기,일신수필,6,199,枝,1,,
열하일기,일신수필,6,200,留待明年再到時,7,,
열하일기,일신수필,6,201,道士姓名李鵬,6,,
열하일기,일신수필,6,202,號逍遙館,4,,
열하일기,일신수필,6,203,又稱餐霞道人,6,,
열하일기,일신수필,6,204,廟庭有半枯古松,7,,
열하일기,일신수필,6,205,皇帝甲戌東巡時,7,,
열하일기,일신수필,6,206,有,1,,
열하일기,일신수필,6,207,詩畵,2,,
열하일기,일신수필,6,208,並刻置巖間,5,,
열하일기,일신수필,8,1,乘車曰太平車,6,,
열하일기,일신수필,8,2,輪高及肘,4,,
열하일기,일신수필,8,3,三十輻共一轂,6,,
열하일기,일신수필,8,4,棗木團成,4,,
열하일기,일신수필,8,5,鐵片鐵釘,4,,
열하일기,일신수필,8,6,圍遍輪身,4,,
열하일기,일신수필,8,7,上爲圓屋,4,,
열하일기,일신수필,8,8,可容三人,4,,
열하일기,일신수필,8,9,屋以,2,,
열하일기,일신수필,8,10,靑布,2,,
열하일기,일신수필,8,11,或綾緞或羽緞爲帳,8,,
열하일기,일신수필,8,12,或垂緗,3,,Y
열하일기,일신수필,8,13,簾用銀鈕,4,銀,Y
열하일기,일신수필,8,14,開閉左右,4,,Y
열하일기,일신수필,8,15,傅玻瓈爲窓,5,,
열하일기,일신수필,8,16,屋前設橫板,5,,
열하일기,일신수필,8,17,以坐御者,4,,
열하일기,일신수필,8,18,屋後亦,3,,
열하일기,일신수필,8,19,坐從者,3,,
열하일기,일신수필,8,20,駕一驢而行,5,,
열하일기,일신수필,8,21,遠道則益馬與騾,7,,
열하일기,일신수필,9,1,載物曰大車,5,,
열하일기,일신수필,9,2,輪高稍巽於太平車,8,,
열하일기,일신수필,9,3,輻爲廿字形,5,,
열하일기,일신수필,9,4,載準八百斤,5,,
열하일기,일신수필,9,5,駕兩馬,3,,
열하일기,일신수필,9,6,八百斤以外,5,,
열하일기,일신수필,9,7,量物加馬,4,,
열하일기,일신수필,9,8,載上以簞,4,,
열하일기,일신수필,9,9,爲屋如船篷,5,,
열하일기,일신수필,9,10,坐臥其中,4,,
열하일기,일신수필,9,11,大率駕用六匹,6,,
열하일기,일신수필,9,12,車下懸大鐸,5,,
열하일기,일신수필,9,13,馬項環數百小鈴,7,,
열하일기,일신수필,9,14,郞當警夜,4,,
열하일기,일신수필,9,15,太平車輪轉,5,,
열하일기,일신수필,9,16,大車軸,3,,
열하일기,일신수필,9,17,轉,1,,
열하일기,일신수필,9,18,雙輪正圓,4,,
열하일기,일신수필,9,19,故能匀轉而行疾,7,,
열하일기,일신수필,9,20,轅下所駕,4,,
열하일기,일신수필,9,21,必擇壯馬健騾,6,,
열하일기,일신수필,9,22,不用衡軛,4,,
열하일기,일신수필,9,23,爲小木鞍,4,,
열하일기,일신수필,9,24,再以革條套索,6,,
열하일기,일신수필,9,25,互斂,2,,
열하일기,일신수필,9,26,轅頭而駕之,5,,
열하일기,일신수필,9,27,餘馬皆以牛革爲鞅韅,9,,
열하일기,일신수필,9,28,繫繩而引之,5,,
열하일기,일신수필,9,29,載重者駕出輪外,7,,
열하일기,일신수필,9,30,高或數丈,4,,
열하일기,일신수필,9,31,引馬多至十餘匹,7,,
열하일기,일신수필,9,32,御者,2,,
열하일기,일신수필,9,33,號稱看車的,5,,
열하일기,일신수필,9,34,高坐載上,4,,
열하일기,일신수필,9,35,手執一條長鞭,6,,
열하일기,일신수필,9,36,係兩絛長可二丈,7,,
열하일기,일신수필,9,37,揮絛打中不用力者,8,,
열하일기,일신수필,9,38,中耳中脅,4,,
열하일기,일신수필,9,39,手慣妙中,4,,
열하일기,일신수필,9,40,鞭,1,,
열하일기,일신수필,9,41,打之響,3,,
열하일기,일신수필,9,42,震動如雷,4,,
열하일기,일신수필,10,1,獨輪車,3,,
열하일기,일신수필,10,2,自後一人腋轅而推之,9,,
열하일기,일신수필,10,3,當中爲輪,4,,
열하일기,일신수필,10,4,輪之半,3,,
열하일기,일신수필,10,5,旣出輿上,4,,
열하일기,일신수필,10,6,則左右爲箱載物,7,,
열하일기,일신수필,10,7,不得偏重,4,,
열하일기,일신수필,10,8,當輪處爲半,5,,
열하일기,일신수필,10,9,皷形,2,,
열하일기,일신수필,10,10,夾輪以隔離之,6,,
열하일기,일신수필,10,11,使輪與物不相礙,7,,
열하일기,일신수필,10,12,腋轅下有短棒雙垂,8,,
열하일기,일신수필,10,13,行則與轅俱擧,6,,
열하일기,일신수필,10,14,止則與輪俱停,6,,
열하일기,일신수필,10,15,所以支吾,4,,
열하일기,일신수필,10,16,撑柱,2,,
열하일기,일신수필,10,17,使不傾翻也,5,,Y
열하일기,일신수필,10,18,沿路賣餠餌菓蓏者,8,賣,Y
열하일기,일신수필,10,19,皆用獨輪車,5,,Y
열하일기,일신수필,10,20,尤便於田中輸糞,7,,
열하일기,일신수필,10,21,嘗見兩村婦,5,,
열하일기,일신수필,10,22,分坐兩箱,4,,
열하일기,일신수필,10,23,各抱一,3,,
열하일기,일신수필,10,24,子,1,,
열하일기,일신수필,10,25,載水者左右,5,,
열하일기,일신수필,10,26,各五六桶,4,,
열하일기,일신수필,10,27,載物重且阜,5,,
열하일기,일신수필,10,28,則一人繫繩而曳之,8,,
열하일기,일신수필,10,29,或二人三人,5,,
열하일기,일신수필,10,30,如船之牽纜,5,,
열하일기,일신수필,11,1,大凡車者,4,,
열하일기,일신수필,11,2,出乎天而行于地,7,,
열하일기,일신수필,11,3,用旱之舟而能行之屋也,10,,
열하일기,일신수필,11,4,有國之大用莫如車,8,,Y
열하일기,일신수필,11,5,故周禮問國君之富,8,富,Y
열하일기,일신수필,11,6,數車以,3,,Y
열하일기,일신수필,11,7,對,1,,
열하일기,일신수필,11,8,車非獨載且乘也,7,,
열하일기,일신수필,11,9,有戎車,3,,
열하일기,일신수필,11,10,役車,2,,
열하일기,일신수필,11,11,水車,2,,
열하일기,일신수필,11,12,砲車,2,,
열하일기,일신수필,11,13,千百其制,4,,
열하일기,일신수필,11,14,而今不可倉卒俱悉,8,,
열하일기,일신수필,11,15,然至於乘車載車,7,,
열하일기,일신수필,11,16,尤係,2,,
열하일기,일신수필,11,17,生民先務,4,,
열하일기,일신수필,11,18,不可不急講也,6,,
열하일기,일신수필,11,19,吾嘗與洪湛軒德保,8,,
열하일기,일신수필,11,20,李參奉聖載講車制,8,,
열하일기,일신수필,11,21,車制莫先於同軌,7,,
열하일기,일신수필,11,22,所謂同軌者何,6,,
열하일기,일신수필,11,23,軸之距兩輪之間也,8,,
열하일기,일신수필,11,24,兩輪之間,4,,
열하일기,일신수필,11,25,不違恒式,4,,
열하일기,일신수필,11,26,則萬車一轍,5,,
열하일기,일신수필,11,27,所謂車同軌者是也,8,,
열하일기,일신수필,11,28,若使兩輪之間,6,,
열하일기,일신수필,11,29,恣意濶狹,4,,
열하일기,일신수필,11,30,則路中轍迹,5,,
열하일기,일신수필,11,31,何以入軌,4,,
열하일기,일신수필,11,32,今見沿道千里,6,,
열하일기,일신수필,11,33,日閱萬車,4,,
열하일기,일신수필,11,34,而前車後車,5,,
열하일기,일신수필,11,35,同循一迹,4,,
열하일기,일신수필,11,36,故稱不謀而同者曰一轍,10,,
열하일기,일신수필,11,37,後,1,,
열하일기,일신수필,11,38,之視前者曰前轍,7,,
열하일기,일신수필,11,39,城門當轍處凹然成筧,9,,
열하일기,일신수필,11,40,所謂城門之軌者是也,9,,
열하일기,일신수필,11,41,我東未甞無車,6,,
열하일기,일신수필,11,42,而輪未正圓,5,,
열하일기,일신수필,11,43,轍不入軌,4,,
열하일기,일신수필,11,44,是猶無車也,5,,
열하일기,일신수필,11,45,然而人有恒言曰,7,,
열하일기,일신수필,11,46,我東巖邑不可用車,8,,
열하일기,일신수필,11,47,是何言也,4,,
열하일기,일신수필,11,48,國不用車,4,,
열하일기,일신수필,11,49,故道不治耳,5,,
열하일기,일신수필,11,50,車行則道自治,6,,
열하일기,일신수필,11,51,何患乎街巷之狹隘,8,,
열하일기,일신수필,11,52,嶺阨之險峻哉,6,,
열하일기,일신수필,11,53,傳曰,2,,
열하일기,일신수필,11,54,舟車所至,4,,
열하일기,일신수필,11,55,霜露所墜,4,,
열하일기,일신수필,11,56,是稱車之無遠不屆也,9,,
열하일기,일신수필,11,57,中國固有釖閣,6,,
열하일기,일신수필,11,58,九折之險,4,,
열하일기,일신수필,11,59,太行羊膓之危,6,,
열하일기,일신수필,11,60,而亦莫不叱馭而過之,9,,
열하일기,일신수필,11,61,是以關陜川蜀江淛閩廣之遠,12,,Y
열하일기,일신수필,11,62,巨商大賈及絜眷赴官,9,商 賈,Y
열하일기,일신수필,11,63,者,1,,Y
열하일기,일신수필,11,64,車轂相擊,4,,
열하일기,일신수필,11,65,如履門庭,4,,
열하일기,일신수필,11,66,訇訇轟轟,4,,
열하일기,일신수필,11,67,白日常聞雷霆之聲,8,,
열하일기,일신수필,11,68,今此磨天靑石之嶺,8,,
열하일기,일신수필,11,69,獐項馬轉之坂,6,,
열하일기,일신수필,11,70,豈下於我,4,,
열하일기,일신수필,11,71,東哉,2,,
열하일기,일신수필,11,72,其巖阻險峻,5,,
열하일기,일신수필,11,73,皆我人之所目擊,7,,
열하일기,일신수필,11,74,亦有廢車而不行者乎,9,,Y
열하일기,일신수필,11,75,所以中國之貨財殷富,9,財 貨 富,Y
열하일기,일신수필,11,76,不滯一方,4,,Y
열하일기,일신수필,11,77,流行貿,3,,
열하일기,일신수필,11,78,遷,1,,Y
열하일기,일신수필,11,79,皆用車之利也,6,利,Y
열하일기,일신수필,11,80,今以近效論之,6,,Y
열하일기,일신수필,11,81,我使之行,4,,
열하일기,일신수필,11,82,除却百弊,4,,
열하일기,일신수필,11,83,我車我載,4,,
열하일기,일신수필,11,84,直達燕京,4,,
열하일기,일신수필,11,85,何憚而不爲也,6,,
열하일기,일신수필,11,86,嶺南之,3,,
열하일기,일신수필,11,87,兒,1,,
열하일기,일신수필,11,88,不識蝦鹽,4,,
열하일기,일신수필,11,89,關東之民,4,,
열하일기,일신수필,11,90,沉樝代醬,4,,
열하일기,일신수필,11,91,西北之人,4,,
열하일기,일신수필,11,92,不辨柹柑,4,,
열하일기,일신수필,11,93,沿海之地,4,,
열하일기,일신수필,11,94,以鮧鰌糞田,5,,
열하일기,일신수필,11,95,而一或至京,5,,
열하일기,일신수필,11,96,一掬一,3,,
열하일기,일신수필,11,97,文,1,,
열하일기,일신수필,11,98,又何其貴也,5,,
열하일기,일신수필,11,99,今夫六鎭之麻布,7,,
열하일기,일신수필,11,100,關西之明紬,5,,
열하일기,일신수필,11,101,兩南之楮紙,5,,
열하일기,일신수필,11,102,海西之綿鐵,5,,
열하일기,일신수필,11,103,內浦之魚鹽,5,,
열하일기,일신수필,11,104,俱民生日用而,6,,
열하일기,일신수필,11,105,不可闕者也,5,,
열하일기,일신수필,11,106,靑山報恩之間千樹棗,9,,
열하일기,일신수필,11,107,黃州鳳山之間千樹梨,9,,
열하일기,일신수필,11,108,興陽南海之間千樹橘柚,10,,
열하일기,일신수필,11,109,林川韓山千畦苧,7,,
열하일기,일신수필,11,110,枲,1,,
열하일기,일신수필,11,111,關東之千筒蠭蜜,7,,
열하일기,일신수필,11,112,爲民生日用,5,,Y
열하일기,일신수필,11,113,而莫不欲相資而相生也,10,資,Y
열하일기,일신수필,11,114,然而此賤而彼貴,7,,Y
열하일기,일신수필,11,115,聞名而不見者,6,,
열하일기,일신수필,11,116,何也,2,,
열하일기,일신수필,11,117,職,1,,
열하일기,일신수필,11,118,由無力而致之耳,7,,
열하일기,일신수필,11,119,方數千里之國,6,,Y
열하일기,일신수필,11,120,民萌產業,4,產,Y
열하일기,일신수필,11,121,若是其貧,4,貧,Y
열하일기,일신수필,11,122,一言而蔽之曰車不行域中,11,,Y
열하일기,일신수필,11,123,請問其故,4,,
열하일기,일신수필,11,124,車奚不,3,,
열하일기,일신수필,11,125,行,1,,
열하일기,일신수필,11,126,一言而蔽之曰士大夫之過也,12,,
열하일기,일신수필,11,127,平生讀書則曰周禮,8,,
열하일기,일신수필,11,128,聖人之作也,5,,
열하일기,일신수필,11,129,曰輪人,3,,
열하일기,일신수필,11,130,曰輿人,3,,
열하일기,일신수필,11,131,曰車人,3,,
열하일기,일신수필,11,132,曰輈人,3,,
열하일기,일신수필,11,133,然竟不講造之之法如何,10,,
열하일기,일신수필,11,134,行之之術如何,6,,
열하일기,일신수필,11,135,是所謂徒讀,5,,
열하일기,일신수필,11,136,何補於學哉,5,,
열하일기,일신수필,11,137,嗚呼嘻噫,4,,
열하일기,일신수필,11,138,自黃帝造車而稱軒轅氏,10,,
열하일기,일신수필,11,139,經千百載,4,,
열하일기,일신수필,11,140,幾聖人,3,,
열하일기,일신수필,11,141,竭其心思目力手技,8,,
열하일기,일신수필,11,142,而又經幾工倕,6,,Y
열하일기,일신수필,11,143,又經商鞅,4,商,Y
열하일기,일신수필,11,144,李斯一制度,5,,Y
열하일기,일신수필,11,145,信縣官之學術,6,,
열하일기,일신수필,11,146,將幾百,3,,
열하일기,일신수필,11,147,輩也,2,,
열하일기,일신수필,11,148,其講之熟而行之要,8,,
열하일기,일신수필,11,149,豈徒然哉,4,,Y
열하일기,일신수필,11,150,誠以利生民之日用,8,利,Y
열하일기,일신수필,11,151,而有國,3,,Y
열하일기,일신수필,11,152,之大器也,4,,
열하일기,일신수필,11,153,今吾日見而可驚可喜者,10,,
열하일기,일신수필,11,154,推此車制而萬事可徵也,10,,
열하일기,일신수필,11,155,亦可以小識千載群聖人之苦心也夫,15,,
열하일기,일신수필,12,1,灌田曰龍尾車,6,,
열하일기,일신수필,12,2,龍骨車,3,,
열하일기,일신수필,12,3,恒升車,3,,
열하일기,일신수필,12,4,玉衡車,3,,
열하일기,일신수필,12,5,救火有虹吸,5,,
열하일기,일신수필,12,6,鶴飮之制,4,,
열하일기,일신수필,12,7,戰車有砲車,5,,
열하일기,일신수필,12,8,衝車,2,,
열하일기,일신수필,12,9,火車,2,,
열하일기,일신수필,12,10,俱載泰西奇,5,,
열하일기,일신수필,12,11,器圖,2,,
열하일기,일신수필,12,12,康煕帝所造耕織圖,8,,
열하일기,일신수필,12,13,其文則天工開物,7,,
열하일기,일신수필,12,14,農政全書,4,,
열하일기,일신수필,12,15,有心人可取而細攷焉,9,,Y
열하일기,일신수필,12,16,則吾東生民之貧瘁欲死,10,貧,Y
열하일기,일신수필,12,17,庶幾有瘳耳,5,,Y
열하일기,일신수필,12,18,今以吾所目見救火之車,10,,
열하일기,일신수필,12,19,略錄其制,4,,
열하일기,일신수필,12,20,將歸諭我東,5,,
열하일기,일신수필,12,21,自北鎭廟,4,,
열하일기,일신수필,12,22,乘月還新廣寧,6,,
열하일기,일신수필,12,23,城外民舍,4,,
열하일기,일신수필,12,24,夕,1,,
열하일기,일신수필,12,25,日失火,3,,
열하일기,일신수필,12,26,方纔救熄,4,,
열하일기,일신수필,12,27,路中有三座水車,7,,
열하일기,일신수필,12,28,方欲收去,4,,
열하일기,일신수필,12,29,余令小停,4,,
열하일기,일신수필,12,30,而先問其名,5,,
열하일기,일신수필,12,31,曰水銃車,4,,
열하일기,일신수필,12,32,次閱其制,4,,
열하일기,일신수필,12,33,四輪車,3,,
열하일기,일신수필,12,34,上,1,,
열하일기,일신수필,12,35,置一座大木槽,6,,
열하일기,일신수필,12,36,槽中置大銅器,6,,
열하일기,일신수필,12,37,銅器中置兩座銅筒,8,,
열하일기,일신수필,12,38,銅筒中間,4,,
열하일기,일신수필,12,39,立乙頸水銃,5,,
열하일기,일신수필,12,40,水銃爲兩股,5,,
열하일기,일신수필,12,41,通于左右,4,,
열하일기,일신수필,12,42,兩筒,2,,
열하일기,일신수필,12,43,兩筒有短脚,5,,
열하일기,일신수필,12,44,而底有暗戶,5,,
열하일기,일신수필,12,45,以銅葉爲扉,5,,
열하일기,일신수필,12,46,令隨水開闔,5,,
열하일기,일신수필,12,47,兩筒之口,4,,
열하일기,일신수필,12,48,有銅盤爲蓋,5,,
열하일기,일신수필,12,49,圓經緊適筒口,6,,
열하일기,일신수필,12,50,盤,1,,
열하일기,일신수필,12,51,之正中,3,,
열하일기,일신수필,12,52,串鐵柱架木以壓盤,8,,
열하일기,일신수필,12,53,亦以擧盤,4,,
열하일기,일신수필,12,54,盤之出入升降,6,,
열하일기,일신수필,12,55,隨木架焉,4,,
열하일기,일신수필,12,56,乃灌水銅盆中,6,,
열하일기,일신수필,12,57,數人互踏木架,6,,
열하일기,일신수필,12,58,則筒,2,,
열하일기,일신수필,12,59,口銅盤,3,,
열하일기,일신수필,12,60,一陷一湧,4,,
열하일기,일신수필,12,61,大約納水之妙,6,,
열하일기,일신수필,12,62,在於銅盤,4,,
열하일기,일신수필,12,63,銅盤湧齊筒口,6,,
열하일기,일신수필,12,64,則筒底暗戶倐翕自開,9,,
열하일기,일신수필,12,65,以吸外水,4,,
열하일기,일신수필,12,66,銅盤陷,3,,
열하일기,일신수필,12,67,入筒裏,3,,
열하일기,일신수필,12,68,則筒底暗戶弸盎自闔,9,,
열하일기,일신수필,12,69,於是筒裏之水澎漲無所歸,11,,
열하일기,일신수필,12,70,乃自銃脚走入乙頸,8,,
열하일기,일신수필,12,71,忿薄上衝而噴之,7,,
열하일기,일신수필,12,72,直射,2,,
열하일기,일신수필,12,73,爲十餘仞,4,,
열하일기,일신수필,12,74,橫噀可三四十步,7,,
열하일기,일신수필,12,75,其制肖笙簧,5,,
열하일기,일신수필,12,76,汲水者連注於木槽而已,10,,
열하일기,일신수필,12,77,傍兩車制,4,,
열하일기,일신수필,12,78,頗異此,3,,
열하일기,일신수필,12,79,而尤有曲折,5,,
열하일기,일신수필,12,80,未,1,,
열하일기,일신수필,12,81,可造次詳看,5,,
열하일기,일신수필,12,82,然其吸噀之術大同耳,9,,
열하일기,일신수필,13,1,轉磨爲大牙輪二層,8,,
열하일기,일신수필,13,2,以鐵軸串之,5,,
열하일기,일신수필,13,3,立于屋中,4,,
열하일기,일신수필,13,4,設機而旋之,5,,
열하일기,일신수필,13,5,牙輪者如自鳴鍾,7,,
열하일기,일신수필,13,6,齟齬互當也,5,,
열하일기,일신수필,13,7,屋中四隅,4,,
열하일기,일신수필,13,8,亦,1,,
열하일기,일신수필,13,9,以兩層置磨盤,6,,
열하일기,일신수필,13,10,盤沿亦爲齟齬,6,,
열하일기,일신수필,13,11,以互當大輪之牙,7,,
열하일기,일신수필,13,12,大輪一旋,4,,
열하일기,일신수필,13,13,八盤爭轉,4,,
열하일기,일신수필,13,14,頃刻之間,4,,
열하일기,일신수필,13,15,麪如積雪,4,,
열하일기,일신수필,13,16,此法肖問,4,,
열하일기,일신수필,13,17,時鍾,2,,
열하일기,일신수필,13,18,沿道民家,4,,
열하일기,일신수필,13,19,皆一磑一驢,5,,
열하일기,일신수필,13,20,脫糓者恒用碌碡,7,,
열하일기,일신수필,13,21,亦驢靷以代舂杵,7,,
열하일기,일신수필,14,1,簁麪之法,4,,
열하일기,일신수필,14,2,密室中置三輪,6,,
열하일기,일신수필,14,3,搖車其輪,4,,
열하일기,일신수필,14,4,前兩而後一,5,,
열하일기,일신수필,14,5,車上立四柱,5,,
열하일기,일신수필,14,6,危置兩層大簁,6,,
열하일기,일신수필,14,7,可容數石,4,,
열하일기,일신수필,14,8,上簁注麵,4,,
열하일기,일신수필,14,9,下簁空置,4,,
열하일기,일신수필,14,10,以承上簁,4,,
열하일기,일신수필,14,11,更繹細粉,4,,
열하일기,일신수필,14,12,搖車之前,4,,
열하일기,일신수필,14,13,直架一木,4,,
열하일기,일신수필,14,14,木之一頭攬車,6,,
열하일기,일신수필,14,15,一頭穿出屋外,6,,
열하일기,일신수필,14,16,屋外立一柱,5,,
열하일기,일신수필,14,17,以,1,,
열하일기,일신수필,14,18,繫木頭,3,,
열하일기,일신수필,14,19,柱底坎地,4,,
열하일기,일신수필,14,20,置大木板,4,,
열하일기,일신수필,14,21,以承柱根,4,,
열하일기,일신수필,14,22,板底正中,4,,
열하일기,일신수필,14,23,爲枕以泛之,5,,
열하일기,일신수필,14,24,如鼓冶之法,5,,
열하일기,일신수필,14,25,椅坐板上,4,,
열하일기,일신수필,14,26,微動其足,4,,
열하일기,일신수필,14,27,則,1,,
열하일기,일신수필,14,28,板之兩頭,4,,
열하일기,일신수필,14,29,互相低昂,4,,
열하일기,일신수필,14,30,板上之柱,4,,
열하일기,일신수필,14,31,不勝搖蕩,4,,
열하일기,일신수필,14,32,於是柱頭橫架,6,,
열하일기,일신수필,14,33,猛加推排,4,,
열하일기,일신수필,14,34,而屋中之車,5,,
열하일기,일신수필,14,35,一前一卻,4,,
열하일기,일신수필,14,36,屋中四,3,,
열하일기,일신수필,14,37,壁,1,,
열하일기,일신수필,14,38,十層設架,4,,
열하일기,일신수필,14,39,置器其上,4,,
열하일기,일신수필,14,40,以承飛粉,4,,
열하일기,일신수필,14,41,屋外坐椅者,5,,
열하일기,일신수필,14,42,看書寫字,4,,
열하일기,일신수필,14,43,對客酬談,4,,
열하일기,일신수필,14,44,無所不宜,4,,
열하일기,일신수필,14,45,但聞背後擾戛之響,8,,
열하일기,일신수필,14,46,而不知孰所使然也,8,,
열하일기,일신수필,14,47,盖其動足甚微,6,,
열하일기,일신수필,14,48,而收功甚鉅,5,,
열하일기,일신수필,14,49,我東婦女一簁數斗之輪,10,,
열하일기,일신수필,14,50,則一朝鬢眉皓白,7,,
열하일기,일신수필,14,51,手腕麻軟,4,,
열하일기,일신수필,14,52,其勞逸得失,5,,
열하일기,일신수필,14,53,比諸此法何如也,7,,
열하일기,일신수필,15,1,繅車尤妙,4,,
열하일기,일신수필,15,2,宜可效也,4,,
열하일기,일신수필,15,3,爲大牙輪,4,,
열하일기,일신수필,15,4,如轉磨之法,5,,
열하일기,일신수필,15,5,繅車兩頭,4,,
열하일기,일신수필,15,6,亦爲牙輪齟齬互當,8,,Y
열하일기,일신수필,15,7,不息自轉,4,息,Y
열하일기,일신수필,15,8,繅車者,3,,Y
열하일기,일신수필,15,9,大籰,2,,
열하일기,일신수필,15,10,之盈數抱者,5,,
열하일기,일신수필,15,11,烹繭於數十步之外,8,,
열하일기,일신수필,15,12,而中間設數十層架,8,,
열하일기,일신수필,15,13,漸次爲高下之勢,7,,
열하일기,일신수필,15,14,每架頭竪鐵片穿孔,8,,
열하일기,일신수필,15,15,僅如針耳,4,,
열하일기,일신수필,15,16,納絲其孔,4,,
열하일기,일신수필,15,17,機動而輪旋,5,,
열하일기,일신수필,15,18,輪旋而籰轉,5,,
열하일기,일신수필,15,19,交牙互齒,4,,
열하일기,일신수필,15,20,不疾不徐,4,,
열하일기,일신수필,15,21,慢慢抽引,4,,
열하일기,일신수필,15,22,不激不濁,4,,
열하일기,일신수필,15,23,任其自然,4,,
열하일기,일신수필,15,24,故無精麁,4,,
열하일기,일신수필,15,25,並進之患,4,,
열하일기,일신수필,15,26,繅之出釜入籰之頃,8,,
열하일기,일신수필,15,27,徧歷鐵孔,4,,
열하일기,일신수필,15,28,刊毛落芒,4,,
열하일기,일신수필,15,29,未及入籰,4,,
열하일기,일신수필,15,30,體已燥曬,4,,
열하일기,일신수필,15,31,光潔明潤,4,,
열하일기,일신수필,15,32,不勞灰練,4,,
열하일기,일신수필,15,33,而直,2,,
열하일기,일신수필,15,34,入機杼,3,,
열하일기,일신수필,15,35,我東抽繅之法,6,,
열하일기,일신수필,15,36,惟知手汲,4,,
열하일기,일신수필,15,37,不識用車,4,,
열하일기,일신수필,15,38,人之運手,4,,
열하일기,일신수필,15,39,已失天機自然之勢,8,,
열하일기,일신수필,15,40,而疾徐不適,5,,
열하일기,일신수필,15,41,觸激有時,4,,
열하일기,일신수필,15,42,則怒絲驚繭,5,,
열하일기,일신수필,15,43,騰跳騈進,4,,
열하일기,일신수필,15,44,抽積繅板,4,,
열하일기,일신수필,15,45,棼雜無緖,4,,
열하일기,일신수필,15,46,凝乾成塊,4,,
열하일기,일신수필,15,47,旣失光澤,4,,
열하일기,일신수필,15,48,沙壓核纏,4,,
열하일기,일신수필,15,49,且斷且續,4,,
열하일기,일신수필,15,50,除麤理精,4,,
열하일기,일신수필,15,51,口,1,,
열하일기,일신수필,15,52,指並勞,3,,
열하일기,일신수필,15,53,其視繅車,4,,
열하일기,일신수필,15,54,功用敏鈍,4,,
열하일기,일신수필,15,55,又何如也,4,,
열하일기,일신수필,15,56,問繭能經夏不蟲之術,9,,
열하일기,일신수필,15,57,曰,1,,
열하일기,일신수필,15,58,微炒則不蛾,5,,
열하일기,일신수필,15,59,溫炕焙乾則不蛾不蟲,9,,
열하일기,일신수필,15,60,雖冬可繅也,5,,
열하일기,일신수필,16,1,沿道日逢喪輿,6,,
열하일기,일신수필,16,2,不一其制,4,,
열하일기,일신수필,16,3,而太質鈍,4,,
열하일기,일신수필,16,4,輿之大,3,,
열하일기,일신수필,16,5,幾如二間屋子,6,,
열하일기,일신수필,16,6,以五色錦緞爲帷帳,8,,
열하일기,일신수필,16,7,雜畵雲物,4,,
열하일기,일신수필,16,8,雉雀亭頂,4,,Y
열하일기,일신수필,16,9,或爛銀,3,銀,Y
열하일기,일신수필,16,10,或結五色絲爲紐,7,,Y
열하일기,일신수필,16,11,雙轅長幾七八丈,7,,
열하일기,일신수필,16,12,紅漆飾以黃銅,6,,
열하일기,일신수필,16,13,鍍金出色,4,,
열하일기,일신수필,16,14,橫杠前後各五,6,,
열하일기,일신수필,16,15,亦長三四丈,5,,
열하일기,일신수필,16,16,更,1,,
열하일기,일신수필,16,17,以短杠,3,,
열하일기,일신수필,16,18,兩頭肩擔,4,,
열하일기,일신수필,16,19,擔夫不下數百人,7,,
열하일기,일신수필,16,20,銘皆紅緞金字書寫,8,,
열하일기,일신수필,16,21,旌竿三丈,4,,
열하일기,일신수필,16,22,黑漆畵金龍,5,,
열하일기,일신수필,16,23,竿下有跗,4,,
열하일기,일신수필,16,24,亦架雙,3,,
열하일기,일신수필,16,25,杠,1,,
열하일기,일신수필,16,26,必九人擔之,5,,
열하일기,일신수필,16,27,紅盖一雙,4,,
열하일기,일신수필,16,28,靑盖一雙,4,,
열하일기,일신수필,16,29,黑盖一雙,4,,
열하일기,일신수필,16,30,幡幢五六對,5,,
열하일기,일신수필,16,31,繼之笙簫皷吹,6,,
열하일기,일신수필,16,32,僧徒道流,4,,
열하일기,일신수필,16,33,各具其服,4,,
열하일기,일신수필,16,34,誦,1,,
열하일기,일신수필,16,35,唄念呪,3,,
열하일기,일신수필,16,36,以隨輿後,4,,
열하일기,일신수필,16,37,中國萬事莫不簡便,8,,
열하일기,일신수필,16,38,而無一冗費,5,,
열하일기,일신수필,16,39,此最不可曉,5,,
열하일기,일신수필,16,40,非可取法也,5,,
열하일기,일신수필,18,1,寺觀及廟堂,5,,
열하일기,일신수필,18,2,對門必有一座戱臺,8,,
열하일기,일신수필,18,3,皆架七梁,4,,
열하일기,일신수필,18,4,或架九梁,4,,
열하일기,일신수필,18,5,高深雄傑,4,,
열하일기,일신수필,18,6,非店舍所比,5,,
열하일기,일신수필,18,7,不若是深廣,5,,
열하일기,일신수필,18,8,難容萬衆,4,,
열하일기,일신수필,18,9,凳卓椅丌,4,,
열하일기,일신수필,18,10,凡係坐具,4,,
열하일기,일신수필,18,11,動以千計,4,,
열하일기,일신수필,18,12,丹雘精侈,4,,
열하일기,일신수필,18,13,沿道千里,4,,
열하일기,일신수필,18,14,往往設蘆簞,5,,
열하일기,일신수필,18,15,爲高臺像,4,,
열하일기,일신수필,18,16,樓閣宮殿之狀,6,,
열하일기,일신수필,18,17,而結構,3,,
열하일기,일신수필,18,18,之工,2,,
열하일기,일신수필,18,19,更勝瓦甍,4,,
열하일기,일신수필,18,20,或扁以中秋慶賞,7,,
열하일기,일신수필,18,21,或扁以中元佳節,7,,
열하일기,일신수필,18,22,小小村坊無廟堂處,8,,
열하일기,일신수필,18,23,則必趁上元中元設此簟臺,11,,
열하일기,일신수필,18,24,以演諸戱,4,,
열하일기,일신수필,18,25,嘗於古家舖道中,7,,
열하일기,일신수필,18,26,車乘連絡不絶,6,,
열하일기,일신수필,18,27,女子共載,4,,
열하일기,일신수필,18,28,一車不下七八,6,,
열하일기,일신수필,18,29,皆凝粧盛飾,5,,
열하일기,일신수필,18,30,閱數百車,4,,
열하일기,일신수필,18,31,皆村婦,3,,
열하일기,일신수필,18,32,之觀小黑山塲戱,7,,
열하일기,일신수필,18,33,日暮罷歸者,5,,
열하일기,일신수필,20,1,今行千餘里之間,7,,
열하일기,일신수필,20,2,所經市舖若鳳城遼東盛京新民屯小黑山廣寧等處,21,,Y
열하일기,일신수필,20,3,不無大小奢儉之別,8,儉 奢,Y
열하일기,일신수필,20,4,而盛京爲最,5,,Y
열하일기,일신수필,20,5,皆紋窓繡戶,5,,
열하일기,일신수필,20,6,夾路酒肆,4,,
열하일기,일신수필,20,7,金碧尤盛,4,,
열하일기,일신수필,20,8,而獨恠其金欄綠檻,8,,
열하일기,일신수필,20,9,架出簷外,4,,
열하일기,일신수필,20,10,新經夏潦,4,,
열하일기,일신수필,20,11,丹碧不渝,4,,
열하일기,일신수필,20,12,鳳城乃東盡頭,6,,
열하일기,일신수필,20,13,邊門僻奧,4,,
열하일기,일신수필,20,14,更無進步之地,6,,Y
열하일기,일신수필,20,15,而不特椅卓簾帷毡毯器什花草,13,什,Y
열하일기,일신수필,20,16,俱是刱覩,4,,Y
열하일기,일신수필,20,17,其招牌認榜,5,,
열하일기,일신수필,20,18,競侈爭華,4,,
열하일기,일신수필,20,19,卽其觀,3,,
열하일기,일신수필,20,20,美,1,,Y
열하일기,일신수필,20,21,浪費不啻千金,6,千金,Y
열하일기,일신수필,20,22,盖不若是則賣買不旺,9,買 賣,Y
열하일기,일신수필,20,23,財神不祐,4,財,Y
열하일기,일신수필,20,24,其所敬財神,5,財,Y
열하일기,일신수필,20,25,多關公像,4,,Y
열하일기,일신수필,20,26,供卓香火,4,,
열하일기,일신수필,20,27,晨夕叩拜,4,,
열하일기,일신수필,20,28,有,1,,
열하일기,일신수필,20,29,過家廟,3,,
열하일기,일신수필,20,30,推此則山海關以內,8,,
열하일기,일신수필,20,31,可以預想矣,5,,Y
열하일기,일신수필,21,1,小賈之行于道路者,8,賈,Y
열하일기,일신수필,21,2,或高聲叫賣,5,賣,Y
열하일기,일신수필,21,3,而如賣靑布者,6,賣,Y
열하일기,일신수필,21,4,搖手中小鼗,5,,Y
열하일기,일신수필,21,5,爲人開剃者,5,,
열하일기,일신수필,21,6,彈手中鐵簡,5,,Y
열하일기,일신수필,21,7,賣油者敲鉢,5,賣,Y
열하일기,일신수필,21,8,或有持金鉦竹箆木鐸而行者,12,,Y
열하일기,일신수필,21,9,周回街坊,4,,
열하일기,일신수필,21,10,不撤敲響,4,,
열하일기,일신수필,21,11,則人家門裏,5,,
열하일기,일신수필,21,12,走出小孩子叫之,7,,Y
열하일기,일신수필,21,13,未甞見大聲叫賣者,8,賣,Y
열하일기,일신수필,21,14,但聞敲響,4,,Y
열하일기,일신수필,21,15,則已辨其貨物,6,貨,Y
열하일기,일신수필,23,1,店舍庭廣,4,,Y
열하일기,일신수필,23,2,必不下數百步,6,,
열하일기,일신수필,23,3,不如此,3,,
열하일기,일신수필,23,4,難容車馬人衆,6,,
열하일기,일신수필,23,5,故入門必疾驅一塲,8,,
열하일기,일신수필,23,6,然後始至前堂,6,,
열하일기,일신수필,23,7,其廣濶可知也,6,,
열하일기,일신수필,23,8,廊廡間,3,,
열하일기,일신수필,23,9,椅卓三五十副,6,,
열하일기,일신수필,23,10,廐中石槽長或二三間,9,,
열하일기,일신수필,23,11,廣半間非石槽,6,,
열하일기,일신수필,23,12,則甎築爲槽,5,,
열하일기,일신수필,23,13,如石制,3,,
열하일기,일신수필,23,14,庭中亦列置木槽,7,,
열하일기,일신수필,23,15,數十坐,3,,
열하일기,일신수필,23,16,兩頭叉木而支之,7,,
열하일기,일신수필,23,17,器皿專用畵瓷,6,,
열하일기,일신수필,23,18,不見白銅鍮錫等器,8,,
열하일기,일신수필,23,19,雖荒僻去處破敗屋中,9,,
열하일기,일신수필,23,20,其日用飯飡之器,7,,
열하일기,일신수필,23,21,皆金碧彩畵之碗楪,8,,
열하일기,일신수필,23,22,非其尙侈而然也,7,,
열하일기,일신수필,23,23,陶工窰家之事功,7,,
열하일기,일신수필,23,24,本自如此,4,,
열하일기,일신수필,23,25,雖欲用麤瓷惡窰,7,,
열하일기,일신수필,23,26,不可得矣,4,,
열하일기,일신수필,23,27,瓷之,2,,
열하일기,일신수필,23,28,破缺者不棄,5,,
열하일기,일신수필,23,29,皆外施鐵釘爲完器,8,,
열하일기,일신수필,23,30,但所未可曉者,6,,
열하일기,일신수필,23,31,釘不透內,4,,
열하일기,일신수필,23,32,而緊含不退,5,,
열하일기,일신수필,23,33,襯粘無痕,4,,
열하일기,일신수필,23,34,其數尺諸色觚鬲,7,,
열하일기,일신수필,23,35,揷花揷翠之壺罇,7,,
열하일기,일신수필,23,36,到處皆有,4,,
열하일기,일신수필,23,37,由此觀之,4,,
열하일기,일신수필,23,38,我東分院諸燔,6,,
열하일기,일신수필,23,39,當不得入市,5,,
열하일기,일신수필,23,40,噫,1,,
열하일기,일신수필,23,41,燔燒之法一不善,7,,
열하일기,일신수필,23,42,而通國之萬,5,,
열하일기,일신수필,23,43,事萬物,3,,
열하일기,일신수필,23,44,盡肖其器,4,,
열하일기,일신수필,23,45,遂以成俗,4,,
열하일기,일신수필,23,46,豈不寃哉,4,,
열하일기,일신수필,25,1,橋梁,2,,
열하일기,일신수필,25,2,皆虹蜺如城門,6,,
열하일기,일신수필,25,3,大可揚帆,4,,
열하일기,일신수필,25,4,小者亦可以通舠艓,8,,
열하일기,일신수필,25,5,石欄,2,,
열하일기,일신수필,25,6,鐫刻雲物蚣,5,,
열하일기,일신수필,25,7,蛟螭,2,,
열하일기,일신수필,25,8,木欄,2,,
열하일기,일신수필,25,9,亦施丹綠,4,,
열하일기,일신수필,25,10,橋之兩,3,,
열하일기,일신수필,25,11,頭入陸處,4,,
열하일기,일신수필,25,12,皆爲八字翼墻以護之,9,,
열하일기,일신수필,25,13,所經萬寶橋,5,,
열하일기,일신수필,25,14,火燒橋,3,,
열하일기,일신수필,25,15,壯元橋,3,,
열하일기,일신수필,25,16,磨刀橋最大,5,,
열하일기,일신수필,26,1,十六日壬,4,,
열하일기,일신수필,26,2,晴,1,,
열하일기,일신수필,26,3,與鄭進士,4,,
열하일기,일신수필,26,4,卞主簿,3,,
열하일기,일신수필,26,5,來源,2,,
열하일기,일신수필,26,6,又約乘凉先行,6,,
열하일기,일신수필,26,7,自新廣寧至興隆店五里,10,,
열하일기,일신수필,26,8,雙河堡七里,5,,
열하일기,일신수필,26,9,壯鎭,2,,
열하일기,일신수필,26,10,堡五里,3,,
열하일기,일신수필,26,11,常興店五里,5,,
열하일기,일신수필,26,12,三臺子三里,5,,
열하일기,일신수필,26,13,閭陽驛十五里,6,,
열하일기,일신수필,26,14,共四十里,4,,
열하일기,일신수필,26,15,中火,2,,
열하일기,일신수필,26,16,無脊屋始此,5,,
열하일기,일신수필,26,17,自閭陽又行至頭臺子,9,,
열하일기,일신수필,26,18,十里,2,,
열하일기,일신수필,26,19,二臺子五里,5,,
열하일기,일신수필,26,20,三臺子五里,5,,
열하일기,일신수필,26,21,四臺子五里,5,,
열하일기,일신수필,26,22,王三舖七里,5,,
열하일기,일신수필,26,23,十三山八里,5,,
열하일기,일신수필,26,24,是日通行八十里,7,,
열하일기,일신수필,26,25,宿十三山,4,,
열하일기,일신수필,26,26,曉發,2,,
열하일기,일신수필,26,27,落月去地數尺,6,,
열하일기,일신수필,26,28,蒼凉完完,4,,
열하일기,일신수필,26,29,桂影扶踈,4,,Y
열하일기,일신수필,26,30,玉兎銀蟾,4,銀,Y
열하일기,일신수필,26,31,如可撫弄,4,,Y
열하일기,일신수필,26,32,而姮娥氷紈,5,,
열하일기,일신수필,26,33,旖旎映膚,4,,
열하일기,일신수필,26,34,余顧鄭曰,4,,
열하일기,일신수필,26,35,恠,1,,
열하일기,일신수필,26,36,事,1,,
열하일기,일신수필,26,37,今日自西而昇,6,,
열하일기,일신수필,26,38,鄭初未覺其月也,7,,
열하일기,일신수필,26,39,隨答曰,3,,
열하일기,일신수필,26,40,每自宿店初發,6,,
열하일기,일신수필,26,41,實難辨東西南北也,8,,
열하일기,일신수필,26,42,諸人皆大笑,5,,
열하일기,일신수필,26,43,少焉,2,,
열하일기,일신수필,26,44,月輪垂墜,4,,
열하일기,일신수필,26,45,正在坤倪,4,,
열하일기,일신수필,26,46,鄭亦大笑,4,,
열하일기,일신수필,26,47,霞光淡蕩,4,,
열하일기,일신수필,26,48,橫抹野樹,4,,
열하일기,일신수필,26,49,忽化作千萬奇峰,7,,
열하일기,일신수필,26,50,扶輿磅礴,4,,
열하일기,일신수필,26,51,龍盤鳳舞,4,,
열하일기,일신수필,26,52,延袤千,3,,
열하일기,일신수필,26,53,里,1,,
열하일기,일신수필,26,54,余顧鄭曰,4,,
열하일기,일신수필,26,55,長白山皓然入望,7,,
열하일기,일신수필,26,56,不惟鄭君然之,6,,
열하일기,일신수필,26,57,諸君莫不叫絶,6,,
열하일기,일신수필,26,58,俄而雲霧盡消,6,,
열하일기,일신수필,26,59,日高三竿,4,,
열하일기,일신수필,26,60,天無一點埃,5,,
열하일기,일신수필,26,61,壒,1,,
열하일기,일신수필,26,62,忽見遠邨樹木間,7,,
열하일기,일신수필,26,63,透光如積水空明,7,,
열하일기,일신수필,26,64,非烟非霧,4,,
열하일기,일신수필,26,65,不高不低,4,,
열하일기,일신수필,26,66,常護樹根,4,,
열하일기,일신수필,26,67,洞澈如立水中,6,,
열하일기,일신수필,26,68,而其氣漸廣,5,,
열하일기,일신수필,26,69,橫抹遠際,4,,
열하일기,일신수필,26,70,似白似玄,4,,
열하일기,일신수필,26,71,如大玻瓈鏡,5,,
열하일기,일신수필,26,72,五色之外,4,,
열하일기,일신수필,26,73,別有一種光氣,6,,
열하일기,일신수필,26,74,設諭者,3,,
열하일기,일신수필,26,75,每擧江光湖色,6,,
열하일기,일신수필,26,76,而其空洞透映,6,,
열하일기,일신수필,26,77,不足以形似也,6,,
열하일기,일신수필,26,78,村舍車馬,4,,
열하일기,일신수필,26,79,皆倒影寫照,5,,
열하일기,일신수필,26,80,太卜曰,3,,
열하일기,일신수필,26,81,此薊門烟樹也,6,,
열하일기,일신수필,26,82,余曰,2,,
열하일기,일신수필,26,83,薊州距此尙有千里,8,,
열하일기,일신수필,26,84,則烟樹之在,5,,
열하일기,일신수필,26,85,此,1,,
열하일기,일신수필,26,86,何也,2,,Y
열하일기,일신수필,26,87,灣商林景贊曰,6,商,Y
열하일기,일신수필,26,88,薊門雖遠,4,,Y
열하일기,일신수필,26,89,統稱薊門烟樹,6,,
열하일기,일신수필,26,90,天氣淸朗,4,,
열하일기,일신수필,26,91,無縷風點氛,5,,
열하일기,일신수필,26,92,則遼野千里,5,,
열하일기,일신수필,26,93,常有此氣,4,,
열하일기,일신수필,26,94,雖,1,,
열하일기,일신수필,26,95,到薊州,3,,
열하일기,일신수필,26,96,若値風日陰霾,6,,
열하일기,일신수필,26,97,則不可見矣,5,,
열하일기,일신수필,26,98,大抵冬天靜日,6,,
열하일기,일신수필,26,99,氣候溫美,4,,
열하일기,일신수필,26,100,關內外日日常見云,8,,
열하일기,일신수필,26,101,適値閭陽市日,6,,
열하일기,일신수필,26,102,百,1,,Y
열하일기,일신수필,26,103,貨湊集,3,貨,Y
열하일기,일신수필,26,104,車馬塡咽,4,,Y
열하일기,일신수필,26,105,而雕籠中各置一禽,8,,
열하일기,일신수필,26,106,有名梅花兒,5,,
열하일기,일신수필,26,107,有名幺鳳兒,5,,
열하일기,일신수필,26,108,有名梧桐鳥,5,,
열하일기,일신수필,26,109,靑雀兒,3,,
열하일기,일신수필,26,110,畵眉鳥,3,,
열하일기,일신수필,26,111,形形,2,,
열하일기,일신수필,26,112,色色,2,,Y
열하일기,일신수필,26,113,賣鳥者車六,5,賣,Y
열하일기,일신수필,26,114,載鳴蟲者車二,6,,Y
열하일기,일신수필,26,115,啾喞遍市,4,,
열하일기,일신수필,26,116,如入山林,4,,
열하일기,일신수필,26,117,沽喫菊茶一椀,6,,
열하일기,일신수필,26,118,餑餑二塊,4,,
열하일기,일신수필,26,119,逢趙譯明會,5,,
열하일기,일신수필,26,120,入酒,2,,
열하일기,일신수필,26,121,肆,1,,
열하일기,일신수필,26,122,方燒酒取露,5,,
열하일기,일신수필,26,123,故移向他肆,5,,
열하일기,일신수필,26,124,則店小二大怒,6,,
열하일기,일신수필,26,125,搶入趙懷中,5,,
열하일기,일신수필,26,126,以頭拄胸,4,,
열하일기,일신수필,26,127,不得轉動,4,,
열하일기,일신수필,26,128,趙不得已笑而還坐,8,,Y
열하일기,일신수필,26,129,買一盤猪炒,5,買,Y
열하일기,일신수필,26,130,一盤卵炒,4,,Y
열하일기,일신수필,26,131,二觶酒飽喫而行,7,,
열하일기,일신수필,26,132,望見十三山,5,,
열하일기,일신수필,26,133,無微砂斷麓之爲過脈,9,,
열하일기,일신수필,26,134,忽於大野中,5,,
열하일기,일신수필,26,135,飛落十三,4,,
열하일기,일신수필,26,136,堆石峯,3,,
열하일기,일신수필,26,137,縹緲奇拔,4,,
열하일기,일신수필,26,138,如夏天雲頭,5,,
열하일기,일신수필,26,139,有一老者,4,,
열하일기,일신수필,26,140,白首持小竿,5,,
열하일기,일신수필,26,141,竿頭爲環,4,,
열하일기,일신수필,26,142,坐一瓦雀,4,,
열하일기,일신수필,26,143,綵絲繫脚,4,,
열하일기,일신수필,26,144,遊行路中,4,,
열하일기,일신수필,26,145,其,1,,
열하일기,일신수필,26,146,馴弄鳥雀多類此,7,,
열하일기,일신수필,26,147,頗困暑思睡,5,,
열하일기,일신수필,26,148,下馬步行,4,,
열하일기,일신수필,26,149,有七八歲童子,6,,
열하일기,일신수필,26,150,頭戴一頂猩紅絲凉帽,9,,
열하일기,일신수필,26,151,身被一領醬色雲紋杭,9,,
열하일기,일신수필,26,152,紗袍,2,,Y
열하일기,일신수필,26,153,足穿貢緞烏靴,6,貢,Y
열하일기,일신수필,26,154,跬步娉婷,4,,Y
열하일기,일신수필,26,155,顔色白雪,4,,
열하일기,일신수필,26,156,眉眼如畵,4,,
열하일기,일신수필,26,157,余故爲欄道而立,7,,
열하일기,일신수필,26,158,兒不驚不怖,5,,
열하일기,일신수필,26,159,至前恭拜,4,,
열하일기,일신수필,26,160,跪地,2,,
열하일기,일신수필,26,161,磕頭,2,,
열하일기,일신수필,26,162,余忙手扶抱,5,,
열하일기,일신수필,26,163,最後一老者,5,,
열하일기,일신수필,26,164,遠遠跟來,4,,
열하일기,일신수필,26,165,含笑曰,3,,
열하일기,일신수필,26,166,他是老僕之小孫,7,,
열하일기,일신수필,26,167,老爺愛弄這小孩子,8,,
열하일기,일신수필,26,168,時慚愧老僕,5,,
열하일기,일신수필,26,169,何福而致之,5,,
열하일기,일신수필,26,170,余問兒年方幾歲,7,,
열하일기,일신수필,26,171,兒屈指對曰,5,,
열하일기,일신수필,26,172,該有九,3,,
열하일기,일신수필,26,173,問其姓名,4,,
열하일기,일신수필,26,174,對曰,2,,
열하일기,일신수필,26,175,賤姓謝,3,,
열하일기,일신수필,26,176,遂自靴中出小鐵箆畫地,10,,
열하일기,일신수필,26,177,曰,1,,
열하일기,일신수필,26,178,孝者,2,,
열하일기,일신수필,26,179,百行之源,4,,
열하일기,일신수필,26,180,壽者,2,,
열하일기,일신수필,26,181,五福之首,4,,
열하일기,일신수필,26,182,俺祖公發願孩兒爲人子止於孝,13,,
열하일기,일신수필,26,183,更呪兒一曰壽,6,,
열하일기,일신수필,26,184,將孝連壽,4,,
열하일기,일신수필,26,185,做了,2,,
열하일기,일신수필,26,186,二字,2,,
열하일기,일신수필,26,187,幼名曰孝壽,5,,
열하일기,일신수필,26,188,余不覺驚異,5,,
열하일기,일신수필,26,189,問兒方讀何書,6,,
열하일기,일신수필,26,190,孝壽曰,3,,
열하일기,일신수필,26,191,二書已念過了,6,,
열하일기,일신수필,26,192,方讀學而篇,5,,
열하일기,일신수필,26,193,余問二書是甚題,7,,
열하일기,일신수필,26,194,目,1,,
열하일기,일신수필,26,195,曰,1,,
열하일기,일신수필,26,196,大學,2,,
열하일기,일신수필,26,197,中庸,2,,
열하일기,일신수필,26,198,余問已講義麽,6,,
열하일기,일신수필,26,199,曰,1,,
열하일기,일신수필,26,200,二書只念,4,,
열하일기,일신수필,26,201,論語方講,4,,
열하일기,일신수필,26,202,問老爺尊姓,5,,
열하일기,일신수필,26,203,余曰,2,,
열하일기,일신수필,26,204,吾姓朴,3,,
열하일기,일신수필,26,205,孝壽曰,3,,
열하일기,일신수필,26,206,百家,2,,
열하일기,일신수필,26,207,源無有,3,,
열하일기,일신수필,26,208,老者看吾愛賞其小孫,9,,
열하일기,일신수필,26,209,滿面癡笑曰,5,,
열하일기,일신수필,26,210,高麗老爺有佛性的長者,10,,
열하일기,일신수필,26,211,合是膝下有幾個鳳雛麟孫,11,,
열하일기,일신수필,26,212,念到,2,,
열하일기,일신수필,26,213,這箇都是及人之幼,8,,
열하일기,일신수필,26,214,余曰,2,,
열하일기,일신수필,26,215,吾年紀老大,5,,
열하일기,일신수필,26,216,尙未抱孫,4,,
열하일기,일신수필,26,217,因問貴庚,4,,
열하일기,일신수필,26,218,答曰,2,,
열하일기,일신수필,26,219,虛過了五十八,6,,
열하일기,일신수필,26,220,余給兒手中扇,6,,
열하일기,일신수필,26,221,老,1,,
열하일기,일신수필,26,222,者自解腰間鍮鐵連環瑣,10,,
열하일기,일신수필,26,223,連縐紗手巾,5,,
열하일기,일신수필,26,224,並帶火鎌以謝之,7,,
열하일기,일신수필,26,225,問老者家住何處,7,,
열하일기,일신수필,26,226,謝生曰,3,,
열하일기,일신수필,26,227,離此不遠,4,,
열하일기,일신수필,26,228,王三舖,3,,
열하일기,일신수필,26,229,是也,2,,
열하일기,일신수필,26,230,余曰,2,,
열하일기,일신수필,26,231,令孫夙慧,4,,
열하일기,일신수필,26,232,不愧王謝家風流,7,,
열하일기,일신수필,26,233,謝生曰,3,,
열하일기,일신수필,26,234,祖系遼絶,4,,
열하일기,일신수필,26,235,安敢望江左風流,7,,
열하일기,일신수필,26,236,行忙遂分手,5,,
열하일기,일신수필,26,237,兒長揖曰,4,,
열하일기,일신수필,26,238,大老爺行李保重,7,,
열하일기,일신수필,26,239,路中常念謝童絶妙,8,,
열하일기,일신수필,26,240,眉目動止,4,,
열하일기,일신수필,26,241,森在眼中,4,,
열하일기,일신수필,26,242,謝生畫地數語,6,,
열하일기,일신수필,26,243,足與談討,4,,
열하일기,일신수필,26,244,而可惜行忙,5,,
열하일기,일신수필,26,245,不,1,,
열하일기,일신수필,26,246,得尋其所居,5,,
열하일기,일신수필,27,1,十七日癸巳,5,,
열하일기,일신수필,27,2,晴,1,,
열하일기,일신수필,27,3,朝自十三山至禿老舖十二里,12,,
열하일기,일신수필,27,4,舟渡大凌河十四里,8,,
열하일기,일신수필,27,5,宿大凌河店四里,7,,
열하일기,일신수필,27,6,是日只行三十里,7,,
열하일기,일신수필,27,7,大凌河源出長城外,8,,
열하일기,일신수필,27,8,穿九官臺邊門,6,,
열하일기,일신수필,27,9,經廣寧城東,5,,
열하일기,일신수필,27,10,出斗山,3,,
열하일기,일신수필,27,11,入錦州衛界,5,,
열하일기,일신수필,27,12,至占魚塘,4,,
열하일기,일신수필,27,13,東入于海,4,,
열하일기,일신수필,27,14,護行通官,4,,
열하일기,일신수필,27,15,雙林者,3,,
열하일기,일신수필,27,16,朝鮮首通官烏林哺之子也,11,,
열하일기,일신수필,27,17,家在鳳城,4,,
열하일기,일신수필,27,18,雖云護行,4,,
열하일기,일신수필,27,19,而渠則乘太平車,7,,
열하일기,일신수필,27,20,趕後而來,4,,
열하일기,일신수필,27,21,行止非我行所,6,,
열하일기,일신수필,27,22,管,1,,
열하일기,일신수필,27,23,帶率有四僕,5,,
열하일기,일신수필,27,24,一姓鄂,3,,
열하일기,일신수필,27,25,專管沿路索飯馬料等事,10,,
열하일기,일신수필,27,26,一姓李臂鷹,5,,
열하일기,일신수필,27,27,專一沿路獵雉,6,,
열하일기,일신수필,27,28,一姓徐,3,,
열하일기,일신수필,27,29,自云與義州府,6,,
열하일기,일신수필,27,30,尹徐某同宗,5,,
열하일기,일신수필,27,31,一姓甘,3,,
열하일기,일신수필,27,32,俱稱朝鮮人,5,,
열하일기,일신수필,27,33,皆年方十九歲,6,,
열하일기,일신수필,27,34,眉目可愛,4,,
열하일기,일신수필,27,35,雙林之行眷云,6,,
열하일기,일신수필,27,36,但我東無姓甘者,7,,
열하일기,일신수필,27,37,是可疑,3,,
열하일기,일신수필,27,38,也,1,,
열하일기,일신수필,27,39,吾入柵十餘日,6,,
열하일기,일신수필,27,40,未見雙林面目,6,,
열하일기,일신수필,27,41,及渡通遠堡溪水,7,,
열하일기,일신수필,27,42,旣登岸曰水勢可怕,8,,
열하일기,일신수필,27,43,岸上有一胡,5,,
열하일기,일신수필,27,44,衣帽俱鮮麗,5,,
열하일기,일신수필,27,45,與,1,,
열하일기,일신수필,27,46,我譯同立,4,,
열하일기,일신수필,27,47,忽作東語曰水怕也,8,,
열하일기,일신수필,27,48,水怕善渡,4,,
열하일기,일신수필,27,49,旣至連山關,5,,
열하일기,일신수필,27,50,問首譯曰,4,,
열하일기,일신수필,27,51,朝日渡水時,5,,
열하일기,일신수필,27,52,狀貌雄偉者,5,,
열하일기,일신수필,27,53,誰也,2,,
열하일기,일신수필,27,54,首,1,,
열하일기,일신수필,27,55,譯曰,2,,
열하일기,일신수필,27,56,大大人之兄弟,6,,
열하일기,일신수필,27,57,有好文章,4,,
열하일기,일신수필,27,58,爲觀光來也,5,,
열하일기,일신수필,27,59,雙林曰,3,,
열하일기,일신수필,27,60,四點麽,3,,
열하일기,일신수필,27,61,首譯曰,3,,
열하일기,일신수필,27,62,不是四點,4,,
열하일기,일신수필,27,63,乃是大大人之嫡親,8,,
열하일기,일신수필,27,64,三從兄弟,4,,
열하일기,일신수필,27,65,雙林曰,3,,
열하일기,일신수필,27,66,伊兩羽泉的,5,,
열하일기,일신수필,27,67,伊兩羽泉者,5,,Y
열하일기,일신수필,27,68,漢音一兩五錢也,7,錢,Y
열하일기,일신수필,27,69,一兩五錢,4,錢,Y
열하일기,일신수필,27,70,爲兩半,3,,Y
열하일기,일신수필,27,71,東方士族稱兩班,7,,
열하일기,일신수필,27,72,兩半與兩班音似,7,,Y
열하일기,일신수필,27,73,故雙林以一兩五錢,8,錢,Y
열하일기,일신수필,27,74,爲隱語也,4,,Y
열하일기,일신수필,27,75,四點者,3,,
열하일기,일신수필,27,76,庶字也,3,,
열하일기,일신수필,27,77,東方庶孽之廋辭也,8,,
열하일기,일신수필,27,78,每行,2,,
열하일기,일신수필,27,79,任譯持公,4,,Y
열하일기,일신수필,27,80,費銀四千兩,5,銀,Y
열하일기,일신수필,27,81,而五百兩例給護行章京,10,,Y
열하일기,일신수필,27,82,七百兩給護行通官,8,,Y
열하일기,일신수필,27,83,爲雇車及盤纏之資,8,資,Y
열하일기,일신수필,27,84,而其實未甞費一錢銀,9,銀 錢,Y
열하일기,일신수필,27,85,子,1,,Y
열하일기,일신수필,27,86,自上副廚房,5,,
열하일기,일신수필,27,87,輪餽兩人耳,5,,
열하일기,일신수필,27,88,雙林爲人狡猾,6,,
열하일기,일신수필,27,89,善東語云,4,,
열하일기,일신수필,27,90,前者小黃旗堡中火時,9,,
열하일기,일신수필,27,91,與諸裨譯,4,,
열하일기,일신수필,27,92,共坐閒話,4,,
열하일기,일신수필,27,93,雙林自外入來,6,,
열하일기,일신수필,27,94,諸譯莫不款迎,6,,
열하일기,일신수필,27,95,雙林與副房裨將李聖濟致款,12,,
열하일기,일신수필,27,96,又向來源作話,6,,
열하일기,일신수필,27,97,盖兩人再作此行,7,,
열하일기,일신수필,27,98,故有宿,3,,
열하일기,일신수필,27,99,面也,2,,
열하일기,일신수필,27,100,來源謂雙林曰,6,,
열하일기,일신수필,27,101,吾於令監,4,,
열하일기,일신수필,27,102,有慨然者,4,,
열하일기,일신수필,27,103,雙林笑曰,4,,
열하일기,일신수필,27,104,有甚慨然,4,,
열하일기,일신수필,27,105,來源曰,3,,
열하일기,일신수필,27,106,上使道雖小國使臣,8,,
열하일기,일신수필,27,107,卽吾邦,3,,
열하일기,일신수필,27,108,之正一品內大臣,7,,
열하일기,일신수필,27,109,皇上亦各別禮接,7,,
열하일기,일신수필,27,110,令監雖大國人,6,,
열하일기,일신수필,27,111,係是朝鮮通官,6,,
열하일기,일신수필,27,112,則於俺們使道,6,,
열하일기,일신수필,27,113,當存軆貌,4,,
열하일기,일신수필,27,114,而每値,3,,
열하일기,일신수필,27,115,兩使道遞馬時,6,,
열하일기,일신수필,27,116,卸轎路中,4,,
열하일기,일신수필,27,117,令監輩,3,,
열하일기,일신수필,27,118,停車留待,4,,
열하일기,일신수필,27,119,可也,2,,
열하일기,일신수필,27,120,不此之爲,4,,
열하일기,일신수필,27,121,輒驅車戛過,5,,
열하일기,일신수필,27,122,晏然不動,4,,
열하일기,일신수필,27,123,是甚麽道理,5,,
열하일기,일신수필,27,124,由,1,,
열하일기,일신수필,27,125,此章京,3,,
열하일기,일신수필,27,126,亦敢視效令監,6,,
열하일기,일신수필,27,127,尤爲慨然,4,,
열하일기,일신수필,27,128,雙林勃然作色曰,7,,
열하일기,일신수필,27,129,你不知也,4,,
열하일기,일신수필,27,130,大國軆貌,4,,
열하일기,일신수필,27,131,與你國絶異也,6,,
열하일기,일신수필,27,132,大國出敕,4,,
열하일기,일신수필,27,133,則你國議政大臣,7,,
열하일기,일신수필,27,134,與俺們平等作禮,7,,
열하일기,일신수필,27,135,言語相敬,4,,
열하일기,일신수필,27,136,今你刱出軆貌,6,,
열하일기,일신수필,27,137,令我回避耶,5,,
열하일기,일신수필,27,138,趙譯學東,4,,
열하일기,일신수필,27,139,目來源,3,,
열하일기,일신수필,27,140,使勿復,3,,
열하일기,일신수필,27,141,爭,1,,
열하일기,일신수필,27,142,來源高聲曰,5,,
열하일기,일신수필,27,143,令監奴子,4,,
열하일기,일신수필,27,144,亦安敢臂鷹,5,,
열하일기,일신수필,27,145,揚揚馳過乎,5,,
열하일기,일신수필,27,146,極爲駭然,4,,
열하일기,일신수필,27,147,復見若此時,5,,
열하일기,일신수필,27,148,吾當拿棍,4,,
열하일기,일신수필,27,149,令監須勿見,5,,
열하일기,일신수필,27,150,恠,1,,
열하일기,일신수필,27,151,雙林曰,3,,
열하일기,일신수필,27,152,未曾膲膲了,5,,
열하일기,일신수필,27,153,我若看見時,5,,
열하일기,일신수필,27,154,一頓捧結果了,6,,
열하일기,일신수필,27,155,所謂善東話,5,,
열하일기,일신수필,27,156,太不了了,4,,
열하일기,일신수필,27,157,急則還使官話,6,,
열하일기,일신수필,27,158,公然乾,3,,Y
열하일기,일신수필,27,159,沒七百兩銀子,6,銀,Y
열하일기,일신수필,27,160,誠爲可惜,4,,Y
열하일기,일신수필,27,161,余時擦紙爲鼻針,7,,
열하일기,일신수필,27,162,雙林自解其鼻烟壺曰,9,,
열하일기,일신수필,27,163,欲爲嚔乎,4,,
열하일기,일신수필,27,164,余不受,3,,
열하일기,일신수필,27,165,盖不欲與語,5,,
열하일기,일신수필,27,166,且,1,,
열하일기,일신수필,27,167,未曉其法也,5,,
열하일기,일신수필,27,168,雙林向余欲語者數,8,,
열하일기,일신수필,27,169,余益莊竦而坐,6,,
열하일기,일신수필,27,170,雙林因起去,5,,
열하일기,일신수필,27,171,其後聞諸譯語,6,,
열하일기,일신수필,27,172,則雙林以余之不爲接談,10,,
열하일기,일신수필,27,173,無聊而起,4,,
열하일기,일신수필,27,174,大爲慍怒云,5,,
열하일기,일신수필,27,175,且渠父常坐衙門,7,,
열하일기,일신수필,27,176,若致憾於雙林,6,,
열하일기,일신수필,27,177,則出入遊觀之際,7,,
열하일기,일신수필,27,178,必然見阻,4,,
열하일기,일신수필,27,179,諺所謂笑臉不,6,,
열하일기,일신수필,27,180,唾,1,,
열하일기,일신수필,27,181,向日冷對雙林,6,,
열하일기,일신수필,27,182,非計也云云,5,,
열하일기,일신수필,27,183,余亦心然之,5,,
열하일기,일신수필,27,184,及是使行先發,6,,
열하일기,일신수필,27,185,余困睡晏起,5,,
열하일기,일신수필,27,186,方罷飯檢裝,5,,
열하일기,일신수필,27,187,而雙林入來,5,,
열하일기,일신수필,27,188,余笑迎曰,4,,
열하일기,일신수필,27,189,令監久未相逢,6,,
열하일기,일신수필,27,190,近日無恙否,5,,
열하일기,일신수필,27,191,雙林大樂,4,,
열하일기,일신수필,27,192,就坐求三等草,6,,
열하일기,일신수필,27,193,又求渠家好柱聯,7,,
열하일기,일신수필,27,194,又求大人所喫眞,7,,
열하일기,일신수필,27,195,眞的淸心丸,5,,
열하일기,일신수필,27,196,端午油帖扇,5,,
열하일기,일신수필,27,197,余首肯曰,4,,
열하일기,일신수필,27,198,車重來時,4,,
열하일기,일신수필,27,199,都承應了,4,,
열하일기,일신수필,27,200,余曰,2,,
열하일기,일신수필,27,201,吾長路鞍馬頗苦,7,,
열하일기,일신수필,27,202,願共君一站車,6,,
열하일기,일신수필,27,203,雙,1,,
열하일기,일신수필,27,204,林快許曰,4,,
열하일기,일신수필,27,205,公子與俺共載,6,,
열하일기,일신수필,27,206,時道路榮輝,5,,
열하일기,일신수필,27,207,遂同出,3,,
열하일기,일신수필,27,208,雙林虛左坐我,6,,
열하일기,일신수필,27,209,渠自御而行,5,,
열하일기,일신수필,27,210,又招張福坐之右轅,8,,
열하일기,일신수필,27,211,雙林,2,,
열하일기,일신수필,27,212,約張福曰,4,,
열하일기,일신수필,27,213,我以朝鮮語問之,7,,
열하일기,일신수필,27,214,你以官話應之,6,,
열하일기,일신수필,27,215,聽兩人酬酢,5,,
열하일기,일신수필,27,216,不覺絶倒,4,,
열하일기,일신수필,27,217,一個東話的三歲兒索飯,10,,
열하일기,일신수필,27,218,似覓栗,3,,
열하일기,일신수필,27,219,一個漢語的,5,,
열하일기,일신수필,27,220,半啞子稱名,5,,
열하일기,일신수필,27,221,常疊艾,3,,
열하일기,일신수필,27,222,可恨無人參見,6,,
열하일기,일신수필,27,223,雙林東話,4,,
열하일기,일신수필,27,224,大不及張福之漢語,8,,
열하일기,일신수필,27,225,語訓處,3,,
열하일기,일신수필,27,226,全不識尊卑,5,,
열하일기,일신수필,27,227,且不能轉節,5,,
열하일기,일신수필,27,228,其謂張福曰,5,,
열하일기,일신수필,27,229,你見吾父主麽,6,,
열하일기,일신수필,27,230,張福曰,3,,
열하일기,일신수필,27,231,出敕時,3,,
열하일기,일신수필,27,232,吾瞧瞧了,4,,
열하일기,일신수필,27,233,大監好鬍子,5,,
열하일기,일신수필,27,234,吾爲步從,4,,
열하일기,일신수필,27,235,連爲勸,3,,
열하일기,일신수필,27,236,馬聲,2,,
열하일기,일신수필,27,237,大監滿臉堆笑道,7,,
열하일기,일신수필,27,238,你聲好,3,,
열하일기,일신수필,27,239,不住的連唱,5,,
열하일기,일신수필,27,240,吾不住的唱,5,,
열하일기,일신수필,27,241,大監連道好好,6,,
열하일기,일신수필,27,242,行到郭山,4,,
열하일기,일신수필,27,243,親手掇賜了茶啖,7,,
열하일기,일신수필,27,244,雙林曰,3,,
열하일기,일신수필,27,245,吾父主眼孔裏妖惡,8,,
열하일기,일신수필,27,246,張福大笑道,5,,
열하일기,일신수필,27,247,如拿雉之鷹眼,6,,
열하일기,일신수필,27,248,雙林曰,3,,
열하일기,일신수필,27,249,是也,2,,
열하일기,일신수필,27,250,雙林曰,3,,
열하일기,일신수필,27,251,你入丈否,4,,
열하일기,일신수필,27,252,張福曰,3,,
열하일기,일신수필,27,253,家,1,,Y
열하일기,일신수필,27,254,貧未聘,3,貧,Y
열하일기,일신수필,27,255,雙林連道不祥,6,,Y
열하일기,일신수필,27,256,不祥者,3,,
열하일기,일신수필,27,257,東話傷歎之辭也,7,,
열하일기,일신수필,27,258,雙林曰,3,,
열하일기,일신수필,27,259,義州妓生幾個,6,,
열하일기,일신수필,27,260,張福曰,3,,
열하일기,일신수필,27,261,也有三五十個,6,,
열하일기,일신수필,27,262,雙,1,,
열하일기,일신수필,27,263,林曰,2,,
열하일기,일신수필,27,264,多有美的麽,5,,
열하일기,일신수필,27,265,張福曰,3,,Y
열하일기,일신수필,27,266,奢遮的,3,奢,Y
열하일기,일신수필,27,267,道甚麽,3,,Y
열하일기,일신수필,27,268,也有楊貴妃等物也,8,,
열하일기,일신수필,27,269,有西施等物,5,,
열하일기,일신수필,27,270,有名柳色的,5,,
열하일기,일신수필,27,271,也有羞花,4,,
열하일기,일신수필,27,272,惹月的態,4,,
열하일기,일신수필,27,273,有名春雲的,5,,
열하일기,일신수필,27,274,也有停雲斷膓的唱,8,,
열하일기,일신수필,27,275,雙林大笑曰,5,,
열하일기,일신수필,27,276,有如此妓生,5,,
열하일기,일신수필,27,277,而出敕時,4,,
열하일기,일신수필,27,278,何不現身,4,,
열하일기,일신수필,27,279,張福曰,3,,
열하일기,일신수필,27,280,若一看見時,5,,
열하일기,일신수필,27,281,大監們魂飛九霄雲外,9,,Y
열하일기,일신수필,27,282,手裡自丟了萬兩紋銀子,10,銀,Y
열하일기,일신수필,27,283,渡不得這鴨綠江來哩,9,,Y
열하일기,일신수필,27,284,雙林拍掌胡盧道,7,,
열하일기,일신수필,27,285,吾前頭隨敕時,6,,
열하일기,일신수필,27,286,你能悄悄地引來了,8,,
열하일기,일신수필,27,287,張福掉頭曰,5,,
열하일기,일신수필,27,288,不完了,3,,
열하일기,일신수필,27,289,有人覺時,4,,
열하일기,일신수필,27,290,開頭也,3,,
열하일기,일신수필,27,291,兩人俱大笑,5,,
열하일기,일신수필,27,292,如此問答而,5,,
열하일기,일신수필,27,293,行三十里,4,,
열하일기,일신수필,27,294,盖兩人欲試其彼此話頭,10,,
열하일기,일신수필,27,295,而張福不過入柵後,8,,
열하일기,일신수필,27,296,沿路所學,4,,
열하일기,일신수필,27,297,然大勝於雙林平生之所學,11,,
열하일기,일신수필,27,298,始知漢,3,,
열하일기,일신수필,27,299,語易於東話也,6,,
열하일기,일신수필,27,300,車三面,3,,
열하일기,일신수필,27,301,以綠毡爲帳而卷之,8,,
열하일기,일신수필,27,302,東西垂緗簾,5,,Y
열하일기,일신수필,27,303,前面以貢緞爲遮日,8,貢,Y
열하일기,일신수필,27,304,車中置舖,4,,Y
열하일기,일신수필,27,305,葢有東諺劉,5,,
열하일기,일신수필,27,306,氏三代錄數卷,6,,
열하일기,일신수필,27,307,非但諺書麁荒,6,,
열하일기,일신수필,27,308,卷本破敗,4,,
열하일기,일신수필,27,309,余使雙林讀之,6,,
열하일기,일신수필,27,310,雙林搖身高聲,6,,
열하일기,일신수필,27,311,而全未屬句,5,,
열하일기,일신수필,27,312,混淪讀去,4,,
열하일기,일신수필,27,313,口棘,2,,
열하일기,일신수필,27,314,唇凍,2,,
열하일기,일신수필,27,315,咂出無數衍聲,6,,
열하일기,일신수필,27,316,吾良久聽之,5,,
열하일기,일신수필,27,317,茫然不識爲何語,7,,
열하일기,일신수필,27,318,渠雖終身讀之,6,,
열하일기,일신수필,27,319,似無益矣,4,,
열하일기,일신수필,27,320,路中値使行遞馬,7,,
열하일기,일신수필,27,321,雙林,2,,
열하일기,일신수필,27,322,躍下走入舖子裏隱身,9,,
열하일기,일신수필,27,323,使行離發後,5,,
열하일기,일신수필,27,324,徐徐乘車而行,6,,
열하일기,일신수필,27,325,向日來源誚責時,7,,
열하일기,일신수필,27,326,彼雖目下抵賴,6,,
열하일기,일신수필,27,327,盖小屈矣,4,,
열하일기,일신수필,28,1,十八日甲午,5,,
열하일기,일신수필,28,2,晴,1,,
열하일기,일신수필,28,3,曉發大凌河店,6,,
열하일기,일신수필,28,4,至四同碑十二里,7,,
열하일기,일신수필,28,5,雙陽店八里,5,,
열하일기,일신수필,28,6,小凌河十里,5,,
열하일기,일신수필,28,7,小凌河橋二里,6,,
열하일기,일신수필,28,8,松山堡十,4,,
열하일기,일신수필,28,9,八里,2,,
열하일기,일신수필,28,10,共五十里,4,,
열하일기,일신수필,28,11,中火,2,,
열하일기,일신수필,28,12,又自松山至杏山堡十八里,11,,
열하일기,일신수필,28,13,十里河店十里,6,,
열하일기,일신수필,28,14,高橋堡八里,5,,
열하일기,일신수필,28,15,共三十六里,5,,
열하일기,일신수필,28,16,是日通行,4,,
열하일기,일신수필,28,17,八十六里而宿,6,,
열하일기,일신수필,28,18,行到四同碑邊,6,,
열하일기,일신수필,28,19,路傍有穹碑四笏,7,,
열하일기,일신수필,28,20,而制度相同故名云,8,,
열하일기,일신수필,28,21,其一,2,,
열하일기,일신수필,28,22,萬曆十五年八月二十九日,11,,
열하일기,일신수필,28,23,敕以王盛宗爲遼東前屯遊擊將軍,14,,
열하일기,일신수필,28,24,上印廣運之寶,6,,
열하일기,일신수필,28,25,碑文中虜酋二字,7,,
열하일기,일신수필,28,26,皆琢去之,4,,
열하일기,일신수필,28,27,其二,2,,
열하일기,일신수필,28,28,萬曆十五年十一,7,,
열하일기,일신수필,28,29,月四日,3,,
열하일기,일신수필,28,30,敕以王盛宗爲遼東都指揮軆統行事守修金州地方,21,,
열하일기,일신수필,28,31,其三,2,,
열하일기,일신수필,28,32,萬曆二十年九月三日,9,,
열하일기,일신수필,28,33,敕以王平爲,5,,
열하일기,일신수필,28,34,遼東遊擊將軍,6,,
열하일기,일신수필,28,35,上印敕命之寶,6,,
열하일기,일신수필,28,36,其四,2,,
열하일기,일신수필,28,37,萬曆二十二年十月十日,10,,
열하일기,일신수필,28,38,敕以王平爲遊擊將軍錦州統轄,13,,
열하일기,일신수필,28,39,上印廣,3,,
열하일기,일신수필,28,40,運之寶,3,,
열하일기,일신수필,28,41,王平似是盛宗之子侄,9,,
열하일기,일신수필,28,42,而神宗天子爲其善備虜酋,11,,
열하일기,일신수필,28,43,故降敕嘉奬,5,,
열하일기,일신수필,28,44,則乃磨穹石,5,,
열하일기,일신수필,28,45,以勒其敕諭及告,7,,
열하일기,일신수필,28,46,身,1,,
열하일기,일신수필,28,47,以侈觀聳瞻焉耳,7,,
열하일기,일신수필,28,48,盛宗若遼右世將,7,,
열하일기,일신수필,28,49,則壬征倭之役,6,,
열하일기,일신수필,28,50,不與,2,,
열하일기,일신수필,28,51,何也,2,,
열하일기,일신수필,28,52,使行先來裨將,6,,
열하일기,일신수필,28,53,每到此碑,4,,
열하일기,일신수필,28,54,書某,2,,
열하일기,일신수필,28,55,日某時出關,5,,
열하일기,일신수필,28,56,某日某時過此云,7,,
열하일기,일신수필,28,57,牧馬處處成群,6,,
열하일기,일신수필,28,58,一隊幾千餘匹,6,,
열하일기,일신수필,28,59,皆白色,3,,
열하일기,일신수필,28,60,舟渡小凌河,5,,
열하일기,일신수필,28,61,數千車載米而過,7,,
열하일기,일신수필,28,62,塵土漲天,4,,
열하일기,일신수필,28,63,自海州運入錦州,7,,
열하일기,일신수필,28,64,大風暴起,4,,
열하일기,일신수필,28,65,余先疾馳入舖中小睡,9,,
열하일기,일신수필,28,66,正使追至,4,,
열하일기,일신수필,28,67,爲言槖駝數百頭,7,,
열하일기,일신수필,28,68,載鐵入錦,4,,
열하일기,일신수필,28,69,州云,2,,
열하일기,일신수필,28,70,余巧未之見者再矣,8,,
열하일기,일신수필,28,71,河邊居民數百戶,7,,
열하일기,일신수필,28,72,去歲爲蒙古所掠,7,,
열하일기,일신수필,28,73,盡失其妻,4,,
열하일기,일신수필,28,74,撤移數里地,5,,
열하일기,일신수필,28,75,今其路傍頹垣,6,,
열하일기,일신수필,28,76,周遭,2,,
열하일기,일신수필,28,77,四壁徒立,4,,
열하일기,일신수필,28,78,沿河上下,4,,
열하일기,일신수필,28,79,設白幕戍守,5,,
열하일기,일신수필,28,80,盖蒙境距河五十里也,9,,
열하일기,일신수필,28,81,數日前蒙古數百騎,8,,
열하일기,일신수필,28,82,猝至河邊,4,,
열하일기,일신수필,28,83,見有守,3,,
열하일기,일신수필,28,84,備而遁去云,5,,
열하일기,일신수필,28,85,松杏高塔之間百餘里,9,,
열하일기,일신수필,28,86,雖有村閭市舖,6,,Y
열하일기,일신수필,28,87,貧儉凋殘,4,貧 儉,Y
열하일기,일신수필,28,88,頓無樂業之意,6,,Y
열하일기,일신수필,28,89,嗚呼,2,,
열하일기,일신수필,28,90,此崇禎庚辛巳,6,,
열하일기,일신수필,28,91,之際,2,,
열하일기,일신수필,28,92,魚肉之塲也,5,,
열하일기,일신수필,28,93,至今百餘年間,6,,Y
열하일기,일신수필,28,94,尙未蘇息,4,息,Y
열하일기,일신수필,28,95,足想當時龍爭虎鬪之跡矣,11,,Y
열하일기,일신수필,28,96,按今皇帝全韻詩註曰,9,,
열하일기,일신수필,28,97,崇德,2,,
열하일기,일신수필,28,98,六年八月,4,,
열하일기,일신수필,28,99,明摠兵洪承疇,6,,
열하일기,일신수필,28,100,集援兵十三萬於松山,9,,
열하일기,일신수필,28,101,太宗卽統軍啓行,7,,
열하일기,일신수필,28,102,時適鼻,3,,
열하일기,일신수필,28,103,因行急,3,,
열하일기,일신수필,28,104,益甚,2,,
열하일기,일신수필,28,105,三日方,3,,
열하일기,일신수필,28,106,止,1,,
열하일기,일신수필,28,107,諸王貝勒請徐行,7,,
열하일기,일신수필,28,108,諭曰,2,,
열하일기,일신수필,28,109,行軍制勝,4,,Y
열하일기,일신수필,28,110,利在神速,4,利,Y
열하일기,일신수필,28,111,疾馳六日,4,,Y
열하일기,일신수필,28,112,抵松山,3,,
열하일기,일신수필,28,113,陳師於松山杏山之間,9,,
열하일기,일신수필,28,114,橫截大路,4,,
열하일기,일신수필,28,115,明摠兵八員,5,,
열하일기,일신수필,28,116,犯前鋒擊敗之,6,,
열하일기,일신수필,28,117,獲其筆架山積粟,7,,
열하일기,일신수필,28,118,濬壕斷松杏路,6,,
열하일기,일신수필,28,119,是夜明諸將,5,,
열하일기,일신수필,28,120,撤七營步兵,5,,
열하일기,일신수필,28,121,近松山城而,5,,
열하일기,일신수필,28,122,營,1,,
열하일기,일신수필,28,123,太宗諭諸將曰,6,,
열하일기,일신수필,28,124,今夜敵兵必遁,6,,
열하일기,일신수필,28,125,命護軍鼇拜等,6,,
열하일기,일신수필,28,126,率四騎旗兵前鋒蒙古兵,10,,
열하일기,일신수필,28,127,俱比翼排列,5,,
열하일기,일신수필,28,128,直抵海邊,4,,
열하일기,일신수필,28,129,又,1,,
열하일기,일신수필,28,130,命蒙古固山額眞固魯克等,11,,
열하일기,일신수필,28,131,於杏山路設伏遮擊,8,,
열하일기,일신수필,28,132,又命睿郡王往錦州,8,,
열하일기,일신수필,28,133,至塔山大路橫擊之,8,,
열하일기,일신수필,28,134,是夜初更,4,,
열하일기,일신수필,28,135,明,1,,
열하일기,일신수필,28,136,摠兵吳三桂等沿海潛遁,10,,
열하일기,일신수필,28,137,相繼追擊,4,,
열하일기,일신수필,28,138,又命巴布海等,6,,
열하일기,일신수필,28,139,截塔山路,4,,
열하일기,일신수필,28,140,又命武英郡王阿濟格,9,,
열하일기,일신수필,28,141,亦往塔山截擊之,7,,
열하일기,일신수필,28,142,又命貝子博洛率兵往桑噶尒寨,13,,
열하일기,일신수필,28,143,截擊之,3,,
열하일기,일신수필,28,144,又命固山額眞譚泰柱,9,,
열하일기,일신수필,28,145,往小凌河,4,,
열하일기,일신수필,28,146,直抵海濱,4,,
열하일기,일신수필,28,147,絶其歸路,4,,
열하일기,일신수필,28,148,又命,2,,
열하일기,일신수필,28,149,梅勒章京多濟里,7,,
열하일기,일신수필,28,150,追擊敗兵,4,,
열하일기,일신수필,28,151,又命固山額眞伊拜等,9,,
열하일기,일신수필,28,152,於杏山,3,,
열하일기,일신수필,28,153,四面擊明兵之奔入杏山者,11,,
열하일기,일신수필,28,154,又命蒙古固山,6,,
열하일기,일신수필,28,155,額眞思格圖等,6,,
열하일기,일신수필,28,156,追擊逃兵,4,,Y
열하일기,일신수필,28,157,又命國舅阿什達尒漢等,10,什,Y
열하일기,일신수필,28,158,往視杏山駐營處,7,,Y
열하일기,일신수필,28,159,如其地未善,5,,
열하일기,일신수필,28,160,卽擇善地移營,6,,
열하일기,일신수필,28,161,翌,1,,
열하일기,일신수필,28,162,日,1,,
열하일기,일신수필,28,163,命睿郡王武英郡王圍塔山四臺,13,,
열하일기,일신수필,28,164,以紅衣礟攻克之,7,,
열하일기,일신수필,28,165,明摠兵吳三桂王樸奔入杏山,12,,
열하일기,일신수필,28,166,是日太宗移營,6,,
열하일기,일신수필,28,167,至,1,,
열하일기,일신수필,28,168,松山,2,,
열하일기,일신수필,28,169,欲濬壕圍之,5,,
열하일기,일신수필,28,170,其夜摠兵曹變蛟棄寨欲突圍而出者數四,17,,
열하일기,일신수필,28,171,又命內大臣錫翰等及四子部落都尒拜,16,,
열하일기,일신수필,28,172,各率精兵二百五十,8,,
열하일기,일신수필,28,173,伏於高橋及桑噶尒堡,9,,
열하일기,일신수필,28,174,太宗親率軍,5,,
열하일기,일신수필,28,175,至高橋東,4,,
열하일기,일신수필,28,176,令貝勒多鐸設伏,7,,
열하일기,일신수필,28,177,吳三桂王樸敗奔,7,,
열하일기,일신수필,28,178,至高橋,3,,
열하일기,일신수필,28,179,伏兵四起,4,,
열하일기,일신수필,28,180,僅以身免,4,,
열하일기,일신수필,28,181,是役也,3,,
열하일기,일신수필,28,182,殺明兵五萬三千七百,9,,
열하일기,일신수필,28,183,獲馬七千四百,6,,
열하일기,일신수필,28,184,駝六十,3,,
열하일기,일신수필,28,185,甲胄九千三百,6,,
열하일기,일신수필,28,186,自杏山南至塔山,7,,
열하일기,일신수필,28,187,赴海死者甚衆,6,,
열하일기,일신수필,28,188,漂蕩如鴈鶩,5,,
열하일기,일신수필,28,189,淸軍誤傷者,5,,
열하일기,일신수필,28,190,只八人,3,,
열하일기,일신수필,28,191,餘無挫云,4,,
열하일기,일신수필,28,192,嗚呼,2,,
열하일기,일신수필,28,193,此所稱松杏之,6,,
열하일기,일신수필,28,194,戰也,2,,
열하일기,일신수필,28,195,覺羅,2,,
열하일기,일신수필,28,196,關外之自成,5,,
열하일기,일신수필,28,197,自成,2,,
열하일기,일신수필,28,198,關內之覺羅,5,,
열하일기,일신수필,28,199,明雖欲不亡,5,,
열하일기,일신수필,28,200,得乎,2,,
열하일기,일신수필,28,201,當時以十三萬之衆,8,,
열하일기,일신수필,28,202,爲覺羅數千所圍,7,,
열하일기,일신수필,28,203,指顧之間,4,,
열하일기,일신수필,28,204,如摧枯拉朽,5,,
열하일기,일신수필,28,205,如洪承疇,4,,
열하일기,일신수필,28,206,吳三桂,3,,
열하일기,일신수필,28,207,智略雄猛,4,,
열하일기,일신수필,28,208,天下無敵,4,,
열하일기,일신수필,28,209,而一得當覺羅,6,,
열하일기,일신수필,28,210,則魂飛魄散,5,,
열하일기,일신수필,28,211,所將十,3,,
열하일기,일신수필,28,212,三萬,2,,
열하일기,일신수필,28,213,如草菅漚泡,5,,
열하일기,일신수필,28,214,到此地頭,4,,
열하일기,일신수필,28,215,不得不歸之氣數而已,9,,
열하일기,일신수필,28,216,嘗見麟坪大君所著松溪集,11,,
열하일기,일신수필,28,217,淸兵之進圍松山也,8,,
열하일기,일신수필,28,218,我孝宗大王在藩邸時,9,,
열하일기,일신수필,28,219,被質,2,,
열하일기,일신수필,28,220,駐淸陣中幕次,6,,
열하일기,일신수필,28,221,纔移他所,4,,
열하일기,일신수필,28,222,而寧遠摠兵吳三桂率所部萬騎,13,,
열하일기,일신수필,28,223,潰圍馳出,4,,
열하일기,일신수필,28,224,幕,1,,
열하일기,일신수필,28,225,次初設之地,5,,
열하일기,일신수필,28,226,乃其奔衝之路,6,,
열하일기,일신수필,28,227,此豈非王靈所在,7,,
열하일기,일신수필,28,228,天地同力之明驗乎,8,,
열하일기,일신수필,28,229,夕宿高橋堡,5,,Y
열하일기,일신수필,28,230,此往歲使行失銀處也,9,銀,Y
열하일기,일신수필,28,231,地方官因此革職,7,,Y
열하일기,일신수필,28,232,而附近站舖,5,,
열하일기,일신수필,28,233,有刑死者,4,,
열하일기,일신수필,28,234,故甲軍竟夜巡警,7,,
열하일기,일신수필,28,235,而嚴防我人,5,,
열하일기,일신수필,28,236,無異盜賊,4,,
열하일기,일신수필,28,237,聞下處庫子言,6,,
열하일기,일신수필,28,238,則,1,,
열하일기,일신수필,28,239,其視東人,4,,
열하일기,일신수필,28,240,有若仇讐,4,,
열하일기,일신수필,28,241,到處閉門不接曰,7,,
열하일기,일신수필,28,242,高麗,2,,
열하일기,일신수필,28,243,高麗怖殺了居停主人,9,,Y
열하일기,일신수필,28,244,一千兩銀子,5,銀,Y
열하일기,일신수필,28,245,怎賞得四五個人命,8,,Y
열하일기,일신수필,28,246,吾們的固多歹人,7,,
열하일기,일신수필,28,247,儞行中那無奸細,7,,
열하일기,일신수필,28,248,其走藏避匿,5,,
열하일기,일신수필,28,249,無異蒙古云,5,,
열하일기,일신수필,28,250,余詢之譯官曰,6,,
열하일기,일신수필,28,251,向於丙申告訃行時,8,,
열하일기,일신수필,28,252,回,1,,
열하일기,일신수필,28,253,還到此站,4,,Y
열하일기,일신수필,28,254,失公費銀一千兩,7,銀,Y
열하일기,일신수필,28,255,使臣議謂,4,,Y
열하일기,일신수필,28,256,此銀乃公貨,5,貨 銀,Y
열하일기,일신수필,28,257,苟無明白用處,6,,Y
열하일기,일신수필,28,258,則照數還納,5,,
열하일기,일신수필,28,259,乃國法也,4,,
열하일기,일신수필,28,260,今旣公然,4,,
열하일기,일신수필,28,261,見失,2,,
열하일기,일신수필,28,262,又將何辭還報乎,7,,
열하일기,일신수필,28,263,其見失,3,,
열하일기,일신수필,28,264,人孰信之,4,,
열하일기,일신수필,28,265,其準納,3,,
열하일기,일신수필,28,266,人孰當之,4,,
열하일기,일신수필,28,267,於是呈文于所在地方官,10,,
열하일기,일신수필,28,268,則轉報中後所,6,,
열하일기,일신수필,28,269,參將,2,,
열하일기,일신수필,28,270,中後所轉報錦州衛,8,,
열하일기,일신수필,28,271,錦州轉報山海關,7,,
열하일기,일신수필,28,272,守備數日之間,6,,
열하일기,일신수필,28,273,轉報禮部,4,,
열하일기,일신수필,28,274,而皇帝批下,5,,
열하일기,일신수필,28,275,不一日而至,5,,
열하일기,일신수필,28,276,敕以,2,,
열하일기,일신수필,28,277,所在地方,4,,Y
열하일기,일신수필,28,278,以官銀備償該使所失,9,銀 償,Y
열하일기,일신수필,28,279,該地方不能常時着意巡緝,11,,Y
열하일기,일신수필,28,280,致有遠人負屈鳴寃,8,,
열하일기,일신수필,28,281,俱革職聽勘店主及,8,,
열하일기,일신수필,28,282,切隣可疑人,5,,
열하일기,일신수필,28,283,俱捕治,3,,
열하일기,일신수필,28,284,死者四五人,5,,
열하일기,일신수필,28,285,行使未及到瀋陽,7,,
열하일기,일신수필,28,286,而皇旨已下,5,,
열하일기,일신수필,28,287,其擧行之神速如此,8,,
열하일기,일신수필,28,288,是後高橋堡人,6,,
열하일기,일신수필,28,289,之仇視我人,5,,
열하일기,일신수필,28,290,無足恠也,4,,
열하일기,일신수필,28,291,大抵義州刷驅輩,7,,
열하일기,일신수필,28,292,太半歹人,4,,Y
열하일기,일신수필,28,293,專以燕行資生,6,資,Y
열하일기,일신수필,28,294,年年赴行,4,,Y
열하일기,일신수필,28,295,如履門庭,4,,
열하일기,일신수필,28,296,灣府所以給,5,,Y
열하일기,일신수필,28,297,資者,2,資,Y
열하일기,일신수필,28,298,不過人給六十卷白紙,9,,Y
열하일기,일신수필,28,299,百餘刷驅,4,,
열하일기,일신수필,28,300,除非沿道偸窃,6,,
열하일기,일신수필,28,301,無以往返,4,,
열하일기,일신수필,28,302,自渡江以後,5,,
열하일기,일신수필,28,303,不洗面不裹巾,6,,
열하일기,일신수필,28,304,頭髮鬅,3,,
열하일기,일신수필,28,305,鬆,1,,
열하일기,일신수필,28,306,塵汗相凝,4,,
열하일기,일신수필,28,307,櫛風沐雨,4,,
열하일기,일신수필,28,308,衣笠破壞,4,,
열하일기,일신수필,28,309,非鬼非人,4,,
열하일기,일신수필,28,310,魀可笑,3,,
열하일기,일신수필,28,311,此輩中有十五歲童子,9,,
열하일기,일신수필,28,312,已三次出入,5,,
열하일기,일신수필,28,313,初至九連,4,,
열하일기,일신수필,28,314,城,1,,
열하일기,일신수필,28,315,頗愛其姸好,5,,
열하일기,일신수필,28,316,未到半程,4,,
열하일기,일신수필,28,317,烈日焦面,4,,
열하일기,일신수필,28,318,緇塵銹肌,4,,
열하일기,일신수필,28,319,只有兩孔白眼,6,,
열하일기,일신수필,28,320,單袴弊落,4,,
열하일기,일신수필,28,321,兩臀全露,4,,
열하일기,일신수필,28,322,此童如此,4,,
열하일기,일신수필,28,323,則他,2,,
열하일기,일신수필,28,324,又無足道也,5,,
열하일기,일신수필,28,325,全沒羞耻,4,,
열하일기,일신수필,28,326,公行剽掠,4,,
열하일기,일신수필,28,327,每夕入店,4,,
열하일기,일신수필,28,328,百計穿窬,4,,
열하일기,일신수필,28,329,故店主所以防警之術,9,,
열하일기,일신수필,28,330,亦無所不至,5,,
열하일기,일신수필,28,331,去年冬至,4,,
열하일기,일신수필,28,332,使行時,3,,Y
열하일기,일신수필,28,333,有一灣賈,4,賈,Y
열하일기,일신수필,28,334,潛越銀貨,4,貨 銀,Y
열하일기,일신수필,28,335,爲刷驅所殺,5,,Y
열하일기,일신수필,28,336,兩馬皆縱鞚還渡,7,,
열하일기,일신수필,28,337,各入其家,4,,
열하일기,일신수필,28,338,則以馬爲驗,5,,
열하일기,일신수필,28,339,乃得抵法云,5,,
열하일기,일신수필,28,340,其,1,,
열하일기,일신수필,28,341,凶險若此,4,,Y
열하일기,일신수필,28,342,今此失銀,4,銀,Y
열하일기,일신수필,28,343,安知非此輩所爲乎,8,,Y
열하일기,일신수필,28,344,此猶細事,4,,
열하일기,일신수필,28,345,萬一有丙子之患,7,,
열하일기,일신수필,28,346,則龍鐵以西,5,,
열하일기,일신수필,28,347,非我有也,4,,
열하일기,일신수필,28,348,守邊者,3,,
열하일기,일신수필,28,349,亦不可以不知,6,,
열하일기,일신수필,28,350,是夜大風,4,,
열하일기,일신수필,28,351,達宵掀天,4,,
열하일기,일신수필,29,1,十九日乙未,5,,
열하일기,일신수필,29,2,晴,1,,
열하일기,일신수필,29,3,曉發高橋堡,5,,
열하일기,일신수필,29,4,至塔山十二里,6,,
열하일기,일신수필,29,5,朱獅河五里,5,,
열하일기,일신수필,29,6,罩羅山店五里,6,,
열하일기,일신수필,29,7,二臺子三里,5,,
열하일기,일신수필,29,8,連山驛七里,5,,
열하일기,일신수필,29,9,共三十二里,5,,
열하일기,일신수필,29,10,中火,2,,
열하일기,일신수필,29,11,又自連山驛至五里河子五里,12,,
열하일기,일신수필,29,12,老和尙臺五里,6,,
열하일기,일신수필,29,13,雙樹舖五里,5,,
열하일기,일신수필,29,14,乾柴嶺五里,5,,
열하일기,일신수필,29,15,茶棚菴五,4,,
열하일기,일신수필,29,16,里,1,,
열하일기,일신수필,29,17,寧遠衛五里,5,,
열하일기,일신수필,29,18,共三十里,4,,
열하일기,일신수필,29,19,是日通行六十二里,8,,
열하일기,일신수필,29,20,宿寧遠城外,5,,
열하일기,일신수필,29,21,昨與副使書狀,6,,
열하일기,일신수필,29,22,約曉至塔山觀日出,8,,
열하일기,일신수필,29,23,皆晩,2,,
열하일기,일신수필,29,24,發,1,,
열하일기,일신수필,29,25,旣至塔山,4,,
열하일기,일신수필,29,26,日高三竿矣,5,,
열하일기,일신수필,29,27,東南大海連天,6,,Y
열하일기,일신수필,29,28,數萬商船,4,商,Y
열하일기,일신수필,29,29,爲夜風所驅,5,,Y
열하일기,일신수필,29,30,入倚小島,4,,
열하일기,일신수필,29,31,方一時擧帆而去,7,,
열하일기,일신수필,29,32,泛若,2,,
열하일기,일신수필,29,33,鳧鴈,2,,
열하일기,일신수필,29,34,永寧寺,3,,
열하일기,일신수필,29,35,崇禎間祖大壽所刱云,9,,
열하일기,일신수필,29,36,佛寺關廟,4,,
열하일기,일신수필,29,37,於遼東,3,,
열하일기,일신수필,29,38,初見其壯麗,5,,
열하일기,일신수필,29,39,略有所記,4,,
열하일기,일신수필,29,40,其後沿道雖有大小之,9,,
열하일기,일신수필,29,41,異,1,,
열하일기,일신수필,29,42,而其制度則大同,7,,
열하일기,일신수필,29,43,不惟不可殫記,6,,
열하일기,일신수필,29,44,亦頗倦於觀翫,6,,
열하일기,일신수필,29,45,不復歷覽焉,5,,
열하일기,일신수필,29,46,路傍有十數丈高峯,8,,
열하일기,일신수필,29,47,名嘔血臺,4,,
열하일기,일신수필,29,48,世傳,2,,
열하일기,일신수필,29,49,淸太宗登此峯,6,,
열하일기,일신수필,29,50,俯瞰寧遠城中,6,,
열하일기,일신수필,29,51,爲明巡撫袁崇煥所敗,9,,
열하일기,일신수필,29,52,嘔血而殂,4,,
열하일기,일신수필,29,53,故稱之,3,,
열하일기,일신수필,29,54,寧遠城中大街上,7,,
열하일기,일신수필,29,55,對立祖家,4,,
열하일기,일신수필,29,56,牌樓,2,,
열하일기,일신수필,29,57,兩樓之間,4,,
열하일기,일신수필,29,58,俱數百步,4,,
열하일기,일신수필,29,59,兩樓皆三門,5,,
열하일기,일신수필,29,60,每柱前坐數丈石獅子,9,,
열하일기,일신수필,29,61,一祖大樂牌樓,6,,
열하일기,일신수필,29,62,一祖大壽牌樓,6,,
열하일기,일신수필,29,63,高皆六,3,,
열하일기,일신수필,29,64,七丈,2,,
열하일기,일신수필,29,65,而大壽樓高小巽,7,,
열하일기,일신수필,29,66,皆以白石之瑩澤如玉理者,11,,
열하일기,일신수필,29,67,層層架起,4,,
열하일기,일신수필,29,68,榱桷樑椽,4,,
열하일기,일신수필,29,69,甍簷窓楹,4,,Y
열하일기,일신수필,29,70,不資寸木,4,資,Y
열하일기,일신수필,29,71,大樂樓,3,,Y
열하일기,일신수필,29,72,以五色文石,5,,
열하일기,일신수필,29,73,架起兩樓,4,,
열하일기,일신수필,29,74,締起之功,4,,
열하일기,일신수필,29,75,鏤刻之工,4,,
열하일기,일신수필,29,76,殆非人力之所能,7,,
열하일기,일신수필,29,77,大樂樓列書三代誥贈,9,,
열하일기,일신수필,29,78,曾祖祖鎭,4,,
열하일기,일신수필,29,79,祖祖,2,,
열하일기,일신수필,29,80,仁,1,,
열하일기,일신수필,29,81,父祖承敎,4,,
열하일기,일신수필,29,82,前面書元勳初錫,7,,
열하일기,일신수필,29,83,後面書登壇峻烈,7,,
열하일기,일신수필,29,84,最上層書玉音刻柱聯曰,10,,
열하일기,일신수필,29,85,松檟如初慶,5,,
열하일기,일신수필,29,86,善培于四世,5,,
열하일기,일신수필,29,87,琳琅有赫賁,5,,
열하일기,일신수필,29,88,永譽于千秋,5,,
열하일기,일신수필,29,89,後面柱聯曰,5,,
열하일기,일신수필,29,90,桓赳興歌國,5,,
열하일기,일신수필,29,91,倚干城之重,5,,
열하일기,일신수필,29,92,絲綸錫寵朝,5,,
열하일기,일신수필,29,93,隆銘鼎之褒,5,,
열하일기,일신수필,29,94,大壽樓又,4,,
열하일기,일신수필,29,95,列書四代誥贈,6,,
열하일기,일신수필,29,96,曾祖及祖與大樂同父承訓,11,,
열하일기,일신수필,29,97,我國於萬曆壬被倭寇時,10,,
열하일기,일신수필,29,98,承訓以遼東副摠兵,8,,
열하일기,일신수필,29,99,領三千騎,4,,
열하일기,일신수필,29,100,最先赴援者也,6,,
열하일기,일신수필,29,101,上層書廓淸之烈,7,,
열하일기,일신수필,29,102,下層書四代元戎,7,,
열하일기,일신수필,29,103,其前後柱聯及所鏤禽獸兵馬戰鬪之狀,16,,
열하일기,일신수필,29,104,皆陽刻柱,4,,
열하일기,일신수필,29,105,聯,1,,
열하일기,일신수필,29,106,忙未之記,4,,
열하일기,일신수필,29,107,祖家,2,,
열하일기,일신수필,29,108,遼薊世將也,5,,
열하일기,일신수필,29,109,崇禎二年十一月,7,,
열하일기,일신수필,29,110,虜兵薄皇城,5,,
열하일기,일신수필,29,111,十二月,3,,
열하일기,일신수필,29,112,督師袁崇煥,5,,
열하일기,일신수필,29,113,率祖大壽,4,,
열하일기,일신수필,29,114,何可,2,,
열하일기,일신수필,29,115,剛入援,3,,
열하일기,일신수필,29,116,所過諸城,4,,
열하일기,일신수필,29,117,留兵守之,4,,
열하일기,일신수필,29,118,帝聞其至甚喜,6,,
열하일기,일신수필,29,119,令盡統援軍,5,,
열하일기,일신수필,29,120,淸人設間,4,,
열하일기,일신수필,29,121,使其將高鴻中,6,,
열하일기,일신수필,29,122,於所獲兩明太監,7,,
열하일기,일신수필,29,123,前,1,,
열하일기,일신수필,29,124,故作耳語曰,5,,
열하일기,일신수필,29,125,今日掇兵,4,,
열하일기,일신수필,29,126,意者袁巡撫,5,,
열하일기,일신수필,29,127,有密約,3,,
열하일기,일신수필,29,128,頃見二人,4,,
열하일기,일신수필,29,129,來見汗語,4,,
열하일기,일신수필,29,130,良久而去,4,,
열하일기,일신수필,29,131,楊太監佯臥竊聽之,8,,
열하일기,일신수필,29,132,旋縱之歸,4,,
열하일기,일신수필,29,133,遂以告于帝,5,,
열하일기,일신수필,29,134,帝遂下崇煥於獄,7,,
열하일기,일신수필,29,135,大壽大驚,4,,
열하일기,일신수필,29,136,與可剛,3,,
열하일기,일신수필,29,137,擁衆東走,4,,
열하일기,일신수필,29,138,毁山海關出,5,,
열하일기,일신수필,29,139,後錦州松山之戰,7,,
열하일기,일신수필,29,140,祖大樂,3,,
열하일기,일신수필,29,141,祖大成,3,,
열하일기,일신수필,29,142,祖大明,3,,
열하일기,일신수필,29,143,皆被擒,3,,
열하일기,일신수필,29,144,大壽守大凌河城,7,,
열하일기,일신수필,29,145,被圍糧盡,4,,
열하일기,일신수필,29,146,擧城降,3,,
열하일기,일신수필,29,147,今其牌樓崢嶸,6,,
열하일기,일신수필,29,148,而隴西之家聲,6,,
열하일기,일신수필,29,149,隤矣,2,,
열하일기,일신수필,29,150,徒爲後人之嗤點,7,,
열하일기,일신수필,29,151,有何益哉,4,,
열하일기,일신수필,29,152,大壽城內所居稱文防,9,,
열하일기,일신수필,29,153,城外所居稱武堂,7,,
열하일기,일신수필,29,154,今爲別人所占,6,,
열하일기,일신수필,29,155,而西邊數,4,,
열하일기,일신수필,29,156,仞墻,2,,
열하일기,일신수필,29,157,開一小角門,5,,
열하일기,일신수필,29,158,門墻制作,4,,
열하일기,일신수필,29,159,頗似牌樓之奇巧,7,,
열하일기,일신수필,29,160,墻內猶存數楹精舍,8,,
열하일기,일신수필,29,161,土人至今指謂大壽暇日讀書之堂,14,,
열하일기,일신수필,29,162,云,1,,
열하일기,일신수필,29,163,是夜大雷雨達曉,7,,
열하일기,일신수필,30,1,二十日丙申,5,,
열하일기,일신수필,30,2,朝晴晩雨,4,,
열하일기,일신수필,30,3,曉發寧遠,4,,
열하일기,일신수필,30,4,至靑墩臺七里,6,,
열하일기,일신수필,30,5,曹庄驛六里,5,,
열하일기,일신수필,30,6,七里坡七里,5,,
열하일기,일신수필,30,7,五里橋五里,5,,
열하일기,일신수필,30,8,沙河所五里,5,,
열하일기,일신수필,30,9,共三十里,4,,
열하일기,일신수필,30,10,中火沙河所,5,,
열하일기,일신수필,30,11,卽中右所也,5,,
열하일기,일신수필,30,12,中火後暴炎釀雨,7,,
열하일기,일신수필,30,13,至乾溝臺三里大雨,8,,
열하일기,일신수필,30,14,冐雨行烟臺河五里,8,,
열하일기,일신수필,30,15,半拉,2,,
열하일기,일신수필,30,16,店五里,3,,
열하일기,일신수필,30,17,望河店二里,5,,
열하일기,일신수필,30,18,曲尺河五里,5,,
열하일기,일신수필,30,19,三里橋七里,5,,
열하일기,일신수필,30,20,東關驛三里,5,,
열하일기,일신수필,30,21,共三十里,4,,
열하일기,일신수필,30,22,是日通行六十里,7,,
열하일기,일신수필,30,23,靑墩臺,3,,
열하일기,일신수필,30,24,觀,1,,
열하일기,일신수필,30,25,日出所也,4,,
열하일기,일신수필,30,26,副使,2,,
열하일기,일신수필,30,27,書狀,2,,
열하일기,일신수필,30,28,將於鷄鳴先發,6,,
열하일기,일신수필,30,29,爲觀日,3,,
열하일기,일신수필,30,30,伻要同行,4,,
열하일기,일신수필,30,31,而余辭以穩睡晩發,8,,
열하일기,일신수필,30,32,盖觀日出,4,,
열하일기,일신수필,30,33,亦有數存,4,,
열하일기,일신수필,30,34,余,1,,
열하일기,일신수필,30,35,嘗東遊海上,5,,
열하일기,일신수필,30,36,叢石亭觀日,5,,
열하일기,일신수필,30,37,甕遷觀日,4,,
열하일기,일신수필,30,38,石門觀日,4,,
열하일기,일신수필,30,39,俱未得意,4,,
열하일기,일신수필,30,40,或晩到,3,,
열하일기,일신수필,30,41,日已離海,4,,
열하일기,일신수필,30,42,或竟夜不寐,5,,
열하일기,일신수필,30,43,早至觀所,4,,
열하일기,일신수필,30,44,竟爲雲霧晦翳,6,,
열하일기,일신수필,30,45,大抵日出時,5,,
열하일기,일신수필,30,46,天無一點雲氣,6,,
열하일기,일신수필,30,47,則似若善觀,5,,
열하일기,일신수필,30,48,而此最無味,5,,
열하일기,일신수필,30,49,只是一團赤銅盤出自海中來,12,,
열하일기,일신수필,30,50,有何可觀,4,,
열하일기,일신수필,30,51,日,1,,
열하일기,일신수필,30,52,君象也,3,,
열하일기,일신수필,30,53,其贊堯曰,4,,
열하일기,일신수필,30,54,望之如雲,4,,
열하일기,일신수필,30,55,就之如日,4,,
열하일기,일신수필,30,56,故日之未暾,5,,
열하일기,일신수필,30,57,必有許多雲氣湊集外辦,10,,
열하일기,일신수필,30,58,若將前,3,,
열하일기,일신수필,30,59,導,1,,
열하일기,일신수필,30,60,若將後殿,4,,
열하일기,일신수필,30,61,若將儀衛,4,,
열하일기,일신수필,30,62,如千乘萬騎,5,,
열하일기,일신수필,30,63,陪扈衛擁,4,,
열하일기,일신수필,30,64,羽毛斿旆,4,,
열하일기,일신수필,30,65,龍蛇震蕩,4,,
열하일기,일신수필,30,66,然後始爲壯觀,6,,
열하일기,일신수필,30,67,若要許多雲氣,6,,
열하일기,일신수필,30,68,則乃反晦冥鄣蔽,7,,
열하일기,일신수필,30,69,無復可觀,4,,
열하일기,일신수필,30,70,盖曉夜純陰之氣,7,,
열하일기,일신수필,30,71,爲太陽所激射,6,,
열하일기,일신수필,30,72,於是巖岫出雲,6,,
열하일기,일신수필,30,73,川澤出霧,4,,
열하일기,일신수필,30,74,各相照應,4,,
열하일기,일신수필,30,75,方,1,,
열하일기,일신수필,30,76,暾未暾之時,5,,
열하일기,일신수필,30,77,如怨如愁,4,,
열하일기,일신수필,30,78,沉霾無光,4,,
열하일기,일신수필,30,79,余於叢石觀日,6,,
열하일기,일신수필,30,80,有詩曰,3,,
열하일기,일신수필,30,81,行旅夜半相叫譍,7,,
열하일기,일신수필,30,82,遠鷄其鳴鳴未應,7,,
열하일기,일신수필,30,83,遠鷄先,3,,
열하일기,일신수필,30,84,鳴是何處,4,,
열하일기,일신수필,30,85,只在意中微如蠅,7,,
열하일기,일신수필,30,86,村裏一犬吠仍靜,7,,
열하일기,일신수필,30,87,靜極寒生心兢兢,7,,
열하일기,일신수필,30,88,是時有聲若耳鳴,7,,
열하일기,일신수필,30,89,纔欲審聽簷鷄仍,7,,
열하일기,일신수필,30,90,此去叢石只十里,7,,
열하일기,일신수필,30,91,正臨滄溟觀日昇,7,,
열하일기,일신수필,30,92,天水澒洞無兆眹,7,,
열하일기,일신수필,30,93,洪濤打岸霹靂興,7,,
열하일기,일신수필,30,94,常疑黑風倒海來,7,,
열하일기,일신수필,30,95,連根拔山萬,5,,
열하일기,일신수필,30,96,石崩,2,,
열하일기,일신수필,30,97,無恠鯨鯤鬪出陸,7,,
열하일기,일신수필,30,98,不虞海運値摶鵬,7,,
열하일기,일신수필,30,99,但愁此夜久未曙,7,,
열하일기,일신수필,30,100,從今混沌誰復徵,7,,
열하일기,일신수필,30,101,無乃玄冥劇用武,7,,
열하일기,일신수필,30,102,九幽,2,,
열하일기,일신수필,30,103,早閉虞淵氷,5,,
열하일기,일신수필,30,104,恐是乾軸旋斡久,7,,
열하일기,일신수필,30,105,遂傾西北隳環絙,7,,
열하일기,일신수필,30,106,三足之烏太迅飛,7,,
열하일기,일신수필,30,107,誰呪一足繫之繩,7,,
열하일기,일신수필,30,108,海若衣帶玄滴滴,7,,
열하일기,일신수필,30,109,水妃鬢鬟寒凌凌,7,,
열하일기,일신수필,30,110,巨魚放蕩行如馬,7,,
열하일기,일신수필,30,111,紅鬐翠鬣何鬅鬙,7,,
열하일기,일신수필,30,112,天造草昧誰參看,7,,
열하일기,일신수필,30,113,大叫發狂欲點燈,7,,
열하일기,일신수필,30,114,攙搶擁彗火,5,,
열하일기,일신수필,30,115,垂角,2,,
열하일기,일신수필,30,116,禿樹啼鶹尤可憎,7,,
열하일기,일신수필,30,117,斯須水面若小癤,7,,
열하일기,일신수필,30,118,誤觸龍爪毒可,6,,
열하일기,일신수필,30,119,其色漸大通萬里,7,,
열하일기,일신수필,30,120,波上邃暈如雉膺,7,,
열하일기,일신수필,30,121,天地茫,3,,
열하일기,일신수필,30,122,茫始有界,4,,
열하일기,일신수필,30,123,以朱畫一爲二層,7,,
열하일기,일신수필,30,124,梅澀新醒大染局,7,,
열하일기,일신수필,30,125,千純濕色縠與綾,7,,
열하일기,일신수필,30,126,作炭誰伐珊瑚樹,7,,
열하일기,일신수필,30,127,繼以扶桑益熾蒸,7,,
열하일기,일신수필,30,128,炎帝呵噓口應喎,7,,
열하일기,일신수필,30,129,祝融揮扇疲右肱,7,,
열하일기,일신수필,30,130,鰕鬚最長最易爇,7,,
열하일기,일신수필,30,131,蠣房逾固逾自,6,,
열하일기,일신수필,30,132,寸雲片霧盡東輳,7,,
열하일기,일신수필,30,133,呈祥獻瑞各效,6,,
열하일기,일신수필,30,134,能,1,,
열하일기,일신수필,30,135,紫宸未朝方委裘,7,,
열하일기,일신수필,30,136,陳扆設黼仍虛凭,7,,
열하일기,일신수필,30,137,纖月猶賓太白前,7,,
열하일기,일신수필,30,138,頗能爭長辥與滕,7,,
열하일기,일신수필,30,139,赤氣漸淡方五色,7,,
열하일기,일신수필,30,140,遠處波,3,,
열하일기,일신수필,30,141,頭先自澄,4,,
열하일기,일신수필,30,142,海上百恠皆遁藏,7,,
열하일기,일신수필,30,143,獨留羲和將驂乘,7,,
열하일기,일신수필,30,144,圓來六萬四千年,7,,
열하일기,일신수필,30,145,今朝改規或四楞,7,,
열하일기,일신수필,30,146,萬丈海深誰汲引,7,,
열하일기,일신수필,30,147,始信天有階可陞,7,,
열하일기,일신수필,30,148,鄧林秋實丹一顆,7,,
열하일기,일신수필,30,149,東公綵毬蹙半登,7,,
열하일기,일신수필,30,150,夸父殿來喘不定,7,,
열하일기,일신수필,30,151,六龍前導頗誇矜,7,,
열하일기,일신수필,30,152,天際黯慘忽,5,,
열하일기,일신수필,30,153,顰蹙,2,,
열하일기,일신수필,30,154,努力推轂氣欲增,7,,
열하일기,일신수필,30,155,團未如輪長如瓮,7,,
열하일기,일신수필,30,156,出沒若聞聲砯砯,7,,
열하일기,일신수필,30,157,萬物咸覩如昨日,7,,
열하일기,일신수필,30,158,有誰雙擎一躍騰,7,,
열하일기,일신수필,30,159,盖日,2,,
열하일기,일신수필,30,160,出千變萬化,5,,
열하일기,일신수필,30,161,人人所見各不同,7,,
열하일기,일신수필,30,162,而亦不必臨海觀之,8,,
열하일기,일신수필,30,163,余於遼野,4,,
열하일기,일신수필,30,164,日觀日出,4,,
열하일기,일신수필,30,165,天晴無雲則日輪不甚大,10,,
열하일기,일신수필,30,166,一,1,,
열하일기,일신수필,30,167,旬之間,3,,
열하일기,일신수필,30,168,日日不同矣,5,,
열하일기,일신수필,30,169,副三房,3,,
열하일기,일신수필,30,170,今日亦以雲陰未見云,9,,
열하일기,일신수필,30,171,午後暴熱,4,,
열하일기,일신수필,30,172,大雨滂沱,4,,
열하일기,일신수필,30,173,油衣蒸鬱,4,,
열하일기,일신수필,30,174,肚裏飽滿,4,,
열하일기,일신수필,30,175,似飮,2,,
열하일기,일신수필,30,176,暑矣,2,,
열하일기,일신수필,30,177,臨臥時,3,,
열하일기,일신수필,30,178,磨大蒜頭,4,,
열하일기,일신수필,30,179,燒酒和服,4,,
열하일기,일신수필,30,180,腹始平穩睡,5,,
열하일기,일신수필,30,181,達曉大雨,4,,
열하일기,일신수필,31,1,二十一日丁酉,6,,
열하일기,일신수필,31,2,乍雨乍晴,4,,
열하일기,일신수필,31,3,阻河漲,3,,
열하일기,일신수필,31,4,留東關驛,4,,
열하일기,일신수필,31,5,聞隣舍有登州客李先生者,11,,
열하일기,일신수필,31,6,善推數,3,,
열하일기,일신수필,31,7,且使人要觀朝鮮人,8,,
열하일기,일신수필,31,8,云,1,,
열하일기,일신수필,31,9,故飯後往尋焉,6,,
열하일기,일신수필,31,10,推命之術,4,,
열하일기,일신수필,31,11,爲太乙數云,5,,
열하일기,일신수필,31,12,余問此紫微斗數否,8,,
열하일기,일신수필,31,13,李生曰,3,,
열하일기,일신수필,31,14,所謂紫微,4,,
열하일기,일신수필,31,15,小數也,3,,
열하일기,일신수필,31,16,太乙一星,4,,
열하일기,일신수필,31,17,在紫微宮,4,,
열하일기,일신수필,31,18,屬天一生水,5,,
열하일기,일신수필,31,19,故曰太乙,4,,
열하일기,일신수필,31,20,乙者,2,,
열하일기,일신수필,31,21,一也,2,,
열하일기,일신수필,31,22,水爲造化之根,6,,
열하일기,일신수필,31,23,六壬,2,,
열하일기,일신수필,31,24,亦水也,3,,
열하일기,일신수필,31,25,遁甲,2,,
열하일기,일신수필,31,26,亦太乙也,4,,
열하일기,일신수필,31,27,吳越春,3,,
열하일기,일신수필,31,28,秋等書,3,,
열하일기,일신수필,31,29,多著明驗,4,,
열하일기,일신수필,31,30,六十四卦,4,,
열하일기,일신수필,31,31,都不出此書,5,,
열하일기,일신수필,31,32,爲將者,3,,
열하일기,일신수필,31,33,不通六壬遁甲,6,,
열하일기,일신수필,31,34,則不識奇變云,6,,
열하일기,일신수필,31,35,余性不喜觀相推命,8,,
열하일기,일신수필,31,36,故平生未曉其法,7,,
열하일기,일신수필,31,37,且其所稱六壬遁甲,8,,
열하일기,일신수필,31,38,言涉妄誕,4,,
열하일기,일신수필,31,39,故不言四柱,5,,
열하일기,일신수필,31,40,盖其人亦欲誇衒其術,9,,
열하일기,일신수필,31,41,要售厚幣,4,,
열하일기,일신수필,31,42,而察,2,,
열하일기,일신수필,31,43,余氣色,3,,
열하일기,일신수필,31,44,頗有冷淡,4,,
열하일기,일신수필,31,45,亦不復言也,5,,
열하일기,일신수필,31,46,對炕有一老者,6,,
열하일기,일신수필,31,47,掛鏡抄書,4,,
열하일기,일신수필,31,48,余移向其前,5,,
열하일기,일신수필,31,49,觀其所抄,4,,
열하일기,일신수필,31,50,皆近世詩話也,6,,
열하일기,일신수필,31,51,老,1,,
열하일기,일신수필,31,52,者弛鏡停筆曰,6,,
열하일기,일신수필,31,53,尊客遠臨,4,,Y
열하일기,일신수필,31,54,沿道奚囊必富,6,富,Y
열하일기,일신수필,31,55,願留一二佳句,6,,Y
열하일기,일신수필,31,56,所抄筆法雖拙,6,,
열하일기,일신수필,31,57,而詩話略有妙語,7,,
열하일기,일신수필,31,58,老者亦韶,4,,
열하일기,일신수필,31,59,雅可喜,3,,
열하일기,일신수필,31,60,而所居供玩精灑,7,,
열하일기,일신수필,31,61,余遂上炕而坐,6,,
열하일기,일신수필,31,62,各通姓名,4,,
열하일기,일신수필,31,63,老者亦登州人也,7,,
열하일기,일신수필,31,64,姓祝而忘其名,6,,
열하일기,일신수필,31,65,問我國婦人髻,6,,
열하일기,일신수필,31,66,服之制,3,,
열하일기,일신수필,31,67,余曰,2,,
열하일기,일신수필,31,68,皆倣中華上古,6,,
열하일기,일신수필,31,69,祝稱好好,4,,
열하일기,일신수필,31,70,余問貴鄕女服如何,8,,
열하일기,일신수필,31,71,祝曰,2,,
열하일기,일신수필,31,72,大同,2,,
열하일기,일신수필,31,73,俗女子出嫁時,6,,
열하일기,일신수필,31,74,有髻無笄,4,,
열하일기,일신수필,31,75,無,1,,Y
열하일기,일신수필,31,76,論貧富,3,富 貧,Y
열하일기,일신수필,31,77,民婦無冠,4,,Y
열하일기,일신수필,31,78,惟命婦有冠,5,,
열하일기,일신수필,31,79,各隨夫職,4,,
열하일기,일신수필,31,80,簪釵有品,4,,
열하일기,일신수필,31,81,如頂帽之制,5,,
열하일기,일신수필,31,82,雙鳳釵爲頂品,6,,
열하일기,일신수필,31,83,而亦有飛鳳立鳳坐,8,,
열하일기,일신수필,31,84,鳳戢鳳之別,5,,
열하일기,일신수필,31,85,以至翡翠簪,5,,
열하일기,일신수필,31,86,俱有品職,4,,
열하일기,일신수필,31,87,處子穿襖裙,5,,
열하일기,일신수필,31,88,已嫁則穿衫大袖長裙飄帶,11,,
열하일기,일신수필,31,89,余曰,2,,
열하일기,일신수필,31,90,登州距此幾里,6,,
열하일기,일신수필,31,91,緣,1,,
열하일기,일신수필,31,92,何到此,3,,
열하일기,일신수필,31,93,祝曰,2,,
열하일기,일신수필,31,94,登州古齊境,5,,
열하일기,일신수필,31,95,所謂負海之國,6,,
열하일기,일신수필,31,96,旱路距皇京一千五百里,10,,
열하일기,일신수필,31,97,今俺們舟往金州,7,,Y
열하일기,일신수필,31,98,買綿花住此,5,買,Y
열하일기,일신수필,31,99,其,1,,Y
열하일기,일신수필,31,100,所抄,2,,
열하일기,일신수필,31,101,有羅洪先吉水人,7,,
열하일기,일신수필,31,102,明嘉靖己丑科壯元,8,,
열하일기,일신수필,31,103,周延儒直隷人,6,,
열하일기,일신수필,31,104,萬曆癸丑科壯元,7,,
열하일기,일신수필,31,105,魏藻德通州人,6,,
열하일기,일신수필,31,106,崇禎庚,3,,
열하일기,일신수필,31,107,科壯元,3,,
열하일기,일신수필,31,108,延儒大壞明室,6,,
열하일기,일신수필,31,109,藻德降賊被殺,6,,
열하일기,일신수필,31,110,而羅從祀孔子,6,,
열하일기,일신수필,31,111,二十年,3,,
열하일기,일신수필,31,112,學道之功,4,,
열하일기,일신수필,31,113,纔於胷中忘去壯元二字,10,,
열하일기,일신수필,31,114,云,1,,
열하일기,일신수필,31,115,又列近世儒林曰,7,,
열하일기,일신수필,31,116,陸稼書先生,5,,
열하일기,일신수필,31,117,謚淸獻,3,,
열하일기,일신수필,31,118,從祀文廟,4,,
열하일기,일신수필,31,119,湯荊峴先生,5,,
열하일기,일신수필,31,120,諱斌,2,,
열하일기,일신수필,31,121,謚文正,3,,
열하일기,일신수필,31,122,字孔伯,3,,
열하일기,일신수필,31,123,號潛庵,3,,
열하일기,일신수필,31,124,從,1,,
열하일기,일신수필,31,125,祀文廟,3,,
열하일기,일신수필,31,126,李榕村先生,5,,
열하일기,일신수필,31,127,光地云云,4,,
열하일기,일신수필,31,128,魏象樞皆稱大儒,7,,
열하일기,일신수필,31,129,徐蟾圃諱乾學云云,8,,
열하일기,일신수필,31,130,祝老又停話忙抄,7,,
열하일기,일신수필,31,131,傍有五卷冊,5,,
열하일기,일신수필,31,132,列書古人生年月日時,9,,
열하일기,일신수필,31,133,夏禹氏,3,,
열하일기,일신수필,31,134,項羽,2,,
열하일기,일신수필,31,135,張良,2,,
열하일기,일신수필,31,136,英布,2,,
열하일기,일신수필,31,137,關聖,2,,
열하일기,일신수필,31,138,俱有四柱,4,,
열하일기,일신수필,31,139,余借得數葉紙,6,,
열하일기,일신수필,31,140,同硯略錄,4,,
열하일기,일신수필,31,141,時所謂推,4,,
열하일기,일신수필,31,142,數者,2,,
열하일기,일신수필,31,143,不在炕裏,4,,
열하일기,일신수필,31,144,余方抄錄百餘,6,,
열하일기,일신수필,31,145,而李也自外入來,7,,
열하일기,일신수필,31,146,見之大怒,4,,
열하일기,일신수필,31,147,奪而裂之曰,5,,
열하일기,일신수필,31,148,漏泄天機,4,,
열하일기,일신수필,31,149,余大笑而起,5,,
열하일기,일신수필,31,150,遂,1,,
열하일기,일신수필,31,151,還寓,2,,
열하일기,일신수필,31,152,手中猶餘半紙,6,,
열하일기,일신수필,31,153,王舒公辛酉十一月十一日時生,13,,Y
열하일기,일신수필,31,154,富鄭公甲正月二十日巳時生,12,富,Y
열하일기,일신수필,31,155,蘇子容庚申,5,,Y
열하일기,일신수필,31,156,二月二十二日巳時生,9,,
열하일기,일신수필,31,157,王正仲癸亥正月十一日申時生,13,,
열하일기,일신수필,31,158,韓莊敏己未七月初九日寅時生,13,,
열하일기,일신수필,31,159,蔡京丁亥壬寅,6,,
열하일기,일신수필,31,160,壬辛亥生,4,,
열하일기,일신수필,31,161,曾布乙亥丁亥辛亥己亥生,11,,
열하일기,일신수필,31,162,韓莊敏王正仲不知是何代人,12,,
열하일기,일신수필,31,163,而要之皆貴人也,7,,
열하일기,일신수필,31,164,李也所謂漏,5,,
열하일기,일신수필,31,165,泄天機,3,,
열하일기,일신수필,31,166,陋甚陋甚矣,5,,
열하일기,일신수필,31,167,午後雨乍晴,5,,
열하일기,일신수필,31,168,閒玩入一舖,5,,
열하일기,일신수필,31,169,中庭斑竹,4,,
열하일기,일신수필,31,170,欄干茶蘼,4,,
열하일기,일신수필,31,171,架下立一丈太湖石,8,,
열하일기,일신수필,31,172,石色正綠,4,,
열하일기,일신수필,31,173,石後有丈餘芭蕉,7,,
열하일기,일신수필,31,174,雨餘物色,4,,Y
열하일기,일신수필,31,175,倍新欄邊,4,倍,Y
열하일기,일신수필,31,176,獨有一人倚坐卓上,8,,Y
열하일기,일신수필,31,177,筆硯俱佳,4,,
열하일기,일신수필,31,178,余就坐,3,,
열하일기,일신수필,31,179,書問姓名,4,,
열하일기,일신수필,31,180,搖手不答,4,,
열하일기,일신수필,31,181,卽起出門而去,6,,
열하일기,일신수필,31,182,余意謂其非主人也,8,,
열하일기,일신수필,31,183,爲玩太湖石,5,,
열하일기,일신수필,31,184,未卽出,3,,
열하일기,일신수필,31,185,其人携一少年含笑而來,10,,
열하일기,일신수필,31,186,少年揖余,4,,
열하일기,일신수필,31,187,就坐忙,3,,
열하일기,일신수필,31,188,書一紙滿洲字,6,,
열하일기,일신수필,31,189,余言不通,4,,
열하일기,일신수필,31,190,兩人皆笑,4,,
열하일기,일신수필,31,191,盖主人不識一字,7,,
열하일기,일신수필,31,192,忙邀對舖少年而來,8,,
열하일기,일신수필,31,193,少年雖善滿書,6,,
열하일기,일신수필,31,194,不識漢字,4,,
열하일기,일신수필,31,195,遂略以言語酬酢,7,,
열하일기,일신수필,31,196,而彼此糊塗聽瑩,7,,
열하일기,일신수필,31,197,眞所謂不聾而聾,7,,
열하일기,일신수필,31,198,不瞽而瞽,4,,
열하일기,일신수필,31,199,不啞而啞矣,5,,
열하일기,일신수필,31,200,三人鼎坐,4,,
열하일기,일신수필,31,201,集天下之癈,5,,
열하일기,일신수필,31,202,疾,1,,
열하일기,일신수필,31,203,而互以大笑彌縫,7,,
열하일기,일신수필,31,204,方少年之書滿字也,8,,
열하일기,일신수필,31,205,主人曰,3,,
열하일기,일신수필,31,206,有朋自遠方來,6,,
열하일기,일신수필,31,207,不亦樂乎,4,,
열하일기,일신수필,31,208,余曰,2,,
열하일기,일신수필,31,209,吾不會滿字,5,,
열하일기,일신수필,31,210,少年,2,,
열하일기,일신수필,31,211,曰,1,,
열하일기,일신수필,31,212,學而時習之,5,,
열하일기,일신수필,31,213,不亦說乎,4,,
열하일기,일신수필,31,214,余曰,2,,
열하일기,일신수필,31,215,君輩能誦論語,6,,
열하일기,일신수필,31,216,何爲不識字,5,,
열하일기,일신수필,31,217,主人曰,3,,
열하일기,일신수필,31,218,人不知而不慍,6,,
열하일기,일신수필,31,219,不亦君子乎,5,,
열하일기,일신수필,31,220,余,1,,
열하일기,일신수필,31,221,試書其所誦三章以示之,10,,
열하일기,일신수필,31,222,則俱瞪目直視,6,,
열하일기,일신수필,31,223,茫然不辨爲何語也,8,,
열하일기,일신수필,31,224,旣而大雨暴霔,6,,
열하일기,일신수필,31,225,傍無他喧,4,,
열하일기,일신수필,31,226,政合穩譚,4,,
열하일기,일신수필,31,227,而,1,,
열하일기,일신수필,31,228,兩人者旣不識一字,8,,
열하일기,일신수필,31,229,余又官話極疎,6,,
열하일기,일신수필,31,230,無可奈何,4,,
열하일기,일신수필,31,231,尺地阻雨,4,,
열하일기,일신수필,31,232,躁菀無聊,4,,
열하일기,일신수필,31,233,少年起去,4,,
열하일기,일신수필,31,234,少選冐大雨,5,,
열하일기,일신수필,31,235,手持一籃,4,,
열하일기,일신수필,31,236,蘋果,2,,
열하일기,일신수필,31,237,一盤卵炒,4,,
열하일기,일신수필,31,238,一甌水卵而來,6,,
열하일기,일신수필,31,239,甌七圍,3,,
열하일기,일신수필,31,240,肉厚一寸,4,,
열하일기,일신수필,31,241,高三四寸,4,,
열하일기,일신수필,31,242,上銹綠琉璃,5,,
열하일기,일신수필,31,243,兩頰爲饕餮,5,,
열하일기,일신수필,31,244,口含大環,4,,
열하일기,일신수필,31,245,正,1,,
열하일기,일신수필,31,246,合盥盆,3,,
열하일기,일신수필,31,247,而重不可遠致,6,,Y
열하일기,일신수필,31,248,問其價,3,價,Y
열하일기,일신수필,31,249,爲一鈔,3,,Y
열하일기,일신수필,31,250,一鈔爲一百六十三分,9,,Y
열하일기,일신수필,31,251,爲銀不過三錢矣,7,銀 錢,Y
열하일기,일신수필,31,252,象三言此在皇京,7,,Y
열하일기,일신수필,31,253,不,1,,Y
열하일기,일신수필,31,254,過售銀二錢,5,銀 錢,Y
열하일기,일신수필,31,255,而肉重難輸,5,,Y
열하일기,일신수필,31,256,明知其出境爲希寶,8,,
열하일기,일신수필,31,257,而無可奈何云矣,7,,
열하일기,일신수필,31,258,夕日雨快霽,5,,
열하일기,일신수필,31,259,又至一舖,4,,
열하일기,일신수필,31,260,亦有三個登,5,,Y
열하일기,일신수필,31,261,州客商,3,商,Y
열하일기,일신수필,31,262,爲榨綿繅繭船,6,,Y
열하일기,일신수필,31,263,往金州,3,,
열하일기,일신수필,31,264,蓋州,2,,
열하일기,일신수필,31,265,牛家庄距登州,6,,
열하일기,일신수필,31,266,水程二百餘里,6,,
열하일기,일신수필,31,267,對岸一帆,4,,
열하일기,일신수필,31,268,風來往云,4,,
열하일기,일신수필,31,269,三人俱略,4,,
열하일기,일신수필,31,270,解書字,3,,
열하일기,일신수필,31,271,而但剽悍全不識禮義,9,,
열하일기,일신수필,31,272,頗加陵謔,4,,
열하일기,일신수필,31,273,故卽還,3,,
열하일기,일신수필,32,1,二十二日戊戌,6,,
열하일기,일신수필,32,2,晴,1,,
열하일기,일신수필,32,3,自東關驛至二臺子五里,10,,
열하일기,일신수필,32,4,六渡河橋十一里,7,,
열하일기,일신수필,32,5,中後所二里,5,,
열하일기,일신수필,32,6,共十八里,4,,
열하일기,일신수필,32,7,中火,2,,
열하일기,일신수필,32,8,自中後所,4,,
열하일기,일신수필,32,9,至一臺子五里,6,,
열하일기,일신수필,32,10,二臺子三里,5,,
열하일기,일신수필,32,11,三臺子四里,5,,
열하일기,일신수필,32,12,沙河店八里,5,,
열하일기,일신수필,32,13,葉家墳七里,5,,
열하일기,일신수필,32,14,口魚河屯三里,6,,
열하일기,일신수필,32,15,魚河橋一里,5,,
열하일기,일신수필,32,16,石橋,2,,
열하일기,일신수필,32,17,河九里,3,,
열하일기,일신수필,32,18,前屯衛六里,5,,
열하일기,일신수필,32,19,共四十八里,5,,
열하일기,일신수필,32,20,宿前屯衛,4,,
열하일기,일신수필,32,21,是日通行六十六里,8,,
열하일기,일신수필,32,22,舟渡中後所河,6,,
열하일기,일신수필,32,23,舊有城中毁,5,,
열하일기,일신수필,32,24,今方修,3,,
열하일기,일신수필,32,25,築,1,,
열하일기,일신수필,32,26,市舖閭井,4,,
열하일기,일신수필,32,27,亞於瀋陽,4,,
열하일기,일신수필,32,28,有關帝廟,4,,
열하일기,일신수필,32,29,壯麗勝於遼東,6,,
열하일기,일신수필,32,30,甚有靈驗,4,,
열하일기,일신수필,32,31,一行皆奠幣叩頭,7,,
열하일기,일신수필,32,32,抽籤視吉凶,5,,
열하일기,일신수필,32,33,昌大奠,3,,
열하일기,일신수필,32,34,一顆甛蓏,4,,
열하일기,일신수필,32,35,無數磕頭,4,,
열하일기,일신수필,32,36,又自啖其蓏於塑像前,9,,
열하일기,일신수필,32,37,未知默禱者何等,7,,
열하일기,일신수필,32,38,而可謂所持者狹,7,,Y
열하일기,일신수필,32,39,而所欲者奢矣,6,奢,Y
열하일기,일신수필,32,40,門內,2,,Y
열하일기,일신수필,32,41,響墻所畵靑獅可觀,8,,
열하일기,일신수필,32,42,似倣甘露寺,5,,
열하일기,일신수필,32,43,吳道子所畵,5,,
열하일기,일신수필,32,44,而東坡所贊,5,,
열하일기,일신수필,32,45,威見齒,3,,
열하일기,일신수필,32,46,喜見尾,3,,
열하일기,일신수필,32,47,可謂善形容矣,6,,
열하일기,일신수필,32,48,我國所着,4,,
열하일기,일신수필,32,49,毳帽,2,,
열하일기,일신수필,32,50,皆出此中,4,,
열하일기,일신수필,32,51,共有三舖,4,,
열하일기,일신수필,32,52,一舖爲三五十間,7,,
열하일기,일신수필,32,53,舖中所造工人,6,,
열하일기,일신수필,32,54,不下百人,4,,Y
열하일기,일신수필,32,55,灣商已充斥其中,7,商,Y
열하일기,일신수필,32,56,爲約帽,3,,Y
열하일기,일신수필,32,57,回,1,,
열하일기,일신수필,32,58,還時輸去也,5,,
열하일기,일신수필,32,59,造帽之法甚易,6,,
열하일기,일신수필,32,60,有羊毛則吾可爲之,8,,
열하일기,일신수필,32,61,而我東不畜羊,6,,
열하일기,일신수필,32,62,民生終歲不識肉味,8,,
열하일기,일신수필,32,63,一域男女不下數,7,,
열하일기,일신수필,32,64,百萬口,3,,
열하일기,일신수필,32,65,人着一帽,4,,Y
열하일기,일신수필,32,66,然後爲禦冬之資,7,資,Y
열하일기,일신수필,32,67,計冬至使行,5,,Y
열하일기,일신수필,32,68,黃曆賫咨所帶銀貨,8,貨 銀,Y
열하일기,일신수필,32,69,不下十萬兩,5,,Y
열하일기,일신수필,32,70,通計十年,4,,
열하일기,일신수필,32,71,則爲百,3,,
열하일기,일신수필,32,72,萬兩,2,,Y
열하일기,일신수필,32,73,帽爲一人三冬之資,8,資,Y
열하일기,일신수필,32,74,春後弊落則棄之耳,8,,Y
열하일기,일신수필,32,75,以千年不壞之銀,7,銀,Y
열하일기,일신수필,32,76,易三冬弊棄之帽,7,,Y
열하일기,일신수필,32,77,以採山有限之物,7,,
열하일기,일신수필,32,78,輸一往不返之地,7,,
열하일기,일신수필,32,79,何其不思之甚也,7,,
열하일기,일신수필,32,80,造帽者,3,,
열하일기,일신수필,32,81,皆脫衣工作,5,,
열하일기,일신수필,32,82,手若風雨,4,,Y
열하일기,일신수필,32,83,我東銀貨,4,貨 銀,Y
열하일기,일신수필,32,84,半消此舖,4,,Y
열하일기,일신수필,32,85,則舖人各定,5,,
열하일기,일신수필,32,86,主顧,2,,Y
열하일기,일신수필,32,87,灣商之來,4,商,Y
열하일기,일신수필,32,88,必大治酒食以接云,8,,Y
열하일기,일신수필,32,89,路中有道士三人,7,,
열하일기,일신수필,32,90,結伴行丐,4,,
열하일기,일신수필,32,91,周歷市廛,4,,
열하일기,일신수필,32,92,一人頭戴烏紗畵雲方冠,10,,
열하일기,일신수필,32,93,身被一領玉色縐紗濶袖長袍,12,,
열하일기,일신수필,32,94,下繫綠杭羅裳,6,,
열하일기,일신수필,32,95,腰束紅錦飄帶,6,,
열하일기,일신수필,32,96,足穿赤色飛雲方履,8,,
열하일기,일신수필,32,97,背負一口斬魔古釖,8,,
열하일기,일신수필,32,98,手持竹簡子,5,,
열하일기,일신수필,32,99,面皮白淨三角,6,,
열하일기,일신수필,32,100,鬚踈眉目,4,,
열하일기,일신수필,32,101,一人頭上雙角結子紅繪總角,12,,
열하일기,일신수필,32,102,身穿窄袖綠緞襖子,8,,
열하일기,일신수필,32,103,肩披薜荔,4,,
열하일기,일신수필,32,104,兩腿上繫虎皮,6,,
열하일기,일신수필,32,105,腰束紅緞廣帶,6,,
열하일기,일신수필,32,106,足穿靑鞋,4,,
열하일기,일신수필,32,107,背負錦軸五嶽圖,7,,
열하일기,일신수필,32,108,腰佩金胡盧,5,,
열하일기,일신수필,32,109,手捧道書一匣,6,,
열하일기,일신수필,32,110,顔色白晢媚,5,,
열하일기,일신수필,32,111,嫵,1,,
열하일기,일신수필,32,112,一人卷髮披肩,6,,
열하일기,일신수필,32,113,以金環箍頭,5,,Y
열하일기,일신수필,32,114,身披黑貢緞濶袖長衫,9,貢,Y
열하일기,일신수필,32,115,跣足而行,4,,Y
열하일기,일신수필,32,116,手持紅胡盧,5,,
열하일기,일신수필,32,117,赤面環眼,4,,
열하일기,일신수필,32,118,口中念呪,4,,
열하일기,일신수필,32,119,觀市人氣色,5,,
열하일기,일신수필,32,120,皆帶厭苦之意,6,,
열하일기,일신수필,32,121,至石橋河,4,,
열하일기,일신수필,32,122,河水大漲,4,,
열하일기,일신수필,32,123,不見涘岸,4,,
열하일기,일신수필,32,124,水不甚深,4,,
열하일기,일신수필,32,125,而頗悍急,4,,
열하일기,일신수필,32,126,皆言及今不渡,6,,
열하일기,일신수필,32,127,則,1,,
열하일기,일신수필,32,128,水當益出云,5,,
열하일기,일신수필,32,129,遂入正使轎中同濟,8,,
열하일기,일신수필,32,130,旣至彼岸,4,,
열하일기,일신수필,32,131,見乘馬浮河者,6,,
열하일기,일신수필,32,132,皆仰天,3,,
열하일기,일신수필,32,133,面色靑黃,4,,
열하일기,일신수필,32,134,書狀裨將趙時學,7,,
열하일기,일신수필,32,135,墮水,2,,
열하일기,일신수필,32,136,幾死驚極,4,,Y
열하일기,일신수필,32,137,灣商有溺其銀帒者,8,銀 商,Y
열하일기,일신수필,32,138,臨河呼母而哭云,7,,Y
열하일기,일신수필,32,139,前屯衛市中設場戱,8,,
열하일기,일신수필,32,140,臨罷,2,,
열하일기,일신수필,32,141,村婦數百,4,,
열하일기,일신수필,32,142,皆老婆,3,,
열하일기,일신수필,32,143,猶能盛,3,,
열하일기,일신수필,32,144,粧,1,,
열하일기,일신수필,32,145,方罷去,3,,
열하일기,일신수필,32,146,演劇者,3,,
열하일기,일신수필,32,147,蟒袍,2,,
열하일기,일신수필,32,148,象笏,2,,
열하일기,일신수필,32,149,皮笠,2,,
열하일기,일신수필,32,150,椶笠,2,,
열하일기,일신수필,32,151,藤笠,2,,
열하일기,일신수필,32,152,鬉笠,2,,
열하일기,일신수필,32,153,絲笠,2,,
열하일기,일신수필,32,154,紗帽,2,,
열하일기,일신수필,32,155,幞頭之屬,4,,
열하일기,일신수필,32,156,宛然我國風俗道袍,8,,
열하일기,일신수필,32,157,或,1,,
열하일기,일신수필,32,158,有紫色,3,,
열하일기,일신수필,32,159,而方領黑緣,5,,
열하일기,일신수필,32,160,此似古唐制也,6,,
열하일기,일신수필,32,161,嗚呼,2,,
열하일기,일신수필,32,162,神州之陸沉,5,,
열하일기,일신수필,32,163,百有餘年,4,,
열하일기,일신수필,32,164,而衣冠之制猶存,7,,
열하일기,일신수필,32,165,彷彿於俳優戱劇,7,,
열하일기,일신수필,32,166,之間,2,,
열하일기,일신수필,32,167,天若有意於斯焉,7,,
열하일기,일신수필,32,168,戱臺皆書如是觀三字,9,,
열하일기,일신수필,32,169,亦可以見其微意所寓耳,10,,
열하일기,일신수필,32,170,有一知縣過去,6,,
열하일기,일신수필,32,171,大扇書正堂者,6,,
열하일기,일신수필,32,172,一雙,2,,
열하일기,일신수필,32,173,紅盖一對,4,,
열하일기,일신수필,32,174,黑盖一對,4,,
열하일기,일신수필,32,175,紅繖一柄,4,,
열하일기,일신수필,32,176,旗二雙,3,,
열하일기,일신수필,32,177,竹棍一雙,4,,
열하일기,일신수필,32,178,皮鞭一雙,4,,
열하일기,일신수필,32,179,知縣乘轎,4,,
열하일기,일신수필,32,180,隨後佩弓矢者,6,,
열하일기,일신수필,32,181,五六騎,3,,
열하일기,일신수필,33,1,二十三日己亥,6,,
열하일기,일신수필,33,2,小雨卽晴,4,,
열하일기,일신수필,33,3,是日處暑,4,,
열하일기,일신수필,33,4,自前屯衛朝發,6,,
열하일기,일신수필,33,5,至王家臺十里,6,,
열하일기,일신수필,33,6,王濟溝五里,5,,
열하일기,일신수필,33,7,高嶺驛五里,5,,
열하일기,일신수필,33,8,松嶺溝,3,,
열하일기,일신수필,33,9,五里,2,,
열하일기,일신수필,33,10,小松嶺四里,5,,
열하일기,일신수필,33,11,中前所十里,5,,
열하일기,일신수필,33,12,共三十九里,5,,
열하일기,일신수필,33,13,中火,2,,
열하일기,일신수필,33,14,自中前所至大石橋七里,10,,
열하일기,일신수필,33,15,兩水湖三里,5,,
열하일기,일신수필,33,16,老君店二里,5,,
열하일기,일신수필,33,17,王家店三里,5,,
열하일기,일신수필,33,18,望夫石十里,5,,
열하일기,일신수필,33,19,二里店八里,5,,
열하일기,일신수필,33,20,山海關二里,5,,
열하일기,일신수필,33,21,入關行三里,5,,
열하일기,일신수필,33,22,至深河舟渡,5,,
열하일기,일신수필,33,23,紅花舖七里,5,,
열하일기,일신수필,33,24,共四十七,4,,
열하일기,일신수필,33,25,里,1,,
열하일기,일신수필,33,26,是日通行八十六里,8,,
열하일기,일신수필,33,27,宿紅花舖,4,,
열하일기,일신수필,33,28,沿道墳墓,4,,
열하일기,일신수필,33,29,必繚以墻垣,5,,
열하일기,일신수필,33,30,周數百步,4,,
열하일기,일신수필,33,31,植以松柏楊柳,6,,
열하일기,일신수필,33,32,列行必整排,5,,
열하일기,일신수필,33,33,墓,1,,
열하일기,일신수필,33,34,前皆有華表而象設者,9,,
열하일기,일신수필,33,35,皆前朝貴人之墓也,8,,
열하일기,일신수필,33,36,門或三或爲牌樓,7,,
열하일기,일신수필,33,37,制雖不及祖家之樓,8,,
열하일기,일신수필,33,38,亦多宏侈者,5,,
열하일기,일신수필,33,39,門前爲,3,,
열하일기,일신수필,33,40,石橋,2,,
열하일기,일신수필,33,41,虹空有欄,4,,
열하일기,일신수필,33,42,如寧遠西門外,6,,
열하일기,일신수필,33,43,祖大壽先塋,5,,
열하일기,일신수필,33,44,沙河店葉家墳,6,,
열하일기,일신수필,33,45,最其雄侈者也,6,,
열하일기,일신수필,33,46,有女子三個,5,,
열하일기,일신수필,33,47,皆騎駿馬,4,,
열하일기,일신수필,33,48,爲馬上才,4,,
열하일기,일신수필,33,49,其中十三歲女子,7,,
열하일기,일신수필,33,50,尤蹻捷善馳,5,,
열하일기,일신수필,33,51,皆頭戴草笠,5,,
열하일기,일신수필,33,52,其左右七步,5,,
열하일기,일신수필,33,53,倒掛尸掛等法,6,,
열하일기,일신수필,33,54,如飄雪舞蝶,5,,
열하일기,일신수필,33,55,漢女,2,,Y
열하일기,일신수필,33,56,無以資生,4,資,Y
열하일기,일신수필,33,57,非行乞則類爲此等云,9,,Y
열하일기,일신수필,33,58,原上擺著一坐軍陣,8,,
열하일기,일신수필,33,59,四角上各揷一旗,7,,
열하일기,일신수필,33,60,無釖戟戈矛之屬,7,,
열하일기,일신수필,33,61,每人前置箭,5,,
열하일기,일신수필,33,62,筒,1,,
열하일기,일신수필,33,63,大如簁輪,4,,
열하일기,일신수필,33,64,皆滿揷數百箭,6,,
열하일기,일신수필,33,65,陣圖正方,4,,
열하일기,일신수필,33,66,騎兵皆下馬,5,,
열하일기,일신수필,33,67,散處陣外,4,,
열하일기,일신수필,33,68,余下馬一匝,5,,
열하일기,일신수필,33,69,只兩兩排立,5,,
열하일기,일신수필,33,70,無中權旗,4,,
열하일기,일신수필,33,71,鼓,1,,
열하일기,일신수필,33,72,又無設幕,4,,
열하일기,일신수필,33,73,或云盛京將軍,6,,
열하일기,일신수필,33,74,明日巡操,4,,
열하일기,일신수필,33,75,或云盛京兵部侍郞遞還,10,,
열하일기,일신수필,33,76,午站當到,4,,
열하일기,일신수필,33,77,故中前所參將,6,,
열하일기,일신수필,33,78,迎候於此,4,,
열하일기,일신수필,33,79,參將姑不來,5,,
열하일기,일신수필,33,80,故爲散陣方聚汛地云,9,,
열하일기,일신수필,33,81,野池紅蓮盛開,6,,
열하일기,일신수필,33,82,立馬一賞,4,,
열하일기,일신수필,33,83,至王家站,4,,
열하일기,일신수필,33,84,山上長城,4,,
열하일기,일신수필,33,85,遙遙入望,4,,
열하일기,일신수필,33,86,與副使,3,,
열하일기,일신수필,33,87,書狀及卞主簿,6,,
열하일기,일신수필,33,88,鄭進士,3,,
열하일기,일신수필,33,89,李傔鶴齡,4,,
열하일기,일신수필,33,90,偕往姜女廟,5,,
열하일기,일신수필,33,91,又歷上關外將臺,7,,
열하일기,일신수필,33,92,遂入山海關,5,,
열하일기,일신수필,33,93,暮抵紅花舖,5,,
열하일기,일신수필,33,94,夜微有感,4,,
열하일기,일신수필,33,95,氣,1,,
열하일기,일신수필,33,96,失睡,2,,
열하일기,일신수필,35,1,姜女姓許氏,5,,
열하일기,일신수필,35,2,名孟姜,3,,
열하일기,일신수필,35,3,陝西同官人也,6,,
열하일기,일신수필,35,4,嫁范七郞,4,,
열하일기,일신수필,35,5,秦將軍蒙恬築長城,8,,
열하일기,일신수필,35,6,范郞隷役,4,,
열하일기,일신수필,35,7,死於六螺山下,6,,
열하일기,일신수필,35,8,夢感其,3,,
열하일기,일신수필,35,9,妻,1,,
열하일기,일신수필,35,10,孟姜手製衣,5,,
열하일기,일신수필,35,11,獨行千里,4,,
열하일기,일신수필,35,12,探其存沒,4,,
열하일기,일신수필,35,13,歷憩于此,4,,
열하일기,일신수필,35,14,望長安而泣,5,,
열하일기,일신수필,35,15,因化爲石,4,,
열하일기,일신수필,35,16,或曰,2,,
열하일기,일신수필,35,17,孟姜聞其夫死,6,,
열하일기,일신수필,35,18,獨行收,3,,
열하일기,일신수필,35,19,骨,1,,
열하일기,일신수필,35,20,負而入海,4,,
열하일기,일신수필,35,21,數日有石出于海中,8,,
열하일기,일신수필,35,22,潮至不沒,4,,
열하일기,일신수필,35,23,庭中有三碑,5,,
열하일기,일신수필,35,24,所記各異,4,,
열하일기,일신수필,35,25,而語多荒誕,5,,
열하일기,일신수필,35,26,廟爲塑像,4,,
열하일기,일신수필,35,27,左右列,3,,
열하일기,일신수필,35,28,童男童女,4,,
열하일기,일신수필,35,29,皇帝置行宮,5,,
열하일기,일신수필,35,30,去歲行瀋陽時,6,,
열하일기,일신수필,35,31,所歷行宮,4,,
열하일기,일신수필,35,32,皆重修,3,,
열하일기,일신수필,35,33,故金碧所在炫耀,7,,
열하일기,일신수필,35,34,廟有文文山手題柱聯,9,,
열하일기,일신수필,35,35,望,1,,
열하일기,일신수필,35,36,夫石刻皇帝舊題詩,8,,
열하일기,일신수필,35,37,石傍有振衣亭,6,,
열하일기,일신수필,35,38,唐王建望夫石詩,7,,
열하일기,일신수필,35,39,非咏此石,4,,
열하일기,일신수필,35,40,而地誌望夫石一在武昌,10,,
열하일기,일신수필,35,41,一在太平,4,,
열하일기,일신수필,35,42,亦未知王建所咏,7,,
열하일기,일신수필,35,43,端在何地也,5,,
열하일기,일신수필,35,44,且秦時未甞稱陝,7,,
열하일기,일신수필,35,45,姜者,2,,
열하일기,일신수필,35,46,齊女之稱,4,,
열하일기,일신수필,35,47,則謂許氏,4,,
열하일기,일신수필,35,48,陝西同官人,5,,
열하일기,일신수필,35,49,尤爲非是,4,,
열하일기,일신수필,35,50,自行宮堦上,5,,
열하일기,일신수필,35,51,至姜女廟,4,,
열하일기,일신수필,35,52,繚以石欄,4,,
열하일기,일신수필,35,53,芳流遼海,4,,
열하일기,일신수필,35,54,今皇帝筆也,5,,
열하일기,일신수필,37,1,不見萬里長城,6,,
열하일기,일신수필,37,2,不識中國之大,6,,
열하일기,일신수필,37,3,不見山海關,5,,
열하일기,일신수필,37,4,不識中國之制度,7,,
열하일기,일신수필,37,5,不見關外將臺,6,,
열하일기,일신수필,37,6,不識將帥之威尊矣,8,,
열하일기,일신수필,37,7,未,1,,
열하일기,일신수필,37,8,及山海關一里,6,,
열하일기,일신수필,37,9,東向有一座方城,7,,
열하일기,일신수필,37,10,高十餘丈,4,,
열하일기,일신수필,37,11,周數百步,4,,
열하일기,일신수필,37,12,一面皆七堞,5,,
열하일기,일신수필,37,13,堞下爲圭竇,5,,
열하일기,일신수필,37,14,可藏數十人,5,,
열하일기,일신수필,37,15,圭竇共,3,,
열하일기,일신수필,37,16,二十四,3,,
열하일기,일신수필,37,17,城之下體,4,,
열하일기,일신수필,37,18,又穿四圭竇,5,,
열하일기,일신수필,37,19,以藏兵器,4,,
열하일기,일신수필,37,20,下爲隧道,4,,
열하일기,일신수필,37,21,以通長城之內,6,,
열하일기,일신수필,37,22,譯輩皆稱漢所築,7,,
열하일기,일신수필,37,23,非也,2,,
열하일기,일신수필,37,24,或稱吳,3,,
열하일기,일신수필,37,25,王臺,2,,
열하일기,일신수필,37,26,吳三桂守關時,6,,
열하일기,일신수필,37,27,從地道,3,,
열하일기,일신수필,37,28,不時登此臺,5,,
열하일기,일신수필,37,29,出號砲,3,,
열하일기,일신수필,37,30,則關內數萬兵,6,,
열하일기,일신수필,37,31,一時吶喊,4,,
열하일기,일신수필,37,32,聲動天地,4,,
열하일기,일신수필,37,33,關外諸墩戍,5,,
열하일기,일신수필,37,34,兵,1,,
열하일기,일신수필,37,35,皆響應,3,,
열하일기,일신수필,37,36,數時間,3,,
열하일기,일신수필,37,37,號令遍千里矣,6,,
열하일기,일신수필,37,38,與一行諸人,5,,
열하일기,일신수필,37,39,憑堞縱目,4,,
열하일기,일신수필,37,40,長城北走,4,,
열하일기,일신수필,37,41,滄溟南盈,4,,
열하일기,일신수필,37,42,東臨大野,4,,
열하일기,일신수필,37,43,西瞰關裏,4,,
열하일기,일신수필,37,44,周覽之雄,4,,
열하일기,일신수필,37,45,無如此臺,4,,
열하일기,일신수필,37,46,關裏數萬戶街市樓臺,9,,
열하일기,일신수필,37,47,歷歷如觀掌紋,6,,
열하일기,일신수필,37,48,無所隱蔽,4,,
열하일기,일신수필,37,49,海上一峯,4,,
열하일기,일신수필,37,50,尖秀揷霄者,5,,
열하일기,일신수필,37,51,昌黎縣,3,,
열하일기,일신수필,37,52,文筆峯也,4,,
열하일기,일신수필,37,53,眺望良久,4,,
열하일기,일신수필,37,54,欲下而無敢先下者,8,,
열하일기,일신수필,37,55,甎級岌嶪,4,,
열하일기,일신수필,37,56,俯視莫不戰掉,6,,
열하일기,일신수필,37,57,下隷扶擁,4,,
열하일기,일신수필,37,58,無回旋之地,5,,
열하일기,일신수필,37,59,勢甚良貝,4,,
열하일기,일신수필,37,60,余從西級下立於地,8,,
열하일기,일신수필,37,61,仰視臺上諸人,6,,
열하일기,일신수필,37,62,皆兢兢莫知所爲,7,,
열하일기,일신수필,37,63,蓋上臺時,4,,
열하일기,일신수필,37,64,拾級而登,4,,
열하일기,일신수필,37,65,故不知其危,5,,
열하일기,일신수필,37,66,欲還下,3,,
열하일기,일신수필,37,67,則一,2,,
열하일기,일신수필,37,68,擧目而臨不測,6,,
열하일기,일신수필,37,69,所以生眩,4,,
열하일기,일신수필,37,70,其崇在目也,5,,
열하일기,일신수필,37,71,仕宦者,3,,
열하일기,일신수필,37,72,亦若是也,4,,
열하일기,일신수필,37,73,方其推遷也,5,,
열하일기,일신수필,37,74,一階半級,4,,
열하일기,일신수필,37,75,恐後於人,4,,
열하일기,일신수필,37,76,或擠排,3,,
열하일기,일신수필,37,77,爭先,2,,
열하일기,일신수필,37,78,及致身崇高,5,,
열하일기,일신수필,37,79,懾心孤危,4,,
열하일기,일신수필,37,80,進無一步,4,,
열하일기,일신수필,37,81,退有千仞,4,,
열하일기,일신수필,37,82,望絶攀援,4,,
열하일기,일신수필,37,83,欲下不能,4,,
열하일기,일신수필,37,84,千古皆然,4,,
열하일기,일신수필,39,1,山海關,3,,
열하일기,일신수필,39,2,古楡關,3,,
열하일기,일신수필,39,3,王應麟地理通釋云,8,,
열하일기,일신수필,39,4,虞之下陽,4,,
열하일기,일신수필,39,5,趙之上黨,4,,
열하일기,일신수필,39,6,魏之安邑,4,,
열하일기,일신수필,39,7,燕之楡關,4,,
열하일기,일신수필,39,8,吳之西陵,4,,
열하일기,일신수필,39,9,蜀之漢樂,4,,
열하일기,일신수필,39,10,地有所必據,5,,
열하일기,일신수필,39,11,城有所必守,5,,
열하일기,일신수필,39,12,皇明洪武十七年,7,,
열하일기,일신수필,39,13,大將軍徐達,5,,
열하일기,일신수필,39,14,移楡關於此,5,,
열하일기,일신수필,39,15,築五重城,4,,
열하일기,일신수필,39,16,名之曰山海關,6,,
열하일기,일신수필,39,17,太行,2,,
열하일기,일신수필,39,18,山北走爲醫巫閭山,8,,
열하일기,일신수필,39,19,舜封十二山,5,,
열하일기,일신수필,39,20,以醫巫閭,4,,
열하일기,일신수필,39,21,爲幽州之鎭,5,,
열하일기,일신수필,39,22,橫障東北,4,,
열하일기,일신수필,39,23,爲戎夏之界,5,,
열하일기,일신수필,39,24,至關而大斷,5,,
열하일기,일신수필,39,25,爲平地,3,,
열하일기,일신수필,39,26,前臨遼野,4,,
열하일기,일신수필,39,27,右挾滄海,4,,Y
열하일기,일신수필,39,28,禹貢所稱挾右碣石,8,貢,Y
열하일기,일신수필,39,29,是也,2,,Y
열하일기,일신수필,39,30,長城從醫巫閭山,7,,
열하일기,일신수필,39,31,委蛇而下,4,,
열하일기,일신수필,39,32,至角山寺,4,,
열하일기,일신수필,39,33,峯巒皆有墩臺,6,,
열하일기,일신수필,39,34,入平地而置關,6,,
열하일기,일신수필,39,35,緣長城行十五里,7,,
열하일기,일신수필,39,36,南入于海,4,,
열하일기,일신수필,39,37,鎔鐵爲址而城焉,7,,
열하일기,일신수필,39,38,上置三簷大樓,6,,
열하일기,일신수필,39,39,曰望海亭,4,,
열하일기,일신수필,39,40,皆徐中山所,5,,
열하일기,일신수필,39,41,築也,2,,
열하일기,일신수필,39,42,初關爲甕城而無樓,8,,
열하일기,일신수필,39,43,甕城穿南北東爲門,8,,
열하일기,일신수필,39,44,鐵關扉,3,,
열하일기,일신수필,39,45,虹楣,2,,
열하일기,일신수필,39,46,刻威鎭華夷,5,,
열하일기,일신수필,39,47,第二關,3,,
열하일기,일신수필,39,48,爲四層敵樓,5,,
열하일기,일신수필,39,49,虹楣,2,,
열하일기,일신수필,39,50,刻山海關,4,,
열하일기,일신수필,39,51,第三關,3,,
열하일기,일신수필,39,52,爲三簷樓,4,,
열하일기,일신수필,39,53,立扁曰天下第一關,8,,
열하일기,일신수필,39,54,三使皆去蓋,5,,
열하일기,일신수필,39,55,文武成班,4,,
열하일기,일신수필,39,56,如入瀋陽時,5,,Y
열하일기,일신수필,39,57,稅官及守備,5,稅,Y
열하일기,일신수필,39,58,坐關內翼廊,5,,Y
열하일기,일신수필,39,59,點閱人馬,4,,
열하일기,일신수필,39,60,照準鳳城淸單,6,,Y
열하일기,일신수필,39,61,大凡中國商旅,6,商,Y
열하일기,일신수필,39,62,亦皆簿錄姓名居住物貨名數,12,貨,Y
열하일기,일신수필,39,63,詰姦防僞,4,,Y
열하일기,일신수필,39,64,極爲,2,,
열하일기,일신수필,39,65,嚴肅,2,,
열하일기,일신수필,39,66,守備皆滿人,5,,
열하일기,일신수필,39,67,打紅傘蕉扇,5,,
열하일기,일신수필,39,68,前列,2,,
열하일기,일신수필,39,69,軍卒百餘佩劒,6,,
열하일기,일신수필,39,70,十字街爲城,5,,
열하일기,일신수필,39,71,四面爲虹門,5,,
열하일기,일신수필,39,72,上有三簷樓,5,,
열하일기,일신수필,39,73,扁曰祥,3,,
열하일기,일신수필,39,74,靄榑桑,3,,
열하일기,일신수필,39,75,雍正帝筆也,5,,
열하일기,일신수필,39,76,帥府門外,4,,
열하일기,일신수필,39,77,坐石獅二,4,,
열하일기,일신수필,39,78,高各數丈,4,,
열하일기,일신수필,39,79,閭舍市井,4,,
열하일기,일신수필,39,80,勝於盛京,4,,
열하일기,일신수필,39,81,車馬最盛,4,,
열하일기,일신수필,39,82,士女尤爲都冶,6,,Y
열하일기,일신수필,39,83,其繁華富麗,5,富,Y
열하일기,일신수필,39,84,沿道莫比,4,,Y
열하일기,일신수필,39,85,蓋此爲天下雄關,7,,
열하일기,일신수필,39,86,而關以西,4,,
열하일기,일신수필,39,87,漸近皇都故也,6,,
열하일기,일신수필,39,88,自鳳城千餘里之間,8,,
열하일기,일신수필,39,89,曰堡曰屯曰,5,,
열하일기,일신수필,39,90,所曰驛,3,,
열하일기,일신수필,39,91,日經數城,4,,
열하일기,일신수필,39,92,而今驗之長城,6,,
열하일기,일신수필,39,93,其設施建置,5,,
열하일기,일신수필,39,94,莫不效法於此關,7,,
열하일기,일신수필,39,95,然皆兒孫耳,5,,
열하일기,일신수필,39,96,嗚呼,2,,
열하일기,일신수필,39,97,蒙恬築長城以防,7,,
열하일기,일신수필,39,98,胡,1,,
열하일기,일신수필,39,99,而亡秦之胡,5,,
열하일기,일신수필,39,100,養於蕭墻之內,6,,
열하일기,일신수필,39,101,中山設此關以備胡,8,,
열하일기,일신수필,39,102,而吳三桂開關迎入之不暇也,12,,
열하일기,일신수필,39,103,當天下無事之日,7,,Y
열하일기,일신수필,39,104,徒爲商旅之譏征,7,商,Y
열하일기,일신수필,39,105,則吾於關亦奚足云,8,,Y
열하일기,관내정사,2,1,起庚子,3,,
열하일기,관내정사,2,2,止庚戌,3,,
열하일기,관내정사,2,3,凡十一日,4,,
열하일기,관내정사,2,4,自山海關內,5,,
열하일기,관내정사,2,5,至皇京,3,,
열하일기,관내정사,2,6,共六百四十里,6,,
열하일기,관내정사,3,1,秋七月二十四日庚子,9,,
열하일기,관내정사,3,2,晴,1,,
열하일기,관내정사,3,3,自紅花舖,4,,
열하일기,관내정사,3,4,至范家庄二十里,7,,
열하일기,관내정사,3,5,中火,2,,
열하일기,관내정사,3,6,范家庄至楊河堤三里,9,,
열하일기,관내정사,3,7,大理營七里,5,,
열하일기,관내정사,3,8,王家,2,,
열하일기,관내정사,3,9,嶺三里,3,,
열하일기,관내정사,3,10,鳳凰店二里,5,,
열하일기,관내정사,3,11,望海店八里,5,,
열하일기,관내정사,3,12,深河驛五里,5,,
열하일기,관내정사,3,13,高舖臺八里,5,,
열하일기,관내정사,3,14,王家舖二里,5,,
열하일기,관내정사,3,15,馬棚舖七里,5,,
열하일기,관내정사,3,16,楡關三里,4,,
열하일기,관내정사,3,17,共,1,,
열하일기,관내정사,3,18,四十八里,4,,
열하일기,관내정사,3,19,是日通行六十八里,8,,
열하일기,관내정사,3,20,宿楡關,3,,
열하일기,관내정사,3,21,或稱渝關,4,,
열하일기,관내정사,3,22,今臨渝縣,4,,
열하일기,관내정사,3,23,關內風氣,4,,
열하일기,관내정사,3,24,絶異關東,4,,
열하일기,관내정사,3,25,山川明媚,4,,
열하일기,관내정사,3,26,曲曲堪,3,,
열하일기,관내정사,3,27,畵,1,,
열하일기,관내정사,3,28,自紅花舖,4,,
열하일기,관내정사,3,29,始有墩臺,4,,
열하일기,관내정사,3,30,五里一墩,4,,
열하일기,관내정사,3,31,或十里一墩,5,,
열하일기,관내정사,3,32,制皆方正,4,,
열하일기,관내정사,3,33,高五丈,3,,
열하일기,관내정사,3,34,上置屋三間,5,,
열하일기,관내정사,3,35,傍竪三丈旗竿,6,,
열하일기,관내정사,3,36,臺下,2,,
열하일기,관내정사,3,37,置屋五間,4,,
열하일기,관내정사,3,38,墻上列畵弓韔矢服熛鎗火砲,12,,
열하일기,관내정사,3,39,屋前列揷刀鎗劒戟,8,,
열하일기,관내정사,3,40,凡擧燧望烟事目,7,,
열하일기,관내정사,3,41,列書貼壁,4,,
열하일기,관내정사,4,1,二十五日辛丑,6,,
열하일기,관내정사,4,2,晴,1,,
열하일기,관내정사,4,3,自楡關至榮家庄三里,9,,
열하일기,관내정사,4,4,上白石舖二里,6,,
열하일기,관내정사,4,5,下白石舖三里,6,,
열하일기,관내정사,4,6,吳家庄三里,5,,
열하일기,관내정사,4,7,撫寧縣九里,5,,
열하일기,관내정사,4,8,羊,1,,
열하일기,관내정사,4,9,膓河二里,4,,
열하일기,관내정사,4,10,午哩舖三里,5,,
열하일기,관내정사,4,11,蘆家庄二里,5,,
열하일기,관내정사,4,12,時哩舖三里,5,,
열하일기,관내정사,4,13,蘆峰口五里,5,,
열하일기,관내정사,4,14,茶棚菴五里,5,,
열하일기,관내정사,4,15,飮馬河三里,5,,
열하일기,관내정사,4,16,背陰堡三里,5,,
열하일기,관내정사,4,17,共四十六里,5,,
열하일기,관내정사,4,18,中火,2,,
열하일기,관내정사,4,19,自背陰堡至雙望店八里,10,,
열하일기,관내정사,4,20,要站五里,4,,
열하일기,관내정사,4,21,子營三里,4,,
열하일기,관내정사,4,22,部落嶺六里,5,,
열하일기,관내정사,4,23,盧龍塞三里,5,,
열하일기,관내정사,4,24,驢槽十,3,,
열하일기,관내정사,4,25,三里,2,,
열하일기,관내정사,4,26,漏澤園三里,5,,
열하일기,관내정사,4,27,永平府二里,5,,
열하일기,관내정사,4,28,共四十三里,5,,
열하일기,관내정사,4,29,是日通行八十九里,8,,
열하일기,관내정사,4,30,宿永平府,4,,
열하일기,관내정사,4,31,行過撫寧縣,5,,
열하일기,관내정사,4,32,山川漸益開,5,,
열하일기,관내정사,4,33,朗,1,,
열하일기,관내정사,4,34,城裡街坊,4,,
열하일기,관내정사,4,35,家家金扁,4,,
열하일기,관내정사,4,36,玉音牌樓,4,,
열하일기,관내정사,4,37,處處輝映,4,,
열하일기,관내정사,4,38,路右一門下,5,,
열하일기,관내정사,4,39,副三房下隷,5,,
열하일기,관내정사,4,40,特轎留屯,4,,
열하일기,관내정사,4,41,乃徐進士鶴年家,7,,
열하일기,관내정사,4,42,也,1,,
열하일기,관내정사,4,43,副使,2,,
열하일기,관내정사,4,44,書狀方在此觀玩云,8,,
열하일기,관내정사,4,45,余遂下馬進去,6,,
열하일기,관내정사,4,46,其家舍僭侈,5,,
열하일기,관내정사,4,47,器玩瑰奇,4,,
열하일기,관내정사,4,48,誠如前聞,4,,
열하일기,관내정사,4,49,鶴年十數年前沒,7,,
열하일기,관내정사,4,50,而,1,,
열하일기,관내정사,4,51,有兩子,3,,
열하일기,관내정사,4,52,長苕芬,3,,
열하일기,관내정사,4,53,次苕信,3,,
열하일기,관내정사,4,54,苕信頗有文筆,6,,
열하일기,관내정사,4,55,選入四庫全書繕寫之役,10,,
열하일기,관내정사,4,56,方在皇京,4,,
열하일기,관내정사,4,57,獨有苕芬在家,6,,
열하일기,관내정사,4,58,文筆極短,4,,
열하일기,관내정사,4,59,滿堂刻揭果親王,7,,
열하일기,관내정사,4,60,阿克敦,3,,
열하일기,관내정사,4,61,于敏中,3,,
열하일기,관내정사,4,62,鄂尒泰,3,,
열하일기,관내정사,4,63,皇三子,3,,
열하일기,관내정사,4,64,皇五子詩,4,,
열하일기,관내정사,4,65,俱以興京祭官,6,,
열하일기,관내정사,4,66,道出此中,4,,
열하일기,관내정사,4,67,多歷宿,3,,
열하일기,관내정사,4,68,留詩,2,,
열하일기,관내정사,4,69,而去,2,,
열하일기,관내정사,4,70,于敏中阿克敦俱稱海內名筆,12,,
열하일기,관내정사,4,71,而視果親王,5,,
열하일기,관내정사,4,72,不啻巽下,4,,
열하일기,관내정사,4,73,其寢室楣上,5,,
열하일기,관내정사,4,74,刻揭白下尹判書淳七絶一首,12,,
열하일기,관내정사,4,75,戶外楣上,4,,
열하일기,관내정사,4,76,刻揭曹參判命采次尹詩,10,,
열하일기,관내정사,4,77,尹公我東名筆也,7,,
열하일기,관내정사,4,78,一點一畫,4,,
열하일기,관내정사,4,79,無非古法,4,,
열하일기,관내정사,4,80,而天才華娟,5,,
열하일기,관내정사,4,81,如雲行水流,5,,
열하일기,관내정사,4,82,穠纖間出,4,,
열하일기,관내정사,4,83,肥瘦相稱,4,,
열하일기,관내정사,4,84,而今在諸筆不無間然者,10,,
열하일기,관내정사,4,85,何也,2,,
열하일기,관내정사,4,86,大抵我東習字者,7,,
열하일기,관내정사,4,87,未見古人墨蹟,6,,
열하일기,관내정사,4,88,平生所臨,4,,
열하일기,관내정사,4,89,只是,2,,
열하일기,관내정사,4,90,金石,2,,
열하일기,관내정사,4,91,金石但可想像古人典刑,10,,
열하일기,관내정사,4,92,而其筆墨之間,6,,
열하일기,관내정사,4,93,無限神精,4,,
열하일기,관내정사,4,94,已屬先天,4,,
열하일기,관내정사,4,95,雖能髣髴體勢,6,,
열하일기,관내정사,4,96,而觔骨强梁,5,,
열하일기,관내정사,4,97,都無,2,,
열하일기,관내정사,4,98,筆意,2,,
열하일기,관내정사,4,99,濃爲墨猪,4,,
열하일기,관내정사,4,100,焦爲枯藤,4,,
열하일기,관내정사,4,101,此無他,3,,
열하일기,관내정사,4,102,石刻鐵畫,4,,
열하일기,관내정사,4,103,習與性成,4,,
열하일기,관내정사,4,104,又紙筆尤異中國,7,,
열하일기,관내정사,4,105,古稱高麗白硾紙,7,,
열하일기,관내정사,4,106,狼毛筆,3,,
열하일기,관내정사,4,107,特爲異邦故實而名之,9,,
열하일기,관내정사,4,108,非爲其能佳於書畵也,9,,
열하일기,관내정사,4,109,紙以洽受墨光,6,,
열하일기,관내정사,4,110,善容筆態爲貴,6,,
열하일기,관내정사,4,111,不必以堅韌不裂爲德,9,,
열하일기,관내정사,4,112,徐,1,,
열하일기,관내정사,4,113,渭謂高麗紙,5,,
열하일기,관내정사,4,114,不宜畵,3,,Y
열하일기,관내정사,4,115,惟錢厚者稍佳,6,錢,Y
열하일기,관내정사,4,116,其不見可,4,,Y
열하일기,관내정사,4,117,如此,2,,
열하일기,관내정사,4,118,不硾則毛荒難寫,7,,
열하일기,관내정사,4,119,搗鍊則紙面太硬,7,,
열하일기,관내정사,4,120,滑不留筆,4,,
열하일기,관내정사,4,121,堅不受墨,4,,
열하일기,관내정사,4,122,所以紙不如中國也,8,,
열하일기,관내정사,4,123,筆以柔婉調馴,6,,
열하일기,관내정사,4,124,隨腕同力爲良,6,,
열하일기,관내정사,4,125,不可以勁剛尖銳爲賢,9,,
열하일기,관내정사,4,126,所以中國良筆,6,,
열하일기,관내정사,4,127,必稱湖洲,4,,
열하일기,관내정사,4,128,皆用羊毫,4,,
열하일기,관내정사,4,129,不雜他毛,4,,
열하일기,관내정사,4,130,羊比他毛最柔,6,,
열하일기,관내정사,4,131,最柔故不禿,5,,
열하일기,관내정사,4,132,入紙則弄墨隨意,7,,
열하일기,관내정사,4,133,如孝子之先意承奉,8,,
열하일기,관내정사,4,134,所,1,,
열하일기,관내정사,4,135,謂狼尾,3,,
열하일기,관내정사,4,136,尤爲訛謬,4,,
열하일기,관내정사,4,137,吾不識狼爲何獸,7,,
열하일기,관내정사,4,138,又安得其尾哉,6,,
열하일기,관내정사,4,139,此鼠狼,3,,
열하일기,관내정사,4,140,俗名獷,3,,
열하일기,관내정사,4,141,所謂黃筆者,5,,
열하일기,관내정사,4,142,是也,2,,
열하일기,관내정사,4,143,常含强悍怒,5,,
열하일기,관내정사,4,144,磔之意,3,,
열하일기,관내정사,4,145,如恣意東西之頑僮,8,,
열하일기,관내정사,4,146,所以筆不如中國也,8,,
열하일기,관내정사,4,147,紙筆旣如此,5,,
열하일기,관내정사,4,148,乃以安東馬肝之石,8,,
열하일기,관내정사,4,149,磨海州厚漆之墨,7,,
열하일기,관내정사,4,150,臨羲之筆陣之序,7,,
열하일기,관내정사,4,151,三過折筆,4,,
열하일기,관내정사,4,152,瘦骨犖确,4,,
열하일기,관내정사,4,153,童習粉板,4,,
열하일기,관내정사,4,154,亦復何哉,4,,
열하일기,관내정사,4,155,其後堂,3,,
열하일기,관내정사,4,156,僻靜瀟洒,4,,
열하일기,관내정사,4,157,頓忘塵囂,4,,
열하일기,관내정사,4,158,有降眞香,4,,
열하일기,관내정사,4,159,臥榻,2,,
열하일기,관내정사,4,160,榻上所鋪,4,,
열하일기,관내정사,4,161,有非匹夫可居,6,,
열하일기,관내정사,4,162,架上所置書畵錦卷玉軸,10,,
열하일기,관내정사,4,163,秩然排揷,4,,
열하일기,관내정사,4,164,兩房裨將,4,,
열하일기,관내정사,4,165,鬨堂亂抽,4,,
열하일기,관내정사,4,166,環立爭展,4,,
열하일기,관내정사,4,167,如觀朝報,4,,
열하일기,관내정사,4,168,如度匹練,4,,
열하일기,관내정사,4,169,襞摺摧拉,4,,
열하일기,관내정사,4,170,飛騰果敢,4,,
열하일기,관내정사,4,171,有崩城陷陣斬將搴旗之勢,11,,
열하일기,관내정사,4,172,加以心忙意促,6,,
열하일기,관내정사,4,173,難竟其長,4,,
열하일기,관내정사,4,174,則悔,2,,
열하일기,관내정사,4,175,其始展,3,,
열하일기,관내정사,4,176,反咎匠手曰,5,,
열하일기,관내정사,4,177,似此長軸,4,,
열하일기,관내정사,4,178,用之何處,4,,
열하일기,관내정사,4,179,不可作屛風,5,,
열하일기,관내정사,4,180,不可作簇子,5,,
열하일기,관내정사,4,181,或曰,2,,
열하일기,관내정사,4,182,吾不識畵,4,,
열하일기,관내정사,4,183,畵則莫如朱紅,6,,
열하일기,관내정사,4,184,烏桓玄之不設寒具,8,,
열하일기,관내정사,4,185,儘是名士,4,,
열하일기,관내정사,4,186,西壁下,3,,
열하일기,관내정사,4,187,忽聞介馬金皷之聲,8,,
열하일기,관내정사,4,188,大驚回顧,4,,
열하일기,관내정사,4,189,乃群閱鼎彛尊壺也,8,,
열하일기,관내정사,4,190,余不勝悶,4,,
열하일기,관내정사,4,191,然忙步出門,5,,
열하일기,관내정사,4,192,其上下家,4,,
열하일기,관내정사,4,193,皆爲金子扁額,6,,
열하일기,관내정사,4,194,獨與張福歷入諸家,8,,
열하일기,관내정사,4,195,而皆無主人,5,,
열하일기,관내정사,4,196,轉至一宅,4,,
열하일기,관내정사,4,197,墻下有數十竿紫,7,,
열하일기,관내정사,4,198,竹,1,,
열하일기,관내정사,4,199,當階一樹碧梧桐,7,,
열하일기,관내정사,4,200,梧桐西畔,4,,
열하일기,관내정사,4,201,有數畝方塘,5,,
열하일기,관내정사,4,202,環池爲白石欄干,7,,
열하일기,관내정사,4,203,池中有五六柄蓮房,8,,
열하일기,관내정사,4,204,欄邊有三個鵞雛,7,,
열하일기,관내정사,4,205,堂中緗簾垂地,6,,
열하일기,관내정사,4,206,簾內衆人喧笑,6,,
열하일기,관내정사,4,207,余進至池邊,5,,
열하일기,관내정사,4,208,暫倚欄干而立,6,,Y
열하일기,관내정사,4,209,堂中寂然屛息,6,息,Y
열하일기,관내정사,4,210,隱暎從簾隙偸看,7,,Y
열하일기,관내정사,4,211,余徘徊,3,,
열하일기,관내정사,4,212,連向堂裡謦咳,6,,
열하일기,관내정사,4,213,俄有一小童迤從堂後而來,11,,
열하일기,관내정사,4,214,遙立作揖高聲曰,7,,
열하일기,관내정사,4,215,爾老來此做甚麽,7,,
열하일기,관내정사,4,216,張福曰,3,,
열하일기,관내정사,4,217,爾們大主人那,6,,
열하일기,관내정사,4,218,裡坐地,3,,
열하일기,관내정사,4,219,何不接應了遠客,7,,
열하일기,관내정사,4,220,小童曰,3,,
열하일기,관내정사,4,221,俄刻家父與舍親李公同去高麗人處,15,,
열하일기,관내정사,4,222,要訪貴國太醫官未回,9,,
열하일기,관내정사,4,223,余曰,2,,
열하일기,관내정사,4,224,爾家尋醫,4,,
열하일기,관내정사,4,225,時想應宅裡有患,7,,
열하일기,관내정사,4,226,我是太醫官,5,,
열하일기,관내정사,4,227,旣爲到此,4,,
열하일기,관내정사,4,228,不妨診視,4,,
열하일기,관내정사,4,229,更有眞眞淸心元,7,,
열하일기,관내정사,4,230,爾此刻去尋爾父公,8,,
열하일기,관내정사,4,231,回家,2,,
열하일기,관내정사,4,232,小童更不偢採,6,,
열하일기,관내정사,4,233,張衣驅鵞雛入籠,7,,
열하일기,관내정사,4,234,取欄邊釣竿,5,,
열하일기,관내정사,4,235,鉤引池中敗荷葉,7,,
열하일기,관내정사,4,236,軒軒作傘而去,6,,
열하일기,관내정사,4,237,簾內人影,4,,
열하일기,관내정사,4,238,可揣,2,,
열하일기,관내정사,4,239,有七八人,4,,
열하일기,관내정사,4,240,啾啾密語,4,,
열하일기,관내정사,4,241,復有掩口忍笑之聲,8,,
열하일기,관내정사,4,242,徘徊久之,4,,
열하일기,관내정사,4,243,遂轉身出門,5,,
열하일기,관내정사,4,244,顧視張福,4,,
열하일기,관내정사,4,245,其鬢下黑子,5,,
열하일기,관내정사,4,246,近日稍大,4,,
열하일기,관내정사,4,247,與趙主簿明會,6,,
열하일기,관내정사,4,248,聯轡行,3,,
열하일기,관내정사,4,249,爲語撫寧風俗不佳,8,,
열하일기,관내정사,4,250,趙曰,2,,
열하일기,관내정사,4,251,撫寧人方以朝鮮人爲苦客,11,,
열하일기,관내정사,4,252,徐鶴年性本喜客,7,,
열하일기,관내정사,4,253,初逢,2,,
열하일기,관내정사,4,254,白下尹公,4,,
열하일기,관내정사,4,255,開襟款接,4,,
열하일기,관내정사,4,256,多出所有書畵以示之,9,,
열하일기,관내정사,4,257,自此撫寧縣徐進士之名,10,,
열하일기,관내정사,4,258,膾炙東韓,4,,
열하일기,관내정사,4,259,每歲使行,4,,
열하일기,관내정사,4,260,必爲歷訪,4,,
열하일기,관내정사,4,261,遂成舊例,4,,
열하일기,관내정사,4,262,然其實,3,,
열하일기,관내정사,4,263,邑中他家,4,,
열하일기,관내정사,4,264,多勝徐宅主人喜客,8,,
열하일기,관내정사,4,265,遍是鶴年特尹公偶先見,10,,
열하일기,관내정사,4,266,此有非東國宰相所可比擬,11,,
열하일기,관내정사,4,267,則津津艶稱,5,,
열하일기,관내정사,4,268,是後譯輩,4,,
열하일기,관내정사,4,269,因以徐宅爲歸者,7,,
열하일기,관내정사,4,270,不欲更煩他家,6,,
열하일기,관내정사,4,271,添一事役也,5,,
열하일기,관내정사,4,272,我使傔帶數十,6,,
열하일기,관내정사,4,273,雖數丈門戶,5,,
열하일기,관내정사,4,274,出,1,,
열하일기,관내정사,4,275,入之際,3,,
열하일기,관내정사,4,276,必齊聲警上,5,,
열하일기,관내정사,4,277,一擁陞堂,4,,
열하일기,관내정사,4,278,不識退待者,5,,
열하일기,관내정사,4,279,以其無板廳故也,7,,
열하일기,관내정사,4,280,其所接待,4,,
열하일기,관내정사,4,281,浸不如初,4,,
열하일기,관내정사,4,282,及鶴年歿,4,,
열하일기,관내정사,4,283,而諸,2,,
열하일기,관내정사,4,284,子尤苦東客,5,,
열하일기,관내정사,4,285,每値我使,4,,
열하일기,관내정사,4,286,屛藏器玩,4,,
열하일기,관내정사,4,287,略擺頑樸下劣之品,8,,
열하일기,관내정사,4,288,以存舊規而已,6,,
열하일기,관내정사,4,289,今其隣舍避匿,6,,
열하일기,관내정사,4,290,葢以徐家爲戒,6,,
열하일기,관내정사,4,291,也,1,,
열하일기,관내정사,4,292,相與大笑,4,,
열하일기,관내정사,4,293,尹公之還,4,,
열하일기,관내정사,4,294,以鬻技胡雛遭彈,7,,
열하일기,관내정사,4,295,葢指此詩也,5,,
열하일기,관내정사,4,296,言之無倫,4,,
열하일기,관내정사,4,297,若是哉,3,,
열하일기,관내정사,4,298,幽冀山勢,4,,
열하일기,관내정사,4,299,扶輿磅礴,4,,
열하일기,관내정사,4,300,太行,2,,
열하일기,관내정사,4,301,西來,2,,
열하일기,관내정사,4,302,環擁燕都,4,,
열하일기,관내정사,4,303,醫巫東馳,4,,
열하일기,관내정사,4,304,以作後鎭,4,,
열하일기,관내정사,4,305,龍飛鳳舞,4,,
열하일기,관내정사,4,306,至於角山,4,,
열하일기,관내정사,4,307,而大斷爲山海關,7,,
열하일기,관내정사,4,308,入關以來,4,,
열하일기,관내정사,4,309,諸山益脫大,5,,
열하일기,관내정사,4,310,漠麤壯之氣,5,,
열하일기,관내정사,4,311,向南開面,4,,
열하일기,관내정사,4,312,淸秀明嫩,4,,
열하일기,관내정사,4,313,至昌黎諸濱海之縣,8,,
열하일기,관내정사,4,314,山氣尤佳,4,,Y
열하일기,관내정사,4,315,禹貢碣石,4,貢,Y
열하일기,관내정사,4,316,近在縣西二十里,7,,Y
열하일기,관내정사,4,317,曹操詩,3,,
열하일기,관내정사,4,318,東臨碣石,4,,
열하일기,관내정사,4,319,以觀滄海者,5,,
열하일기,관내정사,4,320,是也,2,,
열하일기,관내정사,4,321,昌黎縣有韓文公廟,8,,
열하일기,관내정사,4,322,又有韓湘廟,5,,
열하일기,관내정사,4,323,唐書本傳,4,,
열하일기,관내정사,4,324,公爲鄧州南陽人,7,,
열하일기,관내정사,4,325,廣輿記以,4,,
열하일기,관내정사,4,326,爲昌黎人,4,,
열하일기,관내정사,4,327,宋元豐間,4,,
열하일기,관내정사,4,328,封公爲昌黎伯,6,,
열하일기,관내정사,4,329,及元至元時,5,,
열하일기,관내정사,4,330,始立廟於此,5,,
열하일기,관내정사,4,331,有文公塑像云,6,,
열하일기,관내정사,4,332,吾平生夢想文公,7,,
열하일기,관내정사,4,333,遂遍,2,,
열하일기,관내정사,4,334,約諸人,3,,
열하일기,관내정사,4,335,爲伴遊計,4,,
열하일기,관내정사,4,336,而無肯行者,5,,
열하일기,관내정사,4,337,蓋迂行二十里也,7,,
열하일기,관내정사,4,338,有難獨往可嘆,6,,
열하일기,관내정사,4,339,行歷東嶽廟,5,,
열하일기,관내정사,4,340,庭有五碑,4,,
열하일기,관내정사,4,341,殿上金字題,5,,
열하일기,관내정사,4,342,曰東嶽大帝,5,,
열하일기,관내정사,4,343,殿中坐二位金神,7,,
열하일기,관내정사,4,344,皆端拱整笏,5,,
열하일기,관내정사,4,345,後殿制如前殿,6,,
열하일기,관내정사,4,346,坐三位女像,5,,
열하일기,관내정사,4,347,稱娘娘廟,4,,
열하일기,관내정사,4,348,而皆頭戴冕旒,6,,
열하일기,관내정사,4,349,到,1,,
열하일기,관내정사,4,350,永平府,3,,
열하일기,관내정사,4,351,城外長河,4,,
열하일기,관내정사,4,352,抱城逶迤,4,,
열하일기,관내정사,4,353,地形甚似平壤,6,,Y
열하일기,관내정사,4,354,而昭曠倍之,5,倍,Y
열하일기,관내정사,4,355,而但無大同淸江耳,8,,Y
열하일기,관내정사,4,356,世傳金學士黃元登浮,9,,
열하일기,관내정사,4,357,碧樓,2,,
열하일기,관내정사,4,358,得句曰,3,,
열하일기,관내정사,4,359,長城一面溶溶水,7,,
열하일기,관내정사,4,360,大野東頭點點山,7,,
열하일기,관내정사,4,361,因苦吟意涸,5,,
열하일기,관내정사,4,362,痛哭下樓,4,,
열하일기,관내정사,4,363,說者謂平壤之勝,7,,
열하일기,관내정사,4,364,兩句盡之,4,,
열하일기,관내정사,4,365,千載更無添一句者,8,,
열하일기,관내정사,4,366,余常以此謂非佳句,8,,
열하일기,관내정사,4,367,溶溶非大江之勢,7,,
열하일기,관내정사,4,368,東頭點點之山,6,,
열하일기,관내정사,4,369,遠不過四十里耳,7,,
열하일기,관내정사,4,370,烏得稱大,4,,
열하일기,관내정사,4,371,野哉,2,,
열하일기,관내정사,4,372,今以此句,4,,
열하일기,관내정사,4,373,爲練光亭柱聯,6,,
열하일기,관내정사,4,374,若敕使登亭一覽,7,,
열하일기,관내정사,4,375,則必笑大野二字,7,,
열하일기,관내정사,4,376,今永平城樓,5,,
열하일기,관내정사,4,377,可謂大野東頭點點,8,,
열하일기,관내정사,4,378,山,1,,
열하일기,관내정사,4,379,或曰永平,4,,
열하일기,관내정사,4,380,亦箕子封地,5,,
열하일기,관내정사,4,381,非也,2,,
열하일기,관내정사,4,382,永平,2,,
열하일기,관내정사,4,383,卽漢之右北平,6,,
열하일기,관내정사,4,384,唐之盧龍塞,5,,
열하일기,관내정사,4,385,昔之窮邊,4,,
열하일기,관내정사,4,386,而自遼金以來,6,,
열하일기,관내정사,4,387,久作畿,3,,
열하일기,관내정사,4,388,輔之地,3,,
열하일기,관내정사,4,389,廬舍市舖,4,,Y
열하일기,관내정사,4,390,繁富倍他,4,富 倍,Y
열하일기,관내정사,4,391,進士牌額,4,,Y
열하일기,관내정사,4,392,比撫寧尤盛,5,,
열하일기,관내정사,4,393,府前轅門,4,,
열하일기,관내정사,4,394,題曰古之右北平,7,,
열하일기,관내정사,4,395,昏後與鄭進士閒行,8,,
열하일기,관내정사,4,396,偶入一宅,4,,
열하일기,관내정사,4,397,方張燈,3,,Y
열하일기,관내정사,4,398,刻高麗進貢圖,6,貢,Y
열하일기,관내정사,4,399,沿路店壁,4,,Y
열하일기,관내정사,4,400,多貼此畵,4,,
열하일기,관내정사,4,401,而皆劣畵麤搨,6,,
열하일기,관내정사,4,402,詭恠可笑,4,,
열하일기,관내정사,4,403,紅袍者,3,,
열하일기,관내정사,4,404,書狀也,3,,
열하일기,관내정사,4,405,數,1,,
열하일기,관내정사,4,406,十年前,3,,
열하일기,관내정사,4,407,堂下官著紅袍,6,,
열하일기,관내정사,4,408,今變綠,3,,
열하일기,관내정사,4,409,黑笠者,3,,
열하일기,관내정사,4,410,譯官也,3,,
열하일기,관내정사,4,411,貌似優婆塞,5,,
열하일기,관내정사,4,412,口含烟竹者,5,,
열하일기,관내정사,4,413,前排裨將也,5,,
열하일기,관내정사,4,414,卷鬚環眼者,5,,
열하일기,관내정사,4,415,軍牢也,3,,
열하일기,관내정사,4,416,今此所刻,4,,
열하일기,관내정사,4,417,尤爲麤惡,4,,
열하일기,관내정사,4,418,面目盡似猿猴,6,,
열하일기,관내정사,4,419,堂中共有三人,6,,
열하일기,관내정사,4,420,而無可語者,5,,
열하일기,관내정사,4,421,卓上硏屛高二尺餘,8,,
열하일기,관내정사,4,422,廣一尺,3,,
열하일기,관내정사,4,423,餘,1,,
열하일기,관내정사,4,424,花斑石,3,,
열하일기,관내정사,4,425,鏤畵江山樹木樓臺人物,10,,
열하일기,관내정사,4,426,各從石紋,4,,
열하일기,관내정사,4,427,天然爲彩,4,,
열하일기,관내정사,4,428,微妙入神,4,,
열하일기,관내정사,4,429,以降眞香爲跗立之硯北,10,,
열하일기,관내정사,4,430,有蘇州,3,,
열하일기,관내정사,4,431,人胡應權,4,,
열하일기,관내정사,4,432,持一畵帖而來,6,,
열하일기,관내정사,4,433,帖衣胡草,4,,
열하일기,관내정사,4,434,墨鱗成堆,4,,
열하일기,관내정사,4,435,破敗荒陋,4,,Y
열하일기,관내정사,4,436,不直一錢,4,錢,Y
열하일기,관내정사,4,437,第觀胡生擧措,6,,Y
열하일기,관내정사,4,438,眞若絶世奇寶,6,,
열하일기,관내정사,4,439,洞屬擎跽,4,,
열하일기,관내정사,4,440,開掩惟謹,4,,
열하일기,관내정사,4,441,而鄭君眼昏,5,,
열하일기,관내정사,4,442,兩手牢執,4,,
열하일기,관내정사,4,443,翻閱之際,4,,
열하일기,관내정사,4,444,疾若風雨,4,,
열하일기,관내정사,4,445,胡生顰呻不寧,6,,
열하일기,관내정사,4,446,鄭君竟卷,4,,
열하일기,관내정사,4,447,砉然擲,3,,
열하일기,관내정사,4,448,地曰,2,,
열하일기,관내정사,4,449,謙齋,2,,
열하일기,관내정사,4,450,玄齋,2,,
열하일기,관내정사,4,451,乃胡人之號也,6,,
열하일기,관내정사,4,452,余笑應曰,4,,
열하일기,관내정사,4,453,不見是圖,4,,
열하일기,관내정사,4,454,問胡生曰,4,,
열하일기,관내정사,4,455,足下得此何處,6,,
열하일기,관내정사,4,456,曰,1,,
열하일기,관내정사,4,457,晡刻貴國金相公,7,,Y
열하일기,관내정사,4,458,來弊舖賣此,5,賣,Y
열하일기,관내정사,4,459,金相公老實人,6,,Y
열하일기,관내정사,4,460,與俺情同嫡親兄弟,8,,Y
열하일기,관내정사,4,461,俺以三兩五分紋銀收買,10,買 銀,Y
열하일기,관내정사,4,462,改裝時直不下七兩,8,,Y
열하일기,관내정사,4,463,但無畵,3,,
열하일기,관내정사,4,464,者款識,3,,
열하일기,관내정사,4,465,願得老爺一一認題,8,,
열하일기,관내정사,4,466,因自懷中出硃碇一笏爲幣,11,,
열하일기,관내정사,4,467,懇求畵者小傳,6,,
열하일기,관내정사,4,468,主人亦設酒果,6,,
열하일기,관내정사,4,469,大約我國書畵,6,,Y
열하일기,관내정사,4,470,什無年號,4,什,Y
열하일기,관내정사,4,471,又不肯書名字,6,,Y
열하일기,관내정사,4,472,詩軸所題,4,,
열하일기,관내정사,4,473,多是江湖散人,6,,
열하일기,관내정사,4,474,而不識何代何地何姓何人,11,,
열하일기,관내정사,4,475,今此卷中,4,,
열하일기,관내정사,4,476,雖有二字,4,,
열하일기,관내정사,4,477,別號,2,,
열하일기,관내정사,4,478,依俙不辨爲誰某,7,,
열하일기,관내정사,4,479,則鄭君之以謙,6,,
열하일기,관내정사,4,480,玄爲胡人,4,,
열하일기,관내정사,4,481,無足恠也,4,,
열하일기,관내정사,4,482,鄭君漢語甚艱,6,,
열하일기,관내정사,4,483,且齒豁,3,,
열하일기,관내정사,4,484,偏嗜炒鷄卵,5,,
열하일기,관내정사,4,485,入,1,,
열하일기,관내정사,4,486,柵以後,3,,
열하일기,관내정사,4,487,所肄漢語,4,,
열하일기,관내정사,4,488,只是炒卵,4,,
열하일기,관내정사,4,489,猶患出口齟齬,6,,
열하일기,관내정사,4,490,入耳聽瑩,4,,
열하일기,관내정사,4,491,故到處向人,5,,
열하일기,관내정사,4,492,輒呼炒卵二字,6,,Y
열하일기,관내정사,4,493,以試其舌頭利澀,7,利,Y
열하일기,관내정사,4,494,因此號鄭爲炒卵公,8,,Y
열하일기,관내정사,4,495,我東優戱爲假面,7,,
열하일기,관내정사,4,496,稱俏亂,3,,
열하일기,관내정사,4,497,方音與炒卵相似,7,,
열하일기,관내정사,4,498,主人卽去,4,,
열하일기,관내정사,4,499,爲炒一盤而來,6,,
열하일기,관내정사,4,500,迹涉討食,4,,
열하일기,관내정사,4,501,相與大笑,4,,
열하일기,관내정사,4,502,備說其由,4,,Y
열하일기,관내정사,4,503,欲贈其價,4,價,Y
열하일기,관내정사,4,504,主人大慚曰,5,,Y
열하일기,관내정사,4,505,此非酒飯店,5,,
열하일기,관내정사,4,506,頗有怒色,4,,
열하일기,관내정사,4,507,余遂略按畵傍別號,8,,
열하일기,관내정사,4,508,錄其姓名以,5,,
열하일기,관내정사,4,509,謝之,2,,
열하일기,관내정사,6,1,二鳥和鳴圖,5,,
열하일기,관내정사,6,2,冲菴金凈字元冲,7,,
열하일기,관내정사,6,3,明嘉靖時人,5,,
열하일기,관내정사,7,1,寒林臥牛圖,5,,
열하일기,관내정사,7,2,金埴,2,,
열하일기,관내정사,8,1,石上焚香圖,5,,
열하일기,관내정사,8,2,李慶胤鶴林正,6,,
열하일기,관내정사,9,1,綠竹圖灘隱,5,,
열하일기,관내정사,9,2,李霆字仲燮,5,,
열하일기,관내정사,9,3,石陽正,3,,
열하일기,관내정사,9,4,益州君枝子也,6,,
열하일기,관내정사,10,1,墨竹圖,3,,
열하일기,관내정사,10,2,上,1,,
열하일기,관내정사,11,1,蘆鴈圖,3,,
열하일기,관내정사,11,2,李澄字子涵,5,,
열하일기,관내정사,11,3,號虗舟齋,4,,
열하일기,관내정사,11,4,鶴林子也,4,,
열하일기,관내정사,12,1,老仙結綦圖蓮潭,7,,
열하일기,관내정사,12,2,金鳴國明天啓間人,8,,
열하일기,관내정사,13,1,烟江曉天圖,5,,
열하일기,관내정사,14,1,臨池寫字圖恭齋,7,,
열하일기,관내정사,14,2,尹斗緖字孝彥,6,,
열하일기,관내정사,14,3,康煕中人,4,,
열하일기,관내정사,15,1,春山登臨圖謙齋,7,,
열하일기,관내정사,15,2,鄭敾字元伯,5,,
열하일기,관내정사,15,3,康煕乾隆間人,6,,
열하일기,관내정사,15,4,年八十餘,4,,
열하일기,관내정사,15,5,眼掛數重鏡,5,,
열하일기,관내정사,15,6,燭下作細畵,5,,
열하일기,관내정사,15,7,不錯毫髮,4,,
열하일기,관내정사,16,1,山水圖,3,,
열하일기,관내정사,16,2,四幅謙齋,4,,
열하일기,관내정사,17,1,四時圖,3,,
열하일기,관내정사,17,2,八幅謙齋,4,,
열하일기,관내정사,18,1,大隱巖圖,4,,
열하일기,관내정사,18,2,謙齋以上,4,,
열하일기,관내정사,18,3,並有鄭敾元伯小印,8,,
열하일기,관내정사,19,1,扶杖臨水圖宗甫,7,,
열하일기,관내정사,19,2,趙榮祏字宗間,6,,
열하일기,관내정사,19,3,號觀我齋,4,,
열하일기,관내정사,19,4,康煕乾隆甫人也,7,,
열하일기,관내정사,20,1,渡頭喚舟圖眞宰,7,,
열하일기,관내정사,20,2,金允謙字克讓,6,,
열하일기,관내정사,20,3,康煕乾隆間人,6,,
열하일기,관내정사,21,1,金剛山圖玄齋,6,,
열하일기,관내정사,21,2,沈師正字頤叔,6,,
열하일기,관내정사,21,3,康煕乾隆間人,6,,
열하일기,관내정사,22,1,草蟲花鳥圖,5,,
열하일기,관내정사,22,2,八幅玄齋並有姓名字私印,11,,
열하일기,관내정사,22,3,玄齋小印,4,,
열하일기,관내정사,23,1,深樹老屋圖駱西,7,,
열하일기,관내정사,23,2,尹德煕字敬伯,6,,
열하일기,관내정사,23,3,恭齋子,3,,
열하일기,관내정사,24,1,白馬,2,,
열하일기,관내정사,25,1,群馬圖,3,,
열하일기,관내정사,26,1,八駿圖,3,,
열하일기,관내정사,27,1,春池洗馬圖,5,,
열하일기,관내정사,28,1,刷馬圖,3,,
열하일기,관내정사,28,2,以上,2,,
열하일기,관내정사,28,3,並有駱西姓名私印及駱西小印,13,,
열하일기,관내정사,29,1,霧中睡竹圖岫雲,7,,
열하일기,관내정사,29,2,柳德章有峀雲私印,8,,
열하일기,관내정사,30,1,雪竹圖,3,,
열하일기,관내정사,30,2,有峀雲字,4,,
열하일기,관내정사,30,3,並有峀雲印,5,,
열하일기,관내정사,31,1,釖仙圖麟祥,5,,
열하일기,관내정사,31,2,李麟祥字元靈,6,,
열하일기,관내정사,31,3,號凌壺觀,4,,
열하일기,관내정사,31,4,有姓名印,4,,
열하일기,관내정사,32,1,松石圖元靈,5,,
열하일기,관내정사,32,2,有麟祥印,4,,
열하일기,관내정사,32,3,己未三月三日小識,8,,
열하일기,관내정사,33,1,蘭竹圖豹菴,5,,
열하일기,관내정사,33,2,姜世晃字光之,6,,
열하일기,관내정사,33,3,有豹菴光之印,6,,
열하일기,관내정사,34,1,墨竹圖,3,,
열하일기,관내정사,34,2,上,1,,
열하일기,관내정사,35,1,秋江晩泛圖烟客,7,,
열하일기,관내정사,35,2,許佖字汝正,5,,
열하일기,관내정사,35,3,有烟客小印,5,,
열하일기,관내정사,36,1,二十六日壬寅,6,,
열하일기,관내정사,36,2,晴,1,,
열하일기,관내정사,36,3,午後大風雷雨,6,,
열하일기,관내정사,36,4,卽止,2,,
열하일기,관내정사,36,5,自永平府至靑龍河一里,10,,
열하일기,관내정사,36,6,南墟庄二里,5,,
열하일기,관내정사,36,7,鴨子河七里,5,,
열하일기,관내정사,36,8,范家店三,4,,
열하일기,관내정사,36,9,里,1,,
열하일기,관내정사,36,10,灤河二里,4,,
열하일기,관내정사,36,11,夷齊廟一里,5,,
열하일기,관내정사,36,12,共十六里,4,,
열하일기,관내정사,36,13,中火,2,,
열하일기,관내정사,36,14,自夷齊廟至望夫臺五里,10,,
열하일기,관내정사,36,15,安河店八里,5,,
열하일기,관내정사,36,16,赤紅舖七里,5,,
열하일기,관내정사,36,17,野鷄,2,,
열하일기,관내정사,36,18,坨五里,3,,
열하일기,관내정사,36,19,沙河堡八里,5,,
열하일기,관내정사,36,20,棗塲十里,4,,
열하일기,관내정사,36,21,沙河驛二里,5,,
열하일기,관내정사,36,22,共四十五里,5,,
열하일기,관내정사,36,23,是日通行六十一里,8,,
열하일기,관내정사,36,24,宿驛城外,4,,
열하일기,관내정사,36,25,朝發永平府,5,,
열하일기,관내정사,36,26,朝氣微凉,4,,
열하일기,관내정사,36,27,城外臨水開市,6,,Y
열하일기,관내정사,36,28,百貨塡咽,4,貨,Y
열하일기,관내정사,36,29,車馬縱橫,4,,Y
열하일기,관내정사,36,30,自入市中,4,,Y
열하일기,관내정사,36,31,買兩個蘋果,5,買,Y
열하일기,관내정사,36,32,傍有擔籠者,5,,Y
열하일기,관내정사,36,33,開籠出水晶盒五,7,,
열하일기,관내정사,36,34,個,1,,
열하일기,관내정사,36,35,各貯一蛇,4,,
열하일기,관내정사,36,36,蛇皆盤結,4,,
열하일기,관내정사,36,37,正中出頭,4,,
열하일기,관내정사,36,38,如鼎盖之有鈕,6,,
열하일기,관내정사,36,39,兩目光瑩,4,,
열하일기,관내정사,36,40,烏蛇一,3,,
열하일기,관내정사,36,41,白蛇一,3,,
열하일기,관내정사,36,42,綠蛇二,3,,
열하일기,관내정사,36,43,赤蛇一,3,,
열하일기,관내정사,36,44,皆從,2,,
열하일기,관내정사,36,45,盒外透看,4,,
열하일기,관내정사,36,46,而難辨其薨活,6,,
열하일기,관내정사,36,47,問之則所對糢糊,7,,
열하일기,관내정사,36,48,大抵用之惡瘡,6,,
열하일기,관내정사,36,49,則有奇效云,5,,
열하일기,관내정사,36,50,又有弄鼠弄兎弄熊諸戱,10,,
열하일기,관내정사,36,51,皆,1,,
열하일기,관내정사,36,52,丐子也,3,,
열하일기,관내정사,36,53,熊大如狗,4,,
열하일기,관내정사,36,54,舞釖舞槍,4,,
열하일기,관내정사,36,55,人立而行,4,,
열하일기,관내정사,36,56,拜跪叩頭,4,,
열하일기,관내정사,36,57,隨人指使,4,,
열하일기,관내정사,36,58,而形甚醜惡,5,,
열하일기,관내정사,36,59,其蹺捷亦不能如猿兎鼠之,11,,
열하일기,관내정사,36,60,戱尤巧,3,,
열하일기,관내정사,36,61,曲解人意,4,,
열하일기,관내정사,36,62,而行忙不得詳觀,7,,
열하일기,관내정사,36,63,道士二人,4,,
열하일기,관내정사,36,64,道童一人,4,,
열하일기,관내정사,36,65,行乞于市,4,,
열하일기,관내정사,36,66,雲冠霞帶,4,,
열하일기,관내정사,36,67,眉目雅麗,4,,
열하일기,관내정사,36,68,而手搖鈴,4,,
열하일기,관내정사,36,69,杵,1,,
열하일기,관내정사,36,70,口誦咒籙,4,,
열하일기,관내정사,36,71,擧止恠妄,4,,
열하일기,관내정사,36,72,人鬼之間,4,,
열하일기,관내정사,36,73,三女方束裝跑馬,7,,
열하일기,관내정사,36,74,舟渡靑龍河,5,,
열하일기,관내정사,36,75,灤河,2,,
열하일기,관내정사,36,76,別有夷齊廟記,6,,
열하일기,관내정사,36,77,灤河泛舟記,5,,
열하일기,관내정사,36,78,孤竹城記,4,,
열하일기,관내정사,36,79,自夷齊廟先發,6,,
열하일기,관내정사,36,80,未及野鷄坨數里,7,,
열하일기,관내정사,36,81,天氣暴烘,4,,
열하일기,관내정사,36,82,無一點氛埃,5,,
열하일기,관내정사,36,83,與盧,2,,
열하일기,관내정사,36,84,鄭,1,,
열하일기,관내정사,36,85,周,1,,
열하일기,관내정사,36,86,卞後先行語,5,,
열하일기,관내정사,36,87,手背忽,3,,
열하일기,관내정사,36,88,落一鍾冷水,5,,
열하일기,관내정사,36,89,心骨俱凄,4,,
열하일기,관내정사,36,90,四顧無潑水者,6,,
열하일기,관내정사,36,91,又有拳大水塊,6,,
열하일기,관내정사,36,92,下打昌大帽簷,6,,
열하일기,관내정사,36,93,其聲宕,3,,
열하일기,관내정사,36,94,又墮盧笠,4,,
열하일기,관내정사,36,95,皆擡頭視天,5,,
열하일기,관내정사,36,96,日傍有片雲,5,,
열하일기,관내정사,36,97,小如碁子,4,,
열하일기,관내정사,36,98,殷殷作碾磨聲,6,,
열하일기,관내정사,36,99,俄傾四面野際,6,,
열하일기,관내정사,36,100,各起小雲如烏頭,7,,
열하일기,관내정사,36,101,其色甚毒,4,,
열하일기,관내정사,36,102,日傍黑雲,4,,
열하일기,관내정사,36,103,已掩半,3,,
열하일기,관내정사,36,104,輪,1,,
열하일기,관내정사,36,105,一條白光閃過柳樹,8,,
열하일기,관내정사,36,106,少焉日隱雲中,6,,
열하일기,관내정사,36,107,雲中迭響,4,,
열하일기,관내정사,36,108,如推碁局,4,,
열하일기,관내정사,36,109,如裂帛,3,,
열하일기,관내정사,36,110,萬柳沉沉,4,,
열하일기,관내정사,36,111,葉葉縈電,4,,
열하일기,관내정사,36,112,一齊促鞭,4,,
열하일기,관내정사,36,113,而行,2,,
열하일기,관내정사,36,114,背後萬車爭驅,6,,
열하일기,관내정사,36,115,山狂野顚,4,,
열하일기,관내정사,36,116,樹怒木酗,4,,
열하일기,관내정사,36,117,從者手脚忙亂,6,,
열하일기,관내정사,36,118,急出油具,4,,
열하일기,관내정사,36,119,堅不脫帒,4,,
열하일기,관내정사,36,120,雨師風伯,4,,
열하일기,관내정사,36,121,雷公電母,4,,
열하일기,관내정사,36,122,橫馳並騖,4,,
열하일기,관내정사,36,123,不辨咫尺,4,,
열하일기,관내정사,36,124,馬皆股栗,4,,
열하일기,관내정사,36,125,人皆氣急,4,,
열하일기,관내정사,36,126,遂聚馬首,4,,
열하일기,관내정사,36,127,環圍而立,4,,
열하일기,관내정사,36,128,從者皆匿面馬鬣下,8,,
열하일기,관내정사,36,129,時於電光中,5,,
열하일기,관내정사,36,130,見,1,,
열하일기,관내정사,36,131,盧君,2,,
열하일기,관내정사,36,132,寒戰搐搦,4,,
열하일기,관내정사,36,133,緊閉兩目,4,,Y
열하일기,관내정사,36,134,氣息將絶,4,息,Y
열하일기,관내정사,36,135,少焉風雨小歇,6,,Y
열하일기,관내정사,36,136,面面相視,4,,
열하일기,관내정사,36,137,皆無人色,4,,
열하일기,관내정사,36,138,始見兩沿廬舍,6,,
열하일기,관내정사,36,139,不過四五,4,,
열하일기,관내정사,36,140,十步,2,,
열하일기,관내정사,36,141,而方其雨時,5,,
열하일기,관내정사,36,142,不知避焉,4,,
열하일기,관내정사,36,143,諸人曰,3,,
열하일기,관내정사,36,144,差遲半刻,4,,
열하일기,관내정사,36,145,則幾乎窒死,5,,
열하일기,관내정사,36,146,遂入店中小憩,6,,
열하일기,관내정사,36,147,雨快霽,3,,
열하일기,관내정사,36,148,風日淸麗,4,,
열하일기,관내정사,36,149,小飮,2,,
열하일기,관내정사,36,150,卽發,2,,
열하일기,관내정사,36,151,路値副使,4,,
열하일기,관내정사,36,152,問避雨何處,5,,
열하일기,관내정사,36,153,副使曰,3,,
열하일기,관내정사,36,154,轎牕爲風所落,6,,
열하일기,관내정사,36,155,雨脚橫打,4,,
열하일기,관내정사,36,156,無異露立,4,,
열하일기,관내정사,36,157,雨點之大,4,,
열하일기,관내정사,36,158,幾如酒鉢,4,,
열하일기,관내정사,36,159,大國,2,,
열하일기,관내정사,36,160,雨點,2,,
열하일기,관내정사,36,161,亦可畏也,4,,
열하일기,관내정사,36,162,余謂季涵曰,5,,
열하일기,관내정사,36,163,吾今日,3,,
열하일기,관내정사,36,164,益不信史傳也,6,,
열하일기,관내정사,36,165,鄭進士鞭馬出前而問曰,10,,
열하일기,관내정사,36,166,何謂也,3,,
열하일기,관내정사,36,167,余曰,2,,
열하일기,관내정사,36,168,項羽喑,3,,
열하일기,관내정사,36,169,啞叱咜,3,,
열하일기,관내정사,36,170,何如雷霆之聲,6,,
열하일기,관내정사,36,171,史記言赤泉侯人馬,8,,
열하일기,관내정사,36,172,辟易數里,4,,
열하일기,관내정사,36,173,此妄也,3,,
열하일기,관내정사,36,174,項羽雖瞋目,5,,
열하일기,관내정사,36,175,不如電光,4,,
열하일기,관내정사,36,176,則呂馬童墮馬,6,,
열하일기,관내정사,36,177,尤非傳信,4,,
열하일기,관내정사,36,178,皆大笑,3,,
열하일기,관내정사,38,1,灤河之上有小阜,7,,
열하일기,관내정사,38,2,曰首陽山,4,,
열하일기,관내정사,38,3,山之北有小郭,6,,
열하일기,관내정사,38,4,曰孤竹城,4,,
열하일기,관내정사,38,5,城門之題曰賢人舊里,9,,
열하일기,관내정사,38,6,門之右碑曰孝子忠臣,9,,
열하일기,관내정사,38,7,左碑曰至今稱聖,7,,
열하일기,관내정사,38,8,廟門有碑曰天地綱常,9,,
열하일기,관내정사,38,9,門之南有碑曰古今師表,10,,
열하일기,관내정사,38,10,門上有扁曰上古逸民,9,,
열하일기,관내정사,38,11,門內有三碑,5,,
열하일기,관내정사,38,12,庭中有二碑,5,,
열하일기,관내정사,38,13,階上左右,4,,
열하일기,관내정사,38,14,有四碑,3,,
열하일기,관내정사,38,15,皆明淸御製也,6,,
열하일기,관내정사,38,16,庭有古松數十株,7,,
열하일기,관내정사,38,17,繚階白石欄,5,,
열하일기,관내정사,38,18,中有大殿曰古賢人殿,9,,
열하일기,관내정사,38,19,殿中袞冕正圭而立者,9,,
열하일기,관내정사,38,20,伯夷叔齊也,5,,
열하일기,관내정사,38,21,殿門題曰百世之師,8,,
열하일기,관내정사,38,22,殿內大書萬世標準者,9,,
열하일기,관내정사,38,23,康煕帝筆也,5,,
열하일기,관내정사,38,24,又曰,2,,
열하일기,관내정사,38,25,倫,1,,
열하일기,관내정사,38,26,常師範者,4,,
열하일기,관내정사,38,27,雍正帝筆也,5,,
열하일기,관내정사,38,28,殿中寶器,4,,
열하일기,관내정사,38,29,多萬曆時物也,6,,
열하일기,관내정사,38,30,柱聯曰,3,,
열하일기,관내정사,38,31,求仁得仁萬古淸風孤竹國,11,,
열하일기,관내정사,38,32,以暴易暴千秋,6,,
열하일기,관내정사,38,33,孤節首陽山,5,,
열하일기,관내정사,38,34,中庭有兩門,5,,
열하일기,관내정사,38,35,東曰廉頑,4,,
열하일기,관내정사,38,36,西曰立懦,4,,
열하일기,관내정사,38,37,有兩小門,4,,
열하일기,관내정사,38,38,左曰盥薦,4,,
열하일기,관내정사,38,39,右曰齊明,4,,
열하일기,관내정사,38,40,出其門,3,,
열하일기,관내정사,38,41,有堂曰揖遜,5,,
열하일기,관내정사,38,42,有碑,2,,
열하일기,관내정사,38,43,乃成化中所建也,7,,
열하일기,관내정사,38,44,碑後有臺,4,,
열하일기,관내정사,38,45,曰淸風,3,,
열하일기,관내정사,38,46,有兩門,3,,
열하일기,관내정사,38,47,一題曰高蹈風塵,7,,
열하일기,관내정사,38,48,一題曰大觀寰宇,7,,
열하일기,관내정사,38,49,臺上有閣,4,,
열하일기,관내정사,38,50,曰,1,,
열하일기,관내정사,38,51,在水之湄,4,,
열하일기,관내정사,38,52,柱聯曰山如仁者靜,8,,
열하일기,관내정사,38,53,風似聖之淸,5,,
열하일기,관내정사,38,54,又曰,2,,
열하일기,관내정사,38,55,佳水佳山孤竹國,7,,
열하일기,관내정사,38,56,難兄難弟古聖人,7,,
열하일기,관내정사,38,57,臺上有兩門,5,,
열하일기,관내정사,38,58,一,1,,
열하일기,관내정사,38,59,題曰百代山斗,6,,
열하일기,관내정사,38,60,一題曰萬古雲霄,7,,
열하일기,관내정사,38,61,皇明憲宗純皇帝時,8,,
열하일기,관내정사,38,62,贈伯夷曰昭義淸惠公,9,,
열하일기,관내정사,38,63,贈叔齊曰崇讓仁惠公,9,,
열하일기,관내정사,38,64,中,1,,
열하일기,관내정사,38,65,國之稱首陽山,6,,
열하일기,관내정사,38,66,有五處,3,,
열하일기,관내정사,38,67,河東蒲坂,4,,
열하일기,관내정사,38,68,華山之北,4,,
열하일기,관내정사,38,69,河曲之中,4,,
열하일기,관내정사,38,70,有山曰首陽,5,,
열하일기,관내정사,38,71,或云在隴西,5,,
열하일기,관내정사,38,72,或云在洛陽東北,7,,
열하일기,관내정사,38,73,又偃師西北有夷齊廟,9,,
열하일기,관내정사,38,74,或云遼陽,4,,
열하일기,관내정사,38,75,有首陽山,4,,
열하일기,관내정사,38,76,雜出於傳記,5,,
열하일기,관내정사,38,77,而孟子曰,4,,
열하일기,관내정사,38,78,伯夷避紂居北海之濱,9,,
열하일기,관내정사,38,79,我國海州,4,,
열하일기,관내정사,38,80,亦有首陽山,5,,
열하일기,관내정사,38,81,以祠夷齊,4,,
열하일기,관내정사,38,82,而天下之所不識也,8,,
열하일기,관내정사,38,83,余謂箕子東出朝鮮者,9,,
열하일기,관내정사,38,84,不欲居周五服之內,8,,
열하일기,관내정사,38,85,而伯夷義不食,6,,
열하일기,관내정사,38,86,周粟,2,,
열하일기,관내정사,38,87,則或隨箕子而來,7,,
열하일기,관내정사,38,88,箕子都平壤,5,,
열하일기,관내정사,38,89,夷齊居海州歟,6,,
열하일기,관내정사,38,90,我東野言稱大連小連海州人,12,,
열하일기,관내정사,38,91,此何所攷焉,5,,
열하일기,관내정사,38,92,門牆,2,,
열하일기,관내정사,38,93,列刻唐宋歷代致祭之文,10,,
열하일기,관내정사,38,94,廟之在永平久矣,7,,
열하일기,관내정사,38,95,或曰,2,,
열하일기,관내정사,38,96,洪武初,3,,
열하일기,관내정사,38,97,移建于府城東北阿,8,,
열하일기,관내정사,38,98,景泰中,3,,
열하일기,관내정사,38,99,復建于此云,5,,
열하일기,관내정사,38,100,有,1,,
열하일기,관내정사,38,101,行宮,2,,
열하일기,관내정사,38,102,制如姜女北鎭諸宮,8,,
열하일기,관내정사,38,103,而守者禁之,5,,
열하일기,관내정사,38,104,不可見矣,4,,
열하일기,관내정사,40,1,灤河出長城北開平東南,10,,
열하일기,관내정사,40,2,流經遷安縣界,6,,
열하일기,관내정사,40,3,至盧龍塞,4,,
열하일기,관내정사,40,4,合漆河,3,,
열하일기,관내정사,40,5,又南至樂亭縣,6,,
열하일기,관내정사,40,6,入于海,3,,
열하일기,관내정사,40,7,遼東西以河名者,7,,
열하일기,관내정사,40,8,皆濁,2,,
열하일기,관내정사,40,9,獨灤河,3,,
열하일기,관내정사,40,10,至孤竹祠下,5,,
열하일기,관내정사,40,11,渟滀爲湖,4,,
열하일기,관내정사,40,12,其色如鏡,4,,
열하일기,관내정사,40,13,孤竹城在永平府南十餘里,11,,
열하일기,관내정사,40,14,後漢郡國志曰,6,,
열하일기,관내정사,40,15,右北平令,4,,
열하일기,관내정사,40,16,支,1,,
열하일기,관내정사,40,17,有孤竹城,4,,
열하일기,관내정사,40,18,注曰,2,,
열하일기,관내정사,40,19,伯夷叔齊本國也,7,,
열하일기,관내정사,40,20,河之南岸,4,,
열하일기,관내정사,40,21,削壁斗起,4,,
열하일기,관내정사,40,22,其上有淸風樓,6,,
열하일기,관내정사,40,23,樓下河水益淸,6,,
열하일기,관내정사,40,24,河中有小,4,,
열하일기,관내정사,40,25,嶼,1,,
열하일기,관내정사,40,26,嶼中疊石如屛,6,,
열하일기,관내정사,40,27,屛前有孤竹君之祠,8,,
열하일기,관내정사,40,28,泛舟祠下,4,,
열하일기,관내정사,40,29,水明沙白,4,,
열하일기,관내정사,40,30,野濶樹遠,4,,
열하일기,관내정사,40,31,臨河數十戶,5,,
열하일기,관내정사,40,32,皆影寫湖中,5,,
열하일기,관내정사,40,33,漁,1,,
열하일기,관내정사,40,34,艇三四,3,,
열하일기,관내정사,40,35,方設網祠下,5,,
열하일기,관내정사,40,36,溯河而上,4,,
열하일기,관내정사,40,37,中流有五六丈石峯,8,,
열하일기,관내정사,40,38,名砥柱,3,,
열하일기,관내정사,40,39,奇巖恠石,4,,
열하일기,관내정사,40,40,環柱攢立,4,,
열하일기,관내정사,40,41,鵁鶄鸂,3,,
열하일기,관내정사,40,42,數十輩,3,,
열하일기,관내정사,40,43,列,1,,
열하일기,관내정사,40,44,坐沙中,3,,
열하일기,관내정사,40,45,方刷羽,3,,
열하일기,관내정사,40,46,同舟者顧而樂之曰,8,,
열하일기,관내정사,40,47,江山如畵,4,,
열하일기,관내정사,40,48,余曰,2,,
열하일기,관내정사,40,49,君不知江山,5,,
열하일기,관내정사,40,50,亦不知畵圖,5,,
열하일기,관내정사,40,51,江山出於畵圖乎,7,,
열하일기,관내정사,40,52,畵,1,,
열하일기,관내정사,40,53,圖出於江山乎,6,,
열하일기,관내정사,40,54,故凡言似如類肖若者,9,,
열하일기,관내정사,40,55,諭同之辭也,5,,
열하일기,관내정사,40,56,然而以似諭似者,7,,
열하일기,관내정사,40,57,似似而非似也,6,,
열하일기,관내정사,40,58,昔人稱江瑤柱,6,,
열하일기,관내정사,40,59,似荔支,3,,
열하일기,관내정사,40,60,西湖似西子,5,,
열하일기,관내정사,40,61,有愚人者,4,,
열하일기,관내정사,40,62,復曰淡菜似龍眼,7,,Y
열하일기,관내정사,40,63,錢塘似飛燕,5,錢,Y
열하일기,관내정사,40,64,何如爾哉,4,,Y
열하일기,관내정사,42,1,永平府南行十數里,8,,
열하일기,관내정사,42,2,斷隴露石,4,,
열하일기,관내정사,42,3,睨而視之,4,,
열하일기,관내정사,42,4,其色白,3,,
열하일기,관내정사,42,5,其下有碑曰,5,,
열하일기,관내정사,42,6,漢飛將軍射虎處,7,,
열하일기,관내정사,42,7,淸乾隆四十五年秋,8,,
열하일기,관내정사,42,8,七月二十六日,6,,
열하일기,관내정사,42,9,朝鮮人某某觀,6,,
열하일기,관내정사,43,1,二十七日癸卯,6,,
열하일기,관내정사,43,2,晴,1,,
열하일기,관내정사,43,3,朝乍凉,3,,
열하일기,관내정사,43,4,午極熱,3,,
열하일기,관내정사,43,5,自沙河驛至紅廟五里,9,,
열하일기,관내정사,43,6,馬舖營五里,5,,
열하일기,관내정사,43,7,七家嶺五里,5,,
열하일기,관내정사,43,8,新店舖五里,5,,
열하일기,관내정사,43,9,乾,1,,
열하일기,관내정사,43,10,草河五里,4,,
열하일기,관내정사,43,11,王家店五里,5,,
열하일기,관내정사,43,12,張家庄五里,5,,
열하일기,관내정사,43,13,蓮花池十里,5,,
열하일기,관내정사,43,14,榛子店五里,5,,
열하일기,관내정사,43,15,共五十里,4,,
열하일기,관내정사,43,16,中火,2,,
열하일기,관내정사,43,17,自榛子店至烟墩山十,9,,
열하일기,관내정사,43,18,里,1,,
열하일기,관내정사,43,19,白草窪六里,5,,
열하일기,관내정사,43,20,鐵城坎四里,5,,
열하일기,관내정사,43,21,牛欄山舖四里,6,,
열하일기,관내정사,43,22,板橋六里,4,,
열하일기,관내정사,43,23,豊潤縣二十里,6,,
열하일기,관내정사,43,24,共五十里,4,,
열하일기,관내정사,43,25,是日通行百里,6,,
열하일기,관내정사,43,26,宿,1,,
열하일기,관내정사,43,27,豐潤城外,4,,
열하일기,관내정사,43,28,昨日夷齊廟,5,,
열하일기,관내정사,43,29,中火時,3,,
열하일기,관내정사,43,30,爲供薇鷄之蒸,6,,
열하일기,관내정사,43,31,味甚佳,3,,
열하일기,관내정사,43,32,沿道失口者久矣,7,,
열하일기,관내정사,43,33,忽逢佳味,4,,
열하일기,관내정사,43,34,欣然適口,4,,
열하일기,관내정사,43,35,爲之,2,,
열하일기,관내정사,43,36,一飽,2,,
열하일기,관내정사,43,37,不識其舊例也,6,,
열하일기,관내정사,43,38,路値急雨,4,,
열하일기,관내정사,43,39,外寒內壅,4,,
열하일기,관내정사,43,40,所食未化,4,,
열하일기,관내정사,43,41,滯在胷間,4,,
열하일기,관내정사,43,42,一噫則薇臭衝喉,7,,
열하일기,관내정사,43,43,遂服薑茶,4,,
열하일기,관내정사,43,44,中猶未,3,,
열하일기,관내정사,43,45,平,1,,
열하일기,관내정사,43,46,問方秋非時,5,,
열하일기,관내정사,43,47,廚房薇蕨,4,,
열하일기,관내정사,43,48,何從生得,4,,
열하일기,관내정사,43,49,左右曰,3,,
열하일기,관내정사,43,50,夷齊廟,3,,
열하일기,관내정사,43,51,例爲中火站,5,,
열하일기,관내정사,43,52,必供薇蕨,4,,
열하일기,관내정사,43,53,無論四時,4,,
열하일기,관내정사,43,54,廚房自我國,5,,
열하일기,관내정사,43,55,持乾薇而來,5,,
열하일기,관내정사,43,56,至此爲羹,4,,
열하일기,관내정사,43,57,以供一行,4,,
열하일기,관내정사,43,58,此故事也,4,,
열하일기,관내정사,43,59,十數年前,4,,
열하일기,관내정사,43,60,乾糧廳忘未持來,7,,
열하일기,관내정사,43,61,至此闕供,4,,
열하일기,관내정사,43,62,其時乾糧官,5,,
열하일기,관내정사,43,63,爲,1,,
열하일기,관내정사,43,64,書狀所棍,4,,
열하일기,관내정사,43,65,臨河痛哭曰,5,,
열하일기,관내정사,43,66,伯夷叔齊,4,,
열하일기,관내정사,43,67,伯夷叔齊,4,,
열하일기,관내정사,43,68,與我何讎,4,,
열하일기,관내정사,43,69,與我何讐,4,,
열하일기,관내정사,43,70,以小人愚見,5,,
열하일기,관내정사,43,71,薇蕨不如魚肉,6,,
열하일기,관내정사,43,72,聞伯,2,,
열하일기,관내정사,43,73,夷等採薇而食,6,,
열하일기,관내정사,43,74,乃餓死云,4,,
열하일기,관내정사,43,75,薇蕨眞殺人之毒物也,9,,
열하일기,관내정사,43,76,諸人者皆大笑,6,,
열하일기,관내정사,43,77,太輝者,3,,
열하일기,관내정사,43,78,盧參奉馬頭也,6,,
열하일기,관내정사,43,79,初行,2,,
열하일기,관내정사,43,80,爲人輕,3,,
열하일기,관내정사,43,81,妄,1,,
열하일기,관내정사,43,82,行過棗庄,4,,
열하일기,관내정사,43,83,棗樹爲風雨所折倒垂墻外,11,,
열하일기,관내정사,43,84,太輝摘啖其靑實,7,,
열하일기,관내정사,43,85,腹痛,2,,
열하일기,관내정사,43,86,暴泄不止,4,,
열하일기,관내정사,43,87,方虗煩悶渴,5,,
열하일기,관내정사,43,88,及聞薇毒殺,5,,
열하일기,관내정사,43,89,人,1,,
열하일기,관내정사,43,90,乃大聲呼慟曰,6,,
열하일기,관내정사,43,91,伯夷熟菜殺人,6,,
열하일기,관내정사,43,92,伯夷熟菜殺人,6,,
열하일기,관내정사,43,93,叔齊與熟菜音相近,8,,
열하일기,관내정사,43,94,一堂哄笑,4,,
열하일기,관내정사,43,95,余居白門時,5,,
열하일기,관내정사,43,96,爲崇禎,3,,
열하일기,관내정사,43,97,紀元後一百三十七年三周甲申也,14,,
열하일기,관내정사,43,98,三月十九日,5,,
열하일기,관내정사,43,99,乃毅宗烈皇帝殉社之日,10,,
열하일기,관내정사,43,100,鄕先生與同閈冠童數十人,11,,
열하일기,관내정사,43,101,詣城西宋氏之僦屋,8,,
열하일기,관내정사,43,102,拜尤菴宋先生之遺像,9,,
열하일기,관내정사,43,103,出貂裘撫之,5,,
열하일기,관내정사,43,104,慷慨有流涕者,6,,
열하일기,관내정사,43,105,還至城下,4,,
열하일기,관내정사,43,106,搤腕西向而呼曰胡,8,,
열하일기,관내정사,43,107,鄕先生爲旅酬,6,,
열하일기,관내정사,43,108,設薇蕨之菜,5,,
열하일기,관내정사,43,109,時禁酒以蜜水代酒,8,,
열하일기,관내정사,43,110,盛畵瓷盆,4,,
열하일기,관내정사,43,111,盆之款識曰,5,,
열하일기,관내정사,43,112,大明成化年製,6,,
열하일기,관내정사,43,113,旅酬者,3,,
열하일기,관내정사,43,114,必俯,2,,
열하일기,관내정사,43,115,首視盆中,4,,
열하일기,관내정사,43,116,爲不忘春秋之義也,8,,Y
열하일기,관내정사,43,117,遂相與賦詩,5,賦,Y
열하일기,관내정사,43,118,一童子題之曰,6,,Y
열하일기,관내정사,43,119,武王若敗崩,5,,
열하일기,관내정사,43,120,千載爲紂賊,5,,
열하일기,관내정사,43,121,望乃扶夷去,5,,
열하일기,관내정사,43,122,何,1,,
열하일기,관내정사,43,123,不爲護逆,4,,
열하일기,관내정사,43,124,今日春秋義,5,,
열하일기,관내정사,43,125,胡看爲胡賊,5,,
열하일기,관내정사,43,126,坐者皆大笑,5,,
열하일기,관내정사,43,127,鄕先生憮然爲間曰,8,,
열하일기,관내정사,43,128,兒不可使不早讀春秋,9,,
열하일기,관내정사,43,129,惟其不,3,,
열하일기,관내정사,43,130,早辨,2,,
열하일기,관내정사,43,131,故乃爲此恠談也,7,,Y
열하일기,관내정사,43,132,可賦卽景,4,賦,Y
열하일기,관내정사,43,133,又有一童子題之曰,8,,Y
열하일기,관내정사,43,134,採薇不眞飽,5,,
열하일기,관내정사,43,135,伯夷終餓死,5,,
열하일기,관내정사,43,136,蜜水甘過酒,5,,
열하일기,관내정사,43,137,飮此亡,3,,
열하일기,관내정사,43,138,則寃,2,,
열하일기,관내정사,43,139,鄕先生皺眉曰,6,,
열하일기,관내정사,43,140,又一恠談,4,,
열하일기,관내정사,43,141,一坐皆大笑,5,,
열하일기,관내정사,43,142,至今二十七年,6,,
열하일기,관내정사,43,143,遺老盡矣,4,,
열하일기,관내정사,43,144,復以伯夷之薇,6,,
열하일기,관내정사,43,145,致此紛紜,4,,
열하일기,관내정사,43,146,異,1,,
열하일기,관내정사,43,147,鄕風燈,3,,
열하일기,관내정사,43,148,爲記故事,4,,
열하일기,관내정사,43,149,因失睡,3,,
열하일기,관내정사,43,150,曉發,2,,
열하일기,관내정사,43,151,路逢喪車,4,,
열하일기,관내정사,43,152,柩上置白雄鷄,6,,
열하일기,관내정사,43,153,鷄摶翼而鳴,5,,
열하일기,관내정사,43,154,連逢喪車,4,,
열하일기,관내정사,43,155,皆置鷄以導魂云,7,,
열하일기,관내정사,43,156,道傍有池,4,,
열하일기,관내정사,43,157,方數百畆,4,,
열하일기,관내정사,43,158,蓮花已落,4,,
열하일기,관내정사,43,159,居人各乘小艇,6,,
열하일기,관내정사,43,160,採藻芡蘋藕之物,7,,
열하일기,관내정사,43,161,有驅猪數千頭而去者,9,,
열하일기,관내정사,43,162,其驅策之法,5,,
열하일기,관내정사,43,163,如牧馬牛,4,,
열하일기,관내정사,43,164,百餘里間,4,,
열하일기,관내정사,43,165,連抱柳樹,4,,
열하일기,관내정사,43,166,拔倒無數,4,,
열하일기,관내정사,43,167,爲昨日風雨所拔也,8,,
열하일기,관내정사,43,168,行至榛子店,5,,
열하일기,관내정사,43,169,此店素號畜娼,6,,
열하일기,관내정사,43,170,康煕嚴禁,4,,
열하일기,관내정사,43,171,天下娼妓,4,,
열하일기,관내정사,43,172,如楊子江板橋等處,8,,
열하일기,관내정사,43,173,娼樓妓舘,4,,
열하일기,관내정사,43,174,鞠爲茂艸,4,,
열하일기,관내정사,43,175,獨此不絶種,5,,
열하일기,관내정사,43,176,謂之養閒的,5,,
열하일기,관내정사,43,177,略有首面,4,,
열하일기,관내정사,43,178,又會彈吹,4,,
열하일기,관내정사,43,179,再鳳與象三,5,,
열하일기,관내정사,43,180,進入後堂,4,,
열하일기,관내정사,43,181,見余微笑而去,6,,
열하일기,관내정사,43,182,余亦會其意,5,,
열하일기,관내정사,43,183,遂潛踵其後,5,,
열하일기,관내정사,43,184,從戶隙視之,5,,
열하일기,관내정사,43,185,象三已摟抱一女而坐,9,,
열하일기,관내정사,43,186,盖有宿面也,5,,
열하일기,관내정사,43,187,有兩少年,4,,
열하일기,관내정사,43,188,對椅彈琵琶,5,,
열하일기,관내정사,43,189,又有一女,4,,
열하일기,관내정사,43,190,對椅口橫鳳笛,6,,
열하일기,관내정사,43,191,鳳咮啣金環,5,,
열하일기,관내정사,43,192,環垂紅色流蘇,6,,
열하일기,관내정사,43,193,再鳳立椅,4,,
열하일기,관내정사,43,194,下,1,,
열하일기,관내정사,43,195,手拊流蘇,4,,
열하일기,관내정사,43,196,又有一女捲簾而出,8,,
열하일기,관내정사,43,197,手持檀板,4,,
열하일기,관내정사,43,198,扶再鳳請坐,5,,
열하일기,관내정사,43,199,再鳳不應,4,,
열하일기,관내정사,43,200,簾裡有一老漢,6,,
열하일기,관내정사,43,201,披簾而立,4,,
열하일기,관내정사,43,202,向再,2,,
열하일기,관내정사,43,203,鳳道好,3,,
열하일기,관내정사,43,204,余遂一聲大咳而唾,8,,
열하일기,관내정사,43,205,堂中皆大驚,5,,
열하일기,관내정사,43,206,象三,2,,
열하일기,관내정사,43,207,再鳳相視而笑,6,,
열하일기,관내정사,43,208,卽起出戶,4,,
열하일기,관내정사,43,209,迎余入看,4,,
열하일기,관내정사,43,210,余戶道好,4,,
열하일기,관내정사,43,211,老,1,,
열하일기,관내정사,43,212,漢及兩少年,5,,
열하일기,관내정사,43,213,齊起含笑答好,6,,
열하일기,관내정사,43,214,三個養閒的,5,,
열하일기,관내정사,43,215,皆稱千福,4,,
열하일기,관내정사,43,216,再鳳指黃襖赤袴女曰,9,,
열하일기,관내정사,43,217,彼名柳絲絲,5,,
열하일기,관내정사,43,218,丙申年過此,5,,
열하일기,관내정사,43,219,時,1,,
열하일기,관내정사,43,220,年二十四,4,,
열하일기,관내정사,43,221,一色,2,,
열하일기,관내정사,43,222,今五年之間,5,,
열하일기,관내정사,43,223,顔色頓改,4,,
열하일기,관내정사,43,224,無可觀,3,,
열하일기,관내정사,43,225,象三曰,3,,
열하일기,관내정사,43,226,柳絲絲,3,,
열하일기,관내정사,43,227,擅名,2,,
열하일기,관내정사,43,228,自十四歲能唱,6,,
열하일기,관내정사,43,229,指黑衣朱,4,,
열하일기,관내정사,43,230,袴女曰,3,,
열하일기,관내정사,43,231,彼名幺靑,4,,
열하일기,관내정사,43,232,年今二十五,5,,
열하일기,관내정사,43,233,自昨年來此,5,,
열하일기,관내정사,43,234,山東女子也,5,,
열하일기,관내정사,43,235,余指黑衣綠袴最少者,9,,
열하일기,관내정사,43,236,象三曰,3,,
열하일기,관내정사,43,237,彼則初見,4,,
열하일기,관내정사,43,238,不知其名字年齒,7,,
열하일기,관내정사,43,239,三妓雖無十分姿色,8,,
열하일기,관내정사,43,240,大約唐畵美人圖中所見也,11,,
열하일기,관내정사,43,241,老漢乃舘主,5,,Y
열하일기,관내정사,43,242,兩少年皆山東客商,8,商,Y
열하일기,관내정사,43,243,余,1,,Y
열하일기,관내정사,43,244,目象三請其彈吹,7,,
열하일기,관내정사,43,245,象三向少年云云,7,,
열하일기,관내정사,43,246,一少年唱,4,,
열하일기,관내정사,43,247,獨幺靑扣檀板,6,,
열하일기,관내정사,43,248,和聲同唱,4,,
열하일기,관내정사,43,249,他妓皆停吹,5,,
열하일기,관내정사,43,250,側耳而聽之,5,,
열하일기,관내정사,43,251,一,1,,
열하일기,관내정사,43,252,少年移坐謂余曰,7,,
열하일기,관내정사,43,253,會否,2,,
열하일기,관내정사,43,254,余曰,2,,
열하일기,관내정사,43,255,不知,2,,
열하일기,관내정사,43,256,少年書示曰,5,,
열하일기,관내정사,43,257,此詞曲喚做鷄生草,8,,
열하일기,관내정사,43,258,其詞曰,3,,
열하일기,관내정사,43,259,前朝出了英雄將,7,,
열하일기,관내정사,43,260,桃源,2,,
열하일기,관내정사,43,261,結義劉關張,5,,
열하일기,관내정사,43,262,他三人請了君師諸葛亮,10,,
열하일기,관내정사,43,263,火燒新野博望屯,7,,
열하일기,관내정사,43,264,炮打上陽城,5,,
열하일기,관내정사,43,265,怨老天旣生瑜又生亮,9,,
열하일기,관내정사,43,266,少年頗解,4,,
열하일기,관내정사,43,267,文字,2,,
열하일기,관내정사,43,268,而面目可憎,5,,
열하일기,관내정사,43,269,自言身是新城人,7,,
열하일기,관내정사,43,270,姓王名龍標,5,,
열하일기,관내정사,43,271,余問君豈非王西樵士祿先生後孫否,15,,
열하일기,관내정사,43,272,答曰,2,,
열하일기,관내정사,43,273,否也,2,,
열하일기,관내정사,43,274,俺,1,,Y
열하일기,관내정사,43,275,是民家做賣買少年,8,買 賣,Y
열하일기,관내정사,43,276,又唱一詞,4,,Y
열하일기,관내정사,43,277,諸妓或皷檀板,6,,
열하일기,관내정사,43,278,或彈琵琶,4,,
열하일기,관내정사,43,279,或吹鳳笛以和之,7,,
열하일기,관내정사,43,280,王龍標問曰,5,,
열하일기,관내정사,43,281,公子會否,4,,
열하일기,관내정사,43,282,余,1,,
열하일기,관내정사,43,283,曰,1,,
열하일기,관내정사,43,284,不會也,3,,
열하일기,관내정사,43,285,此名何詞,4,,
열하일기,관내정사,43,286,龍標書示曰,5,,
열하일기,관내정사,43,287,此曲喚做踏莎行,7,,
열하일기,관내정사,43,288,其詞曰,3,,
열하일기,관내정사,43,289,日月隙駒,4,,
열하일기,관내정사,43,290,塵埃野馬,4,,
열하일기,관내정사,43,291,東流不盡江河瀉,7,,Y
열하일기,관내정사,43,292,向來爭奪名利人,7,利,Y
열하일기,관내정사,43,293,百歲幾個長存者,7,,Y
열하일기,관내정사,43,294,柳絲絲繼唱曰,6,,
열하일기,관내정사,43,295,漁樵冷話,4,,
열하일기,관내정사,43,296,是非不在春秋下,7,,
열하일기,관내정사,43,297,自斟自飮自長吟,7,,
열하일기,관내정사,43,298,不,1,,
열하일기,관내정사,43,299,須贊嘆知音寡,6,,
열하일기,관내정사,43,300,其聲凄絶,4,,
열하일기,관내정사,43,301,黯然銷魂,4,,
열하일기,관내정사,43,302,眞是梁塵自飄,6,,
열하일기,관내정사,43,303,象三復請續唱,6,,
열하일기,관내정사,43,304,絲絲流眼曰,5,,Y
열하일기,관내정사,43,305,買菜乎求益也,6,買,Y
열하일기,관내정사,43,306,其少,2,,Y
열하일기,관내정사,43,307,年自鼓琵琶,5,,
열하일기,관내정사,43,308,勸絲絲續唱,5,,
열하일기,관내정사,43,309,其音尤宛轉窈娜,7,,
열하일기,관내정사,43,310,龍標又書曰,5,,
열하일기,관내정사,43,311,此曲西江月,5,,
열하일기,관내정사,43,312,詞曰,2,,
열하일기,관내정사,43,313,蟪蛄怱怱甲子,6,,
열하일기,관내정사,43,314,蚊,1,,
열하일기,관내정사,43,315,擾擾,2,,
열하일기,관내정사,43,316,山河,2,,
열하일기,관내정사,43,317,疾風暴雨夜來,6,,
열하일기,관내정사,43,318,過轉眼都無一個,7,,
열하일기,관내정사,43,319,幺靑繼唱曰,5,,
열하일기,관내정사,43,320,且盡尊中美酒,6,,
열하일기,관내정사,43,321,閒聽月下高歌,6,,Y
열하일기,관내정사,43,322,功名富貴竟如何,7,富,Y
열하일기,관내정사,43,323,莫問收塲結果,6,,Y
열하일기,관내정사,43,324,音聲頗厲,4,,
열하일기,관내정사,43,325,不如絲絲幽怨,6,,
열하일기,관내정사,43,326,余卽起出,4,,
열하일기,관내정사,43,327,再鳳亦隨出,5,,
열하일기,관내정사,43,328,再鳳言象三,5,,Y
열하일기,관내정사,43,329,給館主銀二兩,6,銀,Y
열하일기,관내정사,43,330,大口魚,3,,Y
열하일기,관내정사,43,331,一尾,2,,
열하일기,관내정사,43,332,扇一柄云,4,,Y
열하일기,관내정사,43,333,尋息菴金公所觀,7,息,Y
열하일기,관내정사,43,334,季文蘭題詩,5,,Y
열하일기,관내정사,43,335,而不可見矣,5,,
열하일기,관내정사,43,336,事見避暑錄,5,,
열하일기,관내정사,43,337,沿路數千里間,6,,
열하일기,관내정사,43,338,婦女語音,4,,
열하일기,관내정사,43,339,盡是燕鶯,4,,
열하일기,관내정사,43,340,絶不聞麤厲之聲,7,,
열하일기,관내정사,43,341,所謂不識家人何處在,9,,
열하일기,관내정사,43,342,隔簾疑是畵眉聲,7,,
열하일기,관내정사,43,343,甞欲一聽其嬌唱,7,,
열하일기,관내정사,43,344,今其所唱詞曲,6,,
열하일기,관내정사,43,345,雖有文理,4,,
열하일기,관내정사,43,346,旣不辨其聲音,6,,
열하일기,관내정사,43,347,又不識其腔調,6,,
열하일기,관내정사,43,348,反不如未聞時爲有餘韻,10,,
열하일기,관내정사,43,349,夕抵豐潤城下,6,,
열하일기,관내정사,43,350,主家後門臨壕而開,8,,
열하일기,관내정사,43,351,門前數株弱柳,6,,
열하일기,관내정사,43,352,正使丁酉春使還時,8,,
열하일기,관내정사,43,353,曾宿此家,4,,
열하일기,관내정사,43,354,與書狀申亨仲,6,,
열하일기,관내정사,43,355,思運,2,,
열하일기,관내정사,43,356,坐柳下穩談云,6,,
열하일기,관내정사,43,357,下轎卽命設席于,7,,
열하일기,관내정사,43,358,後門外,3,,
열하일기,관내정사,43,359,因與諸裨小酌,6,,
열하일기,관내정사,43,360,壕廣十餘步,5,,
열하일기,관내정사,43,361,柳樹陰濃,4,,
열하일기,관내정사,43,362,窣地蘸波,4,,
열하일기,관내정사,43,363,城上有三簷高樓,7,,
열하일기,관내정사,43,364,縹緲雲霄,4,,
열하일기,관내정사,43,365,遂與諸人同入,6,,
열하일기,관내정사,43,366,城登覽,3,,
열하일기,관내정사,43,367,樓名文昌,4,,
열하일기,관내정사,43,368,爲祠文昌星君云,7,,
열하일기,관내정사,43,369,路逢楚人林臯,6,,
열하일기,관내정사,43,370,同往胡逈恒宅,6,,
열하일기,관내정사,43,371,張燈觀次修所書懋宮詩,10,,
열하일기,관내정사,43,372,約飯後,3,,
열하일기,관내정사,43,373,更來,2,,
열하일기,관내정사,43,374,問閉城否,4,,
열하일기,관내정사,43,375,答云卽閉,4,,
열하일기,관내정사,43,376,未消半更旋開,6,,
열하일기,관내정사,43,377,飯後持燈更往,6,,
열하일기,관내정사,43,378,城門不閉,4,,
열하일기,관내정사,43,379,我人蓬頭不笠,6,,
열하일기,관내정사,43,380,塡咽來往,4,,
열하일기,관내정사,43,381,索馬,2,,
열하일기,관내정사,43,382,料柴草,3,,
열하일기,관내정사,43,383,胡林兩人,4,,
열하일기,관내정사,43,384,欣然出迎,4,,
열하일기,관내정사,43,385,堂中已設酒果,6,,
열하일기,관내정사,43,386,問李炯菴,4,,
열하일기,관내정사,43,387,朴楚亭安好,5,,
열하일기,관내정사,43,388,余答皆安,4,,
열하일기,관내정사,43,389,林生稱朴李淸曠高妙,9,,
열하일기,관내정사,43,390,之士,2,,
열하일기,관내정사,43,391,余曰,2,,
열하일기,관내정사,43,392,是皆吾之門生,6,,
열하일기,관내정사,43,393,雕虫小技,4,,
열하일기,관내정사,43,394,安足道哉,4,,
열하일기,관내정사,43,395,林生曰,3,,
열하일기,관내정사,43,396,相門出相,4,,
열하일기,관내정사,43,397,將門出將,4,,
열하일기,관내정사,43,398,果非虗語也,5,,
열하일기,관내정사,43,399,炯楚兩人,4,,
열하일기,관내정사,43,400,於戊戌皇太后進香時,9,,
열하일기,관내정사,43,401,過此一宿而去云,7,,
열하일기,관내정사,43,402,林胡開誠款接,6,,
열하일기,관내정사,43,403,而全乏文翰,5,,
열하일기,관내정사,43,404,胡生面貌不雅,6,,
열하일기,관내정사,43,405,多市井氣,4,,
열하일기,관내정사,43,406,林生,2,,
열하일기,관내정사,43,407,長髯,2,,
열하일기,관내정사,43,408,休休有長者風,6,,
열하일기,관내정사,43,409,但酬酢之際,5,,Y
열하일기,관내정사,43,410,不離賣買,4,買 賣,Y
열하일기,관내정사,43,411,胡生爲贈松下仙人圖,9,,Y
열하일기,관내정사,43,412,林生亦贈畵扇一柄,8,,
열하일기,관내정사,43,413,各以一扇一,5,,
열하일기,관내정사,43,414,丸答之,3,,
열하일기,관내정사,43,415,略飮數杯,4,,
열하일기,관내정사,43,416,其一對琉璃燈頗佳,8,,
열하일기,관내정사,43,417,値夜不得觀他器玩,8,,
열하일기,관내정사,43,418,余卽辭退,4,,
열하일기,관내정사,43,419,約以回還更訪,6,,
열하일기,관내정사,43,420,林生臨門送別,6,,
열하일기,관내정사,43,421,頗有悵缺之意,6,,
열하일기,관내정사,43,422,歸寓,2,,
열하일기,관내정사,43,423,出胡生所饋閩薑菊茶橘餠,11,,
열하일기,관내정사,43,424,使張福爛煎,5,,
열하일기,관내정사,43,425,和燒酒數杯而飮,7,,
열하일기,관내정사,43,426,其味絶佳,4,,
열하일기,관내정사,43,427,城外有四,4,,
열하일기,관내정사,43,428,聖廟,2,,
열하일기,관내정사,43,429,瓮城內,3,,
열하일기,관내정사,43,430,有白衣菴,4,,
열하일기,관내정사,43,431,正街上有二牌樓,7,,
열하일기,관내정사,43,432,譙樓,2,,
열하일기,관내정사,43,433,坐關帝塑像,5,,
열하일기,관내정사,44,1,二十八日甲,5,,
열하일기,관내정사,44,2,朝晴,2,,
열하일기,관내정사,44,3,午後風雷大作,6,,
열하일기,관내정사,44,4,雨勢不如野鷄坨所値,9,,
열하일기,관내정사,44,5,自豐潤曉發,5,,
열하일기,관내정사,44,6,至高麗堡十里,6,,
열하일기,관내정사,44,7,沙河舖十里,5,,
열하일기,관내정사,44,8,趙家庄二里,5,,
열하일기,관내정사,44,9,蔣家庄一,4,,
열하일기,관내정사,44,10,里,1,,
열하일기,관내정사,44,11,還香河一里,5,,
열하일기,관내정사,44,12,一名漁河橋,5,,
열하일기,관내정사,44,13,閔家舖一里,5,,
열하일기,관내정사,44,14,盧姑庄四里,5,,
열하일기,관내정사,44,15,李家庄三里,5,,
열하일기,관내정사,44,16,沙流河,3,,
열하일기,관내정사,44,17,八里,2,,
열하일기,관내정사,44,18,中火,2,,
열하일기,관내정사,44,19,共四十里,4,,
열하일기,관내정사,44,20,又自沙流河至亮水橋十里,11,,
열하일기,관내정사,44,21,良家庄五里,5,,
열하일기,관내정사,44,22,廿里舖五里,5,,
열하일기,관내정사,44,23,十五里屯五里,6,,
열하일기,관내정사,44,24,東八里舖,4,,
열하일기,관내정사,44,25,七里,2,,
열하일기,관내정사,44,26,龍泣菴一里,5,,
열하일기,관내정사,44,27,玉田縣七里,5,,
열하일기,관내정사,44,28,共四十里,4,,
열하일기,관내정사,44,29,是日通行八十里,7,,
열하일기,관내정사,44,30,宿玉田城外,5,,
열하일기,관내정사,44,31,玉田古稱幽州,6,,
열하일기,관내정사,44,32,古無終國,4,,
열하일기,관내정사,44,33,召公所封地,5,,
열하일기,관내정사,44,34,正義言,3,,
열하일기,관내정사,44,35,召公初封無終,6,,
열하일기,관내정사,44,36,後徙薊,3,,
열하일기,관내정사,44,37,詩序曰,3,,
열하일기,관내정사,44,38,扶風雍縣南,5,,
열하일기,관내정사,44,39,有召公亭,4,,
열하일기,관내정사,44,40,卽召公采邑,5,,
열하일기,관내정사,44,41,未知孰是,4,,
열하일기,관내정사,44,42,行至高麗堡,5,,
열하일기,관내정사,44,43,廬舍皆茅茨,5,,Y
열하일기,관내정사,44,44,最寒儉,3,儉,Y
열하일기,관내정사,44,45,不問可知爲高麗堡也,9,,Y
열하일기,관내정사,44,46,丁丑被擄人,5,,
열하일기,관내정사,44,47,自成一村,4,,
열하일기,관내정사,44,48,關東千餘里,5,,
열하일기,관내정사,44,49,無水田,3,,
열하일기,관내정사,44,50,而獨此地水種,6,,
열하일기,관내정사,44,51,其餠飴之物,5,,
열하일기,관내정사,44,52,多本國風,4,,
열하일기,관내정사,44,53,古時使价之來,6,,
열하일기,관내정사,44,54,下隷所沽酒食,6,,
열하일기,관내정사,44,55,或不收其値,5,,
열하일기,관내정사,44,56,婦女亦不回避,6,,
열하일기,관내정사,44,57,語,1,,
열하일기,관내정사,44,58,到古國,3,,
열하일기,관내정사,44,59,多有流涕者,5,,Y
열하일기,관내정사,44,60,馹卒輩因以爲利,7,利,Y
열하일기,관내정사,44,61,多白喫酒食,5,,Y
열하일기,관내정사,44,62,或別討器服,5,,
열하일기,관내정사,44,63,主人以本國舊誼,7,,
열하일기,관내정사,44,64,不甚防閑,4,,
열하일기,관내정사,44,65,則乘間,3,,
열하일기,관내정사,44,66,偸竊,2,,
열하일기,관내정사,44,67,以此益厭我人,6,,
열하일기,관내정사,44,68,每値使行,4,,
열하일기,관내정사,44,69,則閉藏酒食,5,,Y
열하일기,관내정사,44,70,不肯賣買,4,買 賣,Y
열하일기,관내정사,44,71,懇要然後乃賣,6,賣,Y
열하일기,관내정사,44,72,而必討厚價,5,價,Y
열하일기,관내정사,44,73,或先捧其價,5,價,Y
열하일기,관내정사,44,74,馹,1,,Y
열하일기,관내정사,44,75,卒必百計欺詐,6,,
열하일기,관내정사,44,76,以爲雪憤,4,,
열하일기,관내정사,44,77,互相乖激,4,,
열하일기,관내정사,44,78,視若深讐,4,,
열하일기,관내정사,44,79,過此時,3,,
열하일기,관내정사,44,80,必齊聲大罵曰,6,,
열하일기,관내정사,44,81,爾是高麗子孫,6,,
열하일기,관내정사,44,82,爾之祖公來了,6,,
열하일기,관내정사,44,83,何不出拜,4,,
열하일기,관내정사,44,84,堡人亦大罵我人,7,,
열하일기,관내정사,44,85,反以此堡風俗爲極惡,9,,
열하일기,관내정사,44,86,足爲寒心,4,,
열하일기,관내정사,44,87,路逢急雨,4,,
열하일기,관내정사,44,88,避雨入一舖中,6,,
열하일기,관내정사,44,89,舖中進茶善,5,,
열하일기,관내정사,44,90,待,1,,
열하일기,관내정사,44,91,雨久不止,4,,
열하일기,관내정사,44,92,雷霆亦壯,4,,
열하일기,관내정사,44,93,舖之前堂頗廣,6,,
열하일기,관내정사,44,94,中庭百餘步,5,,
열하일기,관내정사,44,95,前堂婦女老少五人,8,,
열하일기,관내정사,44,96,方染紅扇晒簷下,7,,
열하일기,관내정사,44,97,刷驅一人,4,,
열하일기,관내정사,44,98,赤身突入,4,,
열하일기,관내정사,44,99,頭上只覆破敗氈笠,8,,
열하일기,관내정사,44,100,腰下僅掩一片布幅,8,,
열하일기,관내정사,44,101,非人非鬼,4,,
열하일기,관내정사,44,102,貌樣凶惡,4,,
열하일기,관내정사,44,103,堂中婦女,4,,
열하일기,관내정사,44,104,哄堂啁啾,4,,
열하일기,관내정사,44,105,拋紅都,3,,
열하일기,관내정사,44,106,走,1,,
열하일기,관내정사,44,107,舖主傾身視之,6,,
열하일기,관내정사,44,108,面發赤氣,4,,
열하일기,관내정사,44,109,一躍下椅,4,,
열하일기,관내정사,44,110,奮臂出去,4,,
열하일기,관내정사,44,111,一掌批頰,4,,
열하일기,관내정사,44,112,刷驅曰,3,,
열하일기,관내정사,44,113,吾馬方虗氣,5,,Y
열하일기,관내정사,44,114,要賣麥屑,4,賣,Y
열하일기,관내정사,44,115,爾何故,3,,Y
열하일기,관내정사,44,116,打人,2,,
열하일기,관내정사,44,117,舖主曰,3,,
열하일기,관내정사,44,118,爾們不識禮義,6,,
열하일기,관내정사,44,119,豈可赤身唐突,6,,
열하일기,관내정사,44,120,刷驅走出門外,6,,
열하일기,관내정사,44,121,舖主憤猶未止,6,,
열하일기,관내정사,44,122,冒雨疾追,4,,
열하일기,관내정사,44,123,刷驅轉身大罵,6,,
열하일기,관내정사,44,124,把胷一撲,4,,
열하일기,관내정사,44,125,舖主翻橫泥中,6,,
열하일기,관내정사,44,126,乃復一脚踏胷而走,8,,
열하일기,관내정사,44,127,舖主動轉不得,6,,
열하일기,관내정사,44,128,宛其死矣,4,,
열하일기,관내정사,44,129,久而起立,4,,
열하일기,관내정사,44,130,負疼蹣跚而行,6,,
열하일기,관내정사,44,131,渾,1,,
열하일기,관내정사,44,132,身黃泥,3,,
열하일기,관내정사,44,133,無所發怒,4,,
열하일기,관내정사,44,134,還入舖中,4,,
열하일기,관내정사,44,135,怒目視余,4,,
열하일기,관내정사,44,136,口雖無聲,4,,
열하일기,관내정사,44,137,頭勢不好,4,,
열하일기,관내정사,44,138,余視益下,4,,
열하일기,관내정사,44,139,而色益壯,4,,
열하일기,관내정사,44,140,凜然爲不可犯之,7,,
열하일기,관내정사,44,141,形,1,,
열하일기,관내정사,44,142,久後和顔,4,,
열하일기,관내정사,44,143,謂舖主曰,4,,
열하일기,관내정사,44,144,小人無禮,4,,
열하일기,관내정사,44,145,甚是衝搪,4,,
열하일기,관내정사,44,146,再休掛意,4,,
열하일기,관내정사,44,147,舖主回怒作笑曰,7,,
열하일기,관내정사,44,148,慚愧,2,,
열하일기,관내정사,44,149,老爺休題,4,,
열하일기,관내정사,44,150,雨勢益猛,4,,
열하일기,관내정사,44,151,久坐殊鬱,4,,
열하일기,관내정사,44,152,舖主走入前堂,6,,
열하일기,관내정사,44,153,換着新衣,4,,
열하일기,관내정사,44,154,携八九歲女子而出,8,,
열하일기,관내정사,44,155,囑女叩頭,4,,
열하일기,관내정사,44,156,女之面貌悍惡,6,,
열하일기,관내정사,44,157,舖主笑曰,4,,
열하일기,관내정사,44,158,此俺第,3,,
열하일기,관내정사,44,159,三女,2,,
열하일기,관내정사,44,160,俺無有男子兒,6,,
열하일기,관내정사,44,161,老爺寬厚長者,6,,
열하일기,관내정사,44,162,情願以此女拜老爺,8,,
열하일기,관내정사,44,163,認爲義父,4,,
열하일기,관내정사,44,164,余笑曰,3,,
열하일기,관내정사,44,165,實感主人厚意,6,,
열하일기,관내정사,44,166,然此事還,4,,
열하일기,관내정사,44,167,有不然者,4,,
열하일기,관내정사,44,168,俺外國人,4,,
열하일기,관내정사,44,169,此次一去,4,,
열하일기,관내정사,44,170,不可復來,4,,
열하일기,관내정사,44,171,造次結緣,4,,
열하일기,관내정사,44,172,他日相思之苦,6,,
열하일기,관내정사,44,173,還是寃業,4,,
열하일기,관내정사,44,174,舖主緊要認爲義女,8,,
열하일기,관내정사,44,175,余牢辭若一認義,7,,
열하일기,관내정사,44,176,則回還時,4,,Y
열하일기,관내정사,44,177,必以京貨給與,6,貨,Y
열하일기,관내정사,44,178,作爲情禮,4,,Y
열하일기,관내정사,44,179,此馬頭輩例事云,7,,
열하일기,관내정사,44,180,可苦且可笑也,6,,
열하일기,관내정사,44,181,雨小霽,3,,
열하일기,관내정사,44,182,凉風,2,,
열하일기,관내정사,44,183,乍動,2,,
열하일기,관내정사,44,184,遂起出門,4,,
열하일기,관내정사,44,185,舖主臨門揖別,6,,
열하일기,관내정사,44,186,頗有怊悵之意,6,,
열하일기,관내정사,44,187,遂解給一丸淸心,7,,
열하일기,관내정사,44,188,舖主再三稱謝,6,,
열하일기,관내정사,44,189,女子足穿烏靴,6,,
열하일기,관내정사,44,190,蓋旗,2,,
열하일기,관내정사,44,191,下也,2,,
열하일기,관내정사,44,192,行至龍泣菴,5,,
열하일기,관내정사,44,193,菴前大樹下,5,,
열하일기,관내정사,44,194,十餘閒漢納凉,6,,
열하일기,관내정사,44,195,有弄兎者,4,,
열하일기,관내정사,44,196,又有彈吹方演西遊記,9,,
열하일기,관내정사,44,197,夕抵玉田縣,5,,
열하일기,관내정사,44,198,有無終,3,,
열하일기,관내정사,44,199,山,1,,
열하일기,관내정사,44,200,或云燕昭王廟在此,8,,
열하일기,관내정사,44,201,入城裡閒玩,5,,
열하일기,관내정사,44,202,一舖中方咽笙歌,7,,
열하일기,관내정사,44,203,遂與鄭進士,5,,
열하일기,관내정사,44,204,尋聲入觀,4,,
열하일기,관내정사,44,205,廊廡下列坐五六少年,9,,
열하일기,관내정사,44,206,或吹笙簧,4,,
열하일기,관내정사,44,207,或彈絃子,4,,
열하일기,관내정사,44,208,轉入堂中,4,,
열하일기,관내정사,44,209,有一人端坐椅上,7,,
열하일기,관내정사,44,210,見客起揖,4,,
열하일기,관내정사,44,211,容貌頗雅,4,,
열하일기,관내정사,44,212,年可五十餘,5,,
열하일기,관내정사,44,213,鬚髯斑白,4,,
열하일기,관내정사,44,214,以名,2,,
열하일기,관내정사,44,215,帖示之,3,,
열하일기,관내정사,44,216,點頭而已,4,,
열하일기,관내정사,44,217,問其姓名不應,6,,
열하일기,관내정사,44,218,四壁遍揭名人書畵,8,,
열하일기,관내정사,44,219,主人起開小龕,6,,
열하일기,관내정사,44,220,龕中坐拳大玉佛,7,,
열하일기,관내정사,44,221,佛後掛小障,5,,
열하일기,관내정사,44,222,畵觀音像,4,,
열하일기,관내정사,44,223,題泰昌元年春三月,8,,
열하일기,관내정사,44,224,滁陽邱琛寫,5,,
열하일기,관내정사,44,225,主人焚香佛前叩頭,8,,
열하일기,관내정사,44,226,起掩龕扉,4,,
열하일기,관내정사,44,227,還就椅,3,,
열하일기,관내정사,44,228,書其姓名曰,5,,
열하일기,관내정사,44,229,沈由,2,,
열하일기,관내정사,44,230,朋,1,,
열하일기,관내정사,44,231,蘇州人,3,,
열하일기,관내정사,44,232,字箕霞,3,,
열하일기,관내정사,44,233,號巨川,3,,
열하일기,관내정사,44,234,年四十六,4,,
열하일기,관내정사,44,235,簡默整暇,4,,
열하일기,관내정사,44,236,余辭起方出戶,6,,
열하일기,관내정사,44,237,卓上有鑄銅爲鹿,7,,
열하일기,관내정사,44,238,靑翠入骨,4,,
열하일기,관내정사,44,239,高一尺,3,,
열하일기,관내정사,44,240,餘,1,,
열하일기,관내정사,44,241,又數尺硏屛畵菊,7,,
열하일기,관내정사,44,242,外傅玻瓈,4,,
열하일기,관내정사,44,243,制甚奇巧,4,,
열하일기,관내정사,44,244,西墻下,3,,
열하일기,관내정사,44,245,置碧色花尊,5,,
열하일기,관내정사,44,246,揷一枝碧桃,5,,
열하일기,관내정사,44,247,坐一黑色大蝴蝶,7,,
열하일기,관내정사,44,248,初謂,2,,
열하일기,관내정사,44,249,假造,2,,
열하일기,관내정사,44,250,細玩則乳金石翠,7,,
열하일기,관내정사,44,251,果是眞蝶,4,,
열하일기,관내정사,44,252,膠脚花上,4,,
열하일기,관내정사,44,253,枯已久矣,4,,
열하일기,관내정사,44,254,壁上懸一篇奇文,7,,
열하일기,관내정사,44,255,鷺紙細書爲格子塗之,9,,
열하일기,관내정사,44,256,橫竟,2,,
열하일기,관내정사,44,257,一壁,2,,
열하일기,관내정사,44,258,筆又精工,4,,
열하일기,관내정사,44,259,就壁一讀,4,,
열하일기,관내정사,44,260,可謂絶世奇文,6,,
열하일기,관내정사,44,261,余因還座,4,,
열하일기,관내정사,44,262,問壁上所揭誰人所作,9,,
열하일기,관내정사,44,263,主人曰,3,,
열하일기,관내정사,44,264,不知誰人所作也,7,,
열하일기,관내정사,44,265,鄭君問此似是近世文,9,,
열하일기,관내정사,44,266,無乃主人先生所題耶,9,,
열하일기,관내정사,44,267,沈由朋曰,4,,
열하일기,관내정사,44,268,主人不解文字,6,,
열하일기,관내정사,44,269,旣無作者姓名,6,,
열하일기,관내정사,44,270,不知有漢,4,,
열하일기,관내정사,44,271,何,1,,
열하일기,관내정사,44,272,論魏晉,3,,
열하일기,관내정사,44,273,余曰,2,,
열하일기,관내정사,44,274,然則何從得此,6,,
열하일기,관내정사,44,275,沈曰,2,,Y
열하일기,관내정사,44,276,曩於薊州市日收買,8,買,Y
열하일기,관내정사,44,277,余曰,2,,Y
열하일기,관내정사,44,278,可許謄去否,5,,
열하일기,관내정사,44,279,沈首肯曰,4,,
열하일기,관내정사,44,280,不妨,2,,
열하일기,관내정사,44,281,約持紙更,4,,
열하일기,관내정사,44,282,來,1,,
열하일기,관내정사,44,283,飯後與鄭君更往,7,,
열하일기,관내정사,44,284,堂中已點兩燭矣,7,,
열하일기,관내정사,44,285,余就壁欲解下格子,8,,
열하일기,관내정사,44,286,沈招侍者,4,,
열하일기,관내정사,44,287,捧下,2,,
열하일기,관내정사,44,288,余復問此先生所作否,9,,
열하일기,관내정사,44,289,沈,1,,
열하일기,관내정사,44,290,掉頭曰,3,,
열하일기,관내정사,44,291,有如明燭,4,,
열하일기,관내정사,44,292,俺長齋奉佛,5,,
열하일기,관내정사,44,293,懺誡譫妄,4,,
열하일기,관내정사,44,294,余囑鄭君,4,,
열하일기,관내정사,44,295,自中間起筆,5,,
열하일기,관내정사,44,296,余從頭寫下,5,,
열하일기,관내정사,44,297,沈問先生謄此何爲,8,,
열하일기,관내정사,44,298,余曰,2,,
열하일기,관내정사,44,299,歸令國人一讀,6,,
열하일기,관내정사,44,300,當捧腹軒渠,5,,
열하일기,관내정사,44,301,嗢噱絶倒,4,,
열하일기,관내정사,44,302,噴飯如飛蜂,5,,
열하일기,관내정사,44,303,絶纓如拉朽,5,,
열하일기,관내정사,44,304,及還寓,3,,
열하일기,관내정사,44,305,點燈閱視,4,,
열하일기,관내정사,44,306,鄭之所謄,4,,
열하일기,관내정사,44,307,無數誤書,4,,
열하일기,관내정사,44,308,漏落字句,4,,
열하일기,관내정사,44,309,全不成文理,5,,
열하일기,관내정사,44,310,故略以己意點綴爲篇焉,10,,
열하일기,관내정사,46,1,虎,1,,
열하일기,관내정사,46,2,睿聖文武慈孝智仁雄勇壯猛,12,,
열하일기,관내정사,46,3,天下無敵,4,,
열하일기,관내정사,46,4,然狒胃食虎,5,,
열하일기,관내정사,46,5,竹牛食虎,4,,
열하일기,관내정사,46,6,駮食虎,3,,
열하일기,관내정사,46,7,五色獅子食虎於巨木之,10,,
열하일기,관내정사,46,8,岫,1,,
열하일기,관내정사,46,9,玆白食虎,4,,
열하일기,관내정사,46,10,犬飛食虎豹,5,,
열하일기,관내정사,46,11,黃要取虎豹心而食之,9,,
열하일기,관내정사,46,12,猾,1,,
열하일기,관내정사,46,13,無骨,2,,
열하일기,관내정사,46,14,爲虎豹所呑,5,,
열하일기,관내정사,46,15,內食虎豹之肝,6,,
열하일기,관내정사,46,16,酋耳遇虎,4,,
열하일기,관내정사,46,17,則裂而啖之,5,,
열하일기,관내정사,46,18,虎遇猛,3,,
열하일기,관내정사,46,19,則閉目而不敢視,7,,
열하일기,관내정사,46,20,人不畏猛而畏虎,7,,
열하일기,관내정사,46,21,虎之威其嚴乎,6,,
열하일기,관내정사,46,22,虎食狗則醉,5,,
열하일기,관내정사,46,23,食人則神,4,,
열하일기,관내정사,46,24,虎一食人,4,,
열하일기,관내정사,46,25,其倀爲屈閣,5,,
열하일기,관내정사,46,26,在虎之腋,4,,
열하일기,관내정사,46,27,導虎入廚,4,,
열하일기,관내정사,46,28,舐其鼎耳,4,,
열하일기,관내정사,46,29,主人思饑,4,,
열하일기,관내정사,46,30,命妻夜炊,4,,
열하일기,관내정사,46,31,虎再食人,4,,
열하일기,관내정사,46,32,其倀爲彛兀,5,,
열하일기,관내정사,46,33,在虎之輔,4,,
열하일기,관내정사,46,34,升高視虞,4,,
열하일기,관내정사,46,35,若谷穽弩,4,,
열하일기,관내정사,46,36,先行釋機,4,,
열하일기,관내정사,46,37,虎三食人,4,,
열하일기,관내정사,46,38,其倀爲鬻渾,5,,
열하일기,관내정사,46,39,在虎之頤,4,,
열하일기,관내정사,46,40,多贊其所識朋友之名,9,,
열하일기,관내정사,46,41,虎詔倀曰,4,,
열하일기,관내정사,46,42,日之將夕,4,,
열하일기,관내정사,46,43,于何取食,4,,
열하일기,관내정사,46,44,屈閣曰,3,,
열하일기,관내정사,46,45,我昔占之,4,,
열하일기,관내정사,46,46,匪角匪羽,4,,
열하일기,관내정사,46,47,黔首之物,4,,
열하일기,관내정사,46,48,雪中有跡,4,,
열하일기,관내정사,46,49,彳亍踈武,4,,
열하일기,관내정사,46,50,瞻尾在,3,,
열하일기,관내정사,46,51,腦,1,,
열하일기,관내정사,46,52,莫掩其尻,4,,
열하일기,관내정사,46,53,彛兀曰,3,,
열하일기,관내정사,46,54,東門有食,4,,
열하일기,관내정사,46,55,其名曰醫,4,,
열하일기,관내정사,46,56,口含百草,4,,
열하일기,관내정사,46,57,肌肉馨香,4,,
열하일기,관내정사,46,58,西門有食,4,,
열하일기,관내정사,46,59,其名曰巫,4,,
열하일기,관내정사,46,60,求媚百神,4,,
열하일기,관내정사,46,61,日,1,,
열하일기,관내정사,46,62,沐齊潔,3,,
열하일기,관내정사,46,63,請爲擇肉於此二者,8,,
열하일기,관내정사,46,64,虎奮髯作色曰,6,,
열하일기,관내정사,46,65,醫者疑也,4,,
열하일기,관내정사,46,66,以其所疑而試諸人,8,,
열하일기,관내정사,46,67,歲所殺常數萬,6,,
열하일기,관내정사,46,68,巫者誣也,4,,
열하일기,관내정사,46,69,誣神以惑民,5,,
열하일기,관내정사,46,70,歲所殺常數萬,6,,
열하일기,관내정사,46,71,衆怒入骨,4,,
열하일기,관내정사,46,72,化爲金蚕,4,,
열하일기,관내정사,46,73,毒不可食,4,,
열하일기,관내정사,46,74,鬻渾曰,3,,
열하일기,관내정사,46,75,有肉在林,4,,
열하일기,관내정사,46,76,仁肝義膽,4,,
열하일기,관내정사,46,77,抱忠懷潔,4,,
열하일기,관내정사,46,78,戴樂履禮,4,,
열하일기,관내정사,46,79,口誦百家之言,6,,
열하일기,관내정사,46,80,心通萬物之理,6,,
열하일기,관내정사,46,81,名曰碩德之儒,6,,
열하일기,관내정사,46,82,背盎軆胖,4,,
열하일기,관내정사,46,83,五味俱存,4,,
열하일기,관내정사,46,84,虎軒眉垂涎,5,,
열하일기,관내정사,46,85,仰天而笑,4,,
열하일기,관내정사,46,86,曰,1,,
열하일기,관내정사,46,87,朕聞如何,4,,
열하일기,관내정사,46,88,倀交薦虎曰,5,,
열하일기,관내정사,46,89,一陰一陽之謂道,7,,
열하일기,관내정사,46,90,儒貫之,3,,
열하일기,관내정사,46,91,五行相生,4,,
열하일기,관내정사,46,92,六氣相宣,4,,
열하일기,관내정사,46,93,儒導之,3,,
열하일기,관내정사,46,94,食之美者無大於,7,,
열하일기,관내정사,46,95,此,1,,
열하일기,관내정사,46,96,虎愀然變色易容而不悅曰,11,,
열하일기,관내정사,46,97,陰陽者,3,,Y
열하일기,관내정사,46,98,一氣之消息也而兩之,9,息,Y
열하일기,관내정사,46,99,其肉雜也,4,,Y
열하일기,관내정사,46,100,五行定位,4,,
열하일기,관내정사,46,101,未始相生,4,,
열하일기,관내정사,46,102,乃今强,3,,
열하일기,관내정사,46,103,爲子母,3,,
열하일기,관내정사,46,104,分配醎酸,4,,
열하일기,관내정사,46,105,其味未純也,5,,
열하일기,관내정사,46,106,六氣自行,4,,
열하일기,관내정사,46,107,不待宣導,4,,Y
열하일기,관내정사,46,108,乃今妄稱財相,6,財,Y
열하일기,관내정사,46,109,私顯己功,4,,Y
열하일기,관내정사,46,110,其爲食也,4,,
열하일기,관내정사,46,111,無其硬强,4,,
열하일기,관내정사,46,112,滯逆而不順化乎,7,,
열하일기,관내정사,46,113,鄭之邑,3,,
열하일기,관내정사,46,114,有不屑宦之士曰,7,,
열하일기,관내정사,46,115,北郭先生,4,,
열하일기,관내정사,46,116,行年四十,4,,
열하일기,관내정사,46,117,手自校書者萬卷,7,,
열하일기,관내정사,46,118,敷衍九經之義,6,,
열하일기,관내정사,46,119,更,1,,
열하일기,관내정사,46,120,著書一萬五千卷,7,,
열하일기,관내정사,46,121,天子嘉其義,5,,
열하일기,관내정사,46,122,諸侯慕其名,5,,
열하일기,관내정사,46,123,邑之東,3,,
열하일기,관내정사,46,124,有美而早寡者,6,,
열하일기,관내정사,46,125,曰東里子,4,,
열하일기,관내정사,46,126,天子嘉其節,5,,
열하일기,관내정사,46,127,諸侯慕其,4,,
열하일기,관내정사,46,128,賢,1,,
열하일기,관내정사,46,129,環其邑數里而封之曰東里寡婦之閭,15,,
열하일기,관내정사,46,130,東里子善守寡,6,,
열하일기,관내정사,46,131,然有子五人,5,,
열하일기,관내정사,46,132,各有其姓,4,,
열하일기,관내정사,46,133,五子相謂曰,5,,
열하일기,관내정사,46,134,水北鷄,3,,
열하일기,관내정사,46,135,鳴,1,,
열하일기,관내정사,46,136,水南明星,4,,
열하일기,관내정사,46,137,室中有聲,4,,
열하일기,관내정사,46,138,何其甚似北郭先生也,9,,
열하일기,관내정사,46,139,兄弟五人,4,,
열하일기,관내정사,46,140,迭窺戶隙,4,,
열하일기,관내정사,46,141,東里子請於北郭先生曰,10,,
열하일기,관내정사,46,142,久慕先,3,,
열하일기,관내정사,46,143,生之德,3,,
열하일기,관내정사,46,144,今夜願聞先生讀書之聲,10,,
열하일기,관내정사,46,145,北郭先生,4,,
열하일기,관내정사,46,146,整襟危坐而爲詩曰,8,,
열하일기,관내정사,46,147,鴦在屛,3,,
열하일기,관내정사,46,148,耿耿流螢,4,,
열하일기,관내정사,46,149,維鬵維錡,4,,
열하일기,관내정사,46,150,云誰,2,,
열하일기,관내정사,46,151,之型,2,,
열하일기,관내정사,46,152,興也,2,,
열하일기,관내정사,46,153,五子相謂曰,5,,
열하일기,관내정사,46,154,禮不入寡婦之門,7,,
열하일기,관내정사,46,155,北郭先生賢者也,7,,
열하일기,관내정사,46,156,吾聞鄭之城門壞而狐穴焉,11,,
열하일기,관내정사,46,157,吾聞狐老千,5,,
열하일기,관내정사,46,158,年,1,,
열하일기,관내정사,46,159,能幻而像人,5,,
열하일기,관내정사,46,160,是其像北郭先生乎,8,,
열하일기,관내정사,46,161,相與謀曰,4,,
열하일기,관내정사,46,162,吾聞得狐之冠者,7,,Y
열하일기,관내정사,46,163,家致千金之富,6,千金 富,Y
열하일기,관내정사,46,164,得狐之履者,5,,Y
열하일기,관내정사,46,165,能匿影,3,,
열하일기,관내정사,46,166,於白日,3,,
열하일기,관내정사,46,167,得狐之尾者,5,,
열하일기,관내정사,46,168,善媚而人悅之,6,,
열하일기,관내정사,46,169,何不殺是狐而分之,8,,
열하일기,관내정사,46,170,於是五子共圍而擊之,9,,
열하일기,관내정사,46,171,北郭先生大驚遁逃,8,,
열하일기,관내정사,46,172,恐人之識己也,6,,
열하일기,관내정사,46,173,以股加頸,4,,
열하일기,관내정사,46,174,鬼舞鬼笑,4,,
열하일기,관내정사,46,175,出門而跑,4,,Y
열하일기,관내정사,46,176,乃陷野窖,4,窖,Y
열하일기,관내정사,46,177,穢滿其中,4,,Y
열하일기,관내정사,46,178,攀援出首而望,6,,
열하일기,관내정사,46,179,有虎當徑,4,,
열하일기,관내정사,46,180,虎顰,2,,
열하일기,관내정사,46,181,蹙嘔哇,3,,
열하일기,관내정사,46,182,掩鼻左首而噫曰,7,,
열하일기,관내정사,46,183,儒,1,,
열하일기,관내정사,46,184,句,1,,
열하일기,관내정사,46,185,臭矣,2,,
열하일기,관내정사,46,186,北郭先生頓首匍匐而前,10,,
열하일기,관내정사,46,187,三拜以跪,4,,
열하일기,관내정사,46,188,仰首而言曰,5,,
열하일기,관내정사,46,189,虎之德其至,5,,
열하일기,관내정사,46,190,矣乎,2,,
열하일기,관내정사,46,191,大人效其變,5,,
열하일기,관내정사,46,192,帝王學其步,5,,
열하일기,관내정사,46,193,人子法其孝,5,,
열하일기,관내정사,46,194,將帥取其威,5,,
열하일기,관내정사,46,195,名並神龍,4,,
열하일기,관내정사,46,196,一風一雲,4,,
열하일기,관내정사,46,197,下土賤臣,4,,
열하일기,관내정사,46,198,敢在下風,4,,
열하일기,관내정사,46,199,虎叱曰,3,,
열하일기,관내정사,46,200,毋近前,3,,
열하일기,관내정사,46,201,曩也吾聞之,5,,
열하일기,관내정사,46,202,儒者諛也,4,,
열하일기,관내정사,46,203,果然,2,,
열하일기,관내정사,46,204,汝平居集天下之惡名,9,,
열하일기,관내정사,46,205,妄加諸我,4,,
열하일기,관내정사,46,206,今也急而面諛,6,,
열하일기,관내정사,46,207,將誰,2,,
열하일기,관내정사,46,208,信之耶,3,,
열하일기,관내정사,46,209,夫天下之理一也,7,,
열하일기,관내정사,46,210,虎誠惡也,4,,
열하일기,관내정사,46,211,人性亦惡也,5,,
열하일기,관내정사,46,212,人性善則虎之性亦善也,10,,
열하일기,관내정사,46,213,汝千語萬言,5,,
열하일기,관내정사,46,214,不離五常,4,,
열하일기,관내정사,46,215,戒,1,,
열하일기,관내정사,46,216,之勸之,3,,
열하일기,관내정사,46,217,恒在四綱,4,,
열하일기,관내정사,46,218,然都邑之間,5,,
열하일기,관내정사,46,219,無鼻無趾,4,,
열하일기,관내정사,46,220,文面而行者,5,,
열하일기,관내정사,46,221,皆不遜五品之人也,8,,
열하일기,관내정사,46,222,然而徽墨斧鉅,6,,
열하일기,관내정사,46,223,日不暇給,4,,
열하일기,관내정사,46,224,莫能止其惡焉,6,,
열하일기,관내정사,46,225,而虎之家自無是刑,8,,
열하일기,관내정사,46,226,由是觀之,4,,
열하일기,관내정사,46,227,虎之性不亦賢於人乎,9,,
열하일기,관내정사,46,228,虎不食草木,5,,
열하일기,관내정사,46,229,不食虫魚,4,,
열하일기,관내정사,46,230,不嗜麴,3,,
열하일기,관내정사,46,231,蘖悖亂之物,5,,
열하일기,관내정사,46,232,不忍字伏細瑣之物,8,,
열하일기,관내정사,46,233,入山獵麕鹿,5,,
열하일기,관내정사,46,234,在野畋馬牛,5,,
열하일기,관내정사,46,235,未甞爲口腹之累飮食之訟,11,,
열하일기,관내정사,46,236,虎之道,3,,
열하일기,관내정사,46,237,豈不,2,,
열하일기,관내정사,46,238,光明正大矣乎,6,,
열하일기,관내정사,46,239,虎之食麕鹿,5,,
열하일기,관내정사,46,240,而汝不疾虎,5,,
열하일기,관내정사,46,241,虎之食馬牛,5,,
열하일기,관내정사,46,242,而人謂之讐焉,6,,
열하일기,관내정사,46,243,豈非麕鹿之無恩於人,9,,
열하일기,관내정사,46,244,而馬牛,3,,
열하일기,관내정사,46,245,之有功於汝乎,6,,
열하일기,관내정사,46,246,然而不有其乘服之勞,9,,
열하일기,관내정사,46,247,戀效之誠,4,,
열하일기,관내정사,46,248,日充庖廚,4,,
열하일기,관내정사,46,249,角鬣不遺,4,,
열하일기,관내정사,46,250,而乃復侵我之麕鹿,8,,
열하일기,관내정사,46,251,使我乏食,4,,
열하일기,관내정사,46,252,於山,2,,
열하일기,관내정사,46,253,缺餉於野,4,,
열하일기,관내정사,46,254,使天而平其政,6,,
열하일기,관내정사,46,255,汝在所食乎所捨乎,8,,
열하일기,관내정사,46,256,夫非其有而取之,7,,
열하일기,관내정사,46,257,謂之盜,3,,
열하일기,관내정사,46,258,殘生而害物者,6,,
열하일기,관내정사,46,259,謂之賊,3,,
열하일기,관내정사,46,260,汝之所以日夜遑遑,8,,
열하일기,관내정사,46,261,揚臂努目,4,,
열하일기,관내정사,46,262,挐攫而不恥,5,,
열하일기,관내정사,46,263,甚者,2,,Y
열하일기,관내정사,46,264,呼錢爲兄,4,錢,Y
열하일기,관내정사,46,265,求將殺妻,4,,Y
열하일기,관내정사,46,266,則不可復論於倫常之道矣,11,,
열하일기,관내정사,46,267,乃,1,,
열하일기,관내정사,46,268,復攘食於蝗,5,,
열하일기,관내정사,46,269,奪衣於蚕,4,,
열하일기,관내정사,46,270,禦蜂而剽甘,5,,
열하일기,관내정사,46,271,甚者,2,,
열하일기,관내정사,46,272,醢蟻之子,4,,
열하일기,관내정사,46,273,以羞其祖考,5,,
열하일기,관내정사,46,274,其殘忍薄行,5,,
열하일기,관내정사,46,275,孰甚於汝乎,5,,
열하일기,관내정사,46,276,汝談理,3,,
열하일기,관내정사,46,277,論性,2,,
열하일기,관내정사,46,278,動輒稱天,4,,
열하일기,관내정사,46,279,自天所命而視之,7,,
열하일기,관내정사,46,280,則虎與人,4,,
열하일기,관내정사,46,281,乃物之一也,5,,
열하일기,관내정사,46,282,自天地生物之仁而論之,10,,
열하일기,관내정사,46,283,則虎與蝗蚕蜂蟻,7,,
열하일기,관내정사,46,284,與人並畜,4,,
열하일기,관내정사,46,285,而不可相悖也,6,,
열하일기,관내정사,46,286,自其善惡而辨之,7,,
열하일기,관내정사,46,287,則公行剽刦於蠭蟻之室者,11,,
열하일기,관내정사,46,288,獨不爲天地之巨盜乎,9,,
열하일기,관내정사,46,289,肆然攘,3,,Y
열하일기,관내정사,46,290,竊於蝗蚕之資者,7,資,Y
열하일기,관내정사,46,291,獨不爲仁義之大賊乎,9,,Y
열하일기,관내정사,46,292,虎未甞食豹者,6,,
열하일기,관내정사,46,293,誠爲不忍於其類也,8,,
열하일기,관내정사,46,294,然而計虎之食麕鹿,8,,
열하일기,관내정사,46,295,不若,2,,
열하일기,관내정사,46,296,人之食麕鹿之多也,8,,
열하일기,관내정사,46,297,計虎之食馬牛,6,,
열하일기,관내정사,46,298,不若人之食馬牛之多也,10,,
열하일기,관내정사,46,299,計虎之食人,5,,
열하일기,관내정사,46,300,不若人之相食之多也,9,,
열하일기,관내정사,46,301,去年,2,,
열하일기,관내정사,46,302,關中大旱,4,,
열하일기,관내정사,46,303,民之相食者數萬,7,,
열하일기,관내정사,46,304,往歲山東大水,6,,
열하일기,관내정사,46,305,民之相食者數萬,7,,
열하일기,관내정사,46,306,雖然,2,,
열하일기,관내정사,46,307,其相食之多,5,,
열하일기,관내정사,46,308,又何如春秋之世也,8,,
열하일기,관내정사,46,309,春秋之世,4,,
열하일기,관내정사,46,310,樹德之兵十七,6,,
열하일기,관내정사,46,311,報仇之兵三十,6,,
열하일기,관내정사,46,312,流血千里,4,,
열하일기,관내정사,46,313,伏屍百萬,4,,
열하일기,관내정사,46,314,而虎之家水旱不識,8,,
열하일기,관내정사,46,315,故無怨乎天,5,,
열하일기,관내정사,46,316,讐德,2,,
열하일기,관내정사,46,317,兩忘,2,,
열하일기,관내정사,46,318,故無忤於物,5,,
열하일기,관내정사,46,319,知命而處順,5,,
열하일기,관내정사,46,320,故不惑於巫醫之姦,8,,
열하일기,관내정사,46,321,踐形而盡性,5,,Y
열하일기,관내정사,46,322,故不疚乎世俗之利,8,利,Y
열하일기,관내정사,46,323,此虎之所以睿,6,,Y
열하일기,관내정사,46,324,聖也,2,,
열하일기,관내정사,46,325,窺其一班,4,,
열하일기,관내정사,46,326,足以示文於天下也,8,,
열하일기,관내정사,46,327,不藉尺寸之兵,6,,Y
열하일기,관내정사,46,328,而獨任爪牙之利,7,利,Y
열하일기,관내정사,46,329,所以耀武於天下也,8,,Y
열하일기,관내정사,46,330,彛卣蜼尊,4,,
열하일기,관내정사,46,331,所以廣孝於天下也,8,,
열하일기,관내정사,46,332,一日一擧而烏鳶螻螘,9,,
열하일기,관내정사,46,333,共分其餕,4,,
열하일기,관내정사,46,334,仁不可勝用也,6,,
열하일기,관내정사,46,335,讒人不食,4,,
열하일기,관내정사,46,336,廢疾者不食,5,,
열하일기,관내정사,46,337,衰服者,3,,
열하일기,관내정사,46,338,不食,2,,
열하일기,관내정사,46,339,義不可勝用也,6,,
열하일기,관내정사,46,340,不仁哉,3,,
열하일기,관내정사,46,341,汝之爲食也,5,,
열하일기,관내정사,46,342,機穽之不足而爲罿也罞也罛也罾也罦也罭也,19,,
열하일기,관내정사,46,343,始結網罟者,5,,
열하일기,관내정사,46,344,裒然首禍於天下矣,8,,
열하일기,관내정사,46,345,有鈹者戣者殳者斨者叴者矟者鍜者鈼者,17,,
열하일기,관내정사,46,346,者有礮發焉,5,,
열하일기,관내정사,46,347,聲隤華嶽,4,,
열하일기,관내정사,46,348,火洩陰陽,4,,
열하일기,관내정사,46,349,暴於,2,,
열하일기,관내정사,46,350,震霆,2,,
열하일기,관내정사,46,351,是猶不足以逞其虐焉,9,,
열하일기,관내정사,46,352,則乃吮柔毫,5,,
열하일기,관내정사,46,353,合膠爲鋒,4,,
열하일기,관내정사,46,354,體如棗心,4,,
열하일기,관내정사,46,355,長不盈寸,4,,
열하일기,관내정사,46,356,淬以烏賊之沫,6,,
열하일기,관내정사,46,357,縱橫擊刺,4,,
열하일기,관내정사,46,358,曲者如矛,4,,
열하일기,관내정사,46,359,銛者如刀,4,,
열하일기,관내정사,46,360,銳者如釖,4,,
열하일기,관내정사,46,361,歧者如戟,4,,
열하일기,관내정사,46,362,直者如矢,4,,
열하일기,관내정사,46,363,彀者如弓,4,,
열하일기,관내정사,46,364,此兵一動,4,,
열하일기,관내정사,46,365,百鬼夜哭,4,,
열하일기,관내정사,46,366,其相食之酷,5,,
열하일기,관내정사,46,367,孰,1,,
열하일기,관내정사,46,368,甚於汝乎,4,,
열하일기,관내정사,46,369,北郭先生離席俯伏,8,,
열하일기,관내정사,46,370,逡巡再拜,4,,
열하일기,관내정사,46,371,頓首頓首曰,5,,
열하일기,관내정사,46,372,傳有之,3,,
열하일기,관내정사,46,373,雖有惡人,4,,
열하일기,관내정사,46,374,齋戒沐浴,4,,
열하일기,관내정사,46,375,則可以事上帝,6,,
열하일기,관내정사,46,376,下土賤臣,4,,
열하일기,관내정사,46,377,敢在下風,4,,Y
열하일기,관내정사,46,378,屛息潛聽,4,息,Y
열하일기,관내정사,46,379,久無所命,4,,Y
열하일기,관내정사,46,380,誠惶誠恐,4,,
열하일기,관내정사,46,381,拜手稽首,4,,
열하일기,관내정사,46,382,仰而視之,4,,
열하일기,관내정사,46,383,東方明矣,4,,
열하일기,관내정사,46,384,虎則已去,4,,
열하일기,관내정사,46,385,農夫,2,,
열하일기,관내정사,46,386,有朝菑者,4,,
열하일기,관내정사,46,387,問先生何早敬於野,8,,
열하일기,관내정사,46,388,北郭先生曰,5,,
열하일기,관내정사,46,389,吾聞之,3,,
열하일기,관내정사,46,390,謂天蓋高,4,,
열하일기,관내정사,46,391,不敢不局,4,,
열하일기,관내정사,46,392,謂地蓋厚,4,,
열하일기,관내정사,46,393,不敢不蹐,4,,
열하일기,관내정사,47,1,燕岩氏曰,4,,
열하일기,관내정사,47,2,篇雖無作者姓名,7,,
열하일기,관내정사,47,3,而盖近世華人悲憤之作也,11,,
열하일기,관내정사,47,4,世運入於長夜,6,,
열하일기,관내정사,47,5,而夷狄之禍甚於猛獸,9,,
열하일기,관내정사,47,6,士之無,3,,
열하일기,관내정사,47,7,恥者,2,,
열하일기,관내정사,47,8,綴拾章句,4,,
열하일기,관내정사,47,9,以狐媚當世,5,,
열하일기,관내정사,47,10,豈非發塚之儒,6,,
열하일기,관내정사,47,11,而豺狼之所不食者乎,9,,
열하일기,관내정사,47,12,今讀其文,4,,
열하일기,관내정사,47,13,言多悖理,4,,
열하일기,관내정사,47,14,與胠篋盜跖,5,,
열하일기,관내정사,47,15,同旨,2,,
열하일기,관내정사,47,16,然天下有志之士,7,,
열하일기,관내정사,47,17,豈可一日而忘中國哉,9,,
열하일기,관내정사,47,18,今淸之御宇纔四世,8,,
열하일기,관내정사,47,19,而莫不文武壽考,7,,
열하일기,관내정사,47,20,昇平百年,4,,
열하일기,관내정사,47,21,四海,2,,
열하일기,관내정사,47,22,寧謐,2,,
열하일기,관내정사,47,23,此漢唐之所無也,7,,
열하일기,관내정사,47,24,觀其全安扶植之意,8,,
열하일기,관내정사,47,25,殆亦上天所置之命吏也,10,,
열하일기,관내정사,47,26,昔人甞疑於諄諄之天,9,,
열하일기,관내정사,47,27,而有質於,4,,
열하일기,관내정사,47,28,聖人者,3,,
열하일기,관내정사,47,29,聖人丁寧體天之意曰,9,,
열하일기,관내정사,47,30,天不言,3,,
열하일기,관내정사,47,31,以行與事示之,6,,
열하일기,관내정사,47,32,小子甞讀之,5,,
열하일기,관내정사,47,33,至此其惑滋甚,6,,
열하일기,관내정사,47,34,敢問以行與事示,7,,
열하일기,관내정사,47,35,之,1,,
열하일기,관내정사,47,36,則用夷變夏,5,,
열하일기,관내정사,47,37,天下之大辱也,6,,
열하일기,관내정사,47,38,百姓之寃酷如何,7,,
열하일기,관내정사,47,39,馨香腥膻,4,,
열하일기,관내정사,47,40,各類其德,4,,
열하일기,관내정사,47,41,百神之所饗何臭,7,,
열하일기,관내정사,47,42,故自人所處,5,,
열하일기,관내정사,47,43,而視之,3,,
열하일기,관내정사,47,44,則華夏夷狄,5,,
열하일기,관내정사,47,45,誠有分焉,4,,
열하일기,관내정사,47,46,自天所命而視之,7,,
열하일기,관내정사,47,47,則殷冔周冕,5,,
열하일기,관내정사,47,48,各從時制,4,,
열하일기,관내정사,47,49,何必獨疑於淸人之紅帽哉,11,,
열하일기,관내정사,47,50,於是天定人衆之說,8,,
열하일기,관내정사,47,51,行於其間,4,,
열하일기,관내정사,47,52,而人天相與之理,7,,
열하일기,관내정사,47,53,乃反退聽於氣,6,,
열하일기,관내정사,47,54,驗之前聖之言而不符,9,,
열하일기,관내정사,47,55,則輒曰,3,,
열하일기,관내정사,47,56,天地,2,,
열하일기,관내정사,47,57,之氣數如此,5,,
열하일기,관내정사,47,58,嗚呼,2,,
열하일기,관내정사,47,59,是豈眞氣數然耶,7,,
열하일기,관내정사,47,60,噫,1,,
열하일기,관내정사,47,61,明之王澤已渴矣,7,,
열하일기,관내정사,47,62,中州之士自循其髮於百年之久,13,,
열하일기,관내정사,47,63,而寤寐摽,4,,
열하일기,관내정사,47,64,擗,1,,
열하일기,관내정사,47,65,輒思明室者何也,7,,
열하일기,관내정사,47,66,所以不忍忘中國也,8,,
열하일기,관내정사,47,67,淸之自爲謀亦踈矣,8,,
열하일기,관내정사,47,68,懲前代胡主之末效華而衰者,12,,
열하일기,관내정사,47,69,勒鐵碑埋,4,,
열하일기,관내정사,47,70,之箭亭,3,,
열하일기,관내정사,47,71,其言未甞不自恥其衣帽,10,,
열하일기,관내정사,47,72,而猶復眷眷於强弱之勢,10,,
열하일기,관내정사,47,73,何其愚也,4,,
열하일기,관내정사,47,74,文謨武烈,4,,
열하일기,관내정사,47,75,尙不能救末主之陵夷,9,,
열하일기,관내정사,47,76,况區區自强於衣帽之末哉,11,,
열하일기,관내정사,47,77,衣帽誠便於用武,7,,
열하일기,관내정사,47,78,則北狄西戎,5,,
열하일기,관내정사,47,79,獨非用武之衣帽耶,8,,
열하일기,관내정사,47,80,力能使西北之他胡,8,,
열하일기,관내정사,47,81,反,1,,
열하일기,관내정사,47,82,襲中州舊俗,5,,
열하일기,관내정사,47,83,然後始能獨强於天下也,10,,
열하일기,관내정사,47,84,囿天下於僇辱之地,8,,
열하일기,관내정사,47,85,而號之曰,4,,
열하일기,관내정사,47,86,姑忍汝羞恥,5,,
열하일기,관내정사,47,87,而從我爲强,5,,
열하일기,관내정사,47,88,吾未,2,,
열하일기,관내정사,47,89,知其强也,4,,
열하일기,관내정사,47,90,未必新市綠林之間,8,,
열하일기,관내정사,47,91,赤其眉黃其巾以自異也,10,,
열하일기,관내정사,47,92,假令愚民一脫其帽而抵之地,12,,
열하일기,관내정사,47,93,淸皇帝已坐失,6,,
열하일기,관내정사,47,94,其天下矣,4,,
열하일기,관내정사,47,95,向之所以自恃而爲强者,10,,
열하일기,관내정사,47,96,乃反救亡之不暇也,8,,
열하일기,관내정사,47,97,其埋碑垂訓於後,7,,
열하일기,관내정사,47,98,豈非過歟,4,,
열하일기,관내정사,47,99,篇本無題,4,,
열하일기,관내정사,47,100,今取,2,,
열하일기,관내정사,47,101,篇中有虎叱二字爲目,9,,
열하일기,관내정사,47,102,以竢中州之淸焉,7,,
열하일기,관내정사,48,1,二十九日乙巳,6,,
열하일기,관내정사,48,2,晴,1,,
열하일기,관내정사,48,3,自玉田曉發,5,,
열하일기,관내정사,48,4,至西八里堡八里,7,,
열하일기,관내정사,48,5,五里屯七里,5,,
열하일기,관내정사,48,6,采亭橋五里,5,,
열하일기,관내정사,48,7,大枯樹店十里,6,,
열하일기,관내정사,48,8,小枯樹店,4,,
열하일기,관내정사,48,9,二里,2,,
열하일기,관내정사,48,10,蠭山店三里,5,,
열하일기,관내정사,48,11,鱉山店十二里,6,,
열하일기,관내정사,48,12,歷見宋家庄共四十七里,10,,
열하일기,관내정사,48,13,中火,2,,
열하일기,관내정사,48,14,又自鱉山至二里店二里,10,,
열하일기,관내정사,48,15,現橋五里,4,,
열하일기,관내정사,48,16,三家坊二里,5,,
열하일기,관내정사,48,17,東五里橋十六里,7,,
열하일기,관내정사,48,18,一名龍池河,5,,
열하일기,관내정사,48,19,漁陽橋薊州城五里,8,,
열하일기,관내정사,48,20,西五里橋五里,6,,
열하일기,관내정사,48,21,邦均店一十五里,7,,
열하일기,관내정사,48,22,共,1,,
열하일기,관내정사,48,23,五十里,3,,
열하일기,관내정사,48,24,是日通行九十七里,8,,
열하일기,관내정사,48,25,宿邦均店,4,,
열하일기,관내정사,48,26,山凹中有大樹不葉者數百年,12,,
열하일기,관내정사,48,27,枝幹不朽,4,,
열하일기,관내정사,48,28,相傳枯樹,4,,
열하일기,관내정사,48,29,宋家庄城,4,,
열하일기,관내정사,48,30,周二里,3,,
열하일기,관내정사,48,31,皇明天啓間,5,,
열하일기,관내정사,48,32,宋家所築也,5,,
열하일기,관내정사,48,33,所謂外郞,4,,
열하일기,관내정사,48,34,乃胥吏之別稱,6,,
열하일기,관내정사,48,35,而宋爲此地大姓,7,,Y
열하일기,관내정사,48,36,宗族數百人家富饒,8,富,Y
열하일기,관내정사,48,37,當,1,,Y
열하일기,관내정사,48,38,明淸之際,4,,
열하일기,관내정사,48,39,築私城,3,,
열하일기,관내정사,48,40,合宗族爲守備,6,,
열하일기,관내정사,48,41,城中建三臺,5,,
열하일기,관내정사,48,42,高各十餘丈,5,,
열하일기,관내정사,48,43,門上建樓,4,,
열하일기,관내정사,48,44,家後建四簷高樓,7,,
열하일기,관내정사,48,45,最上層坐金,5,,
열하일기,관내정사,48,46,佛,1,,
열하일기,관내정사,48,47,凭欄遙望,4,,
열하일기,관내정사,48,48,眼界極濶,4,,
열하일기,관내정사,48,49,淸人之入也,5,,
열하일기,관내정사,48,50,率家衆保城,5,,
열하일기,관내정사,48,51,天下旣定,4,,
열하일기,관내정사,48,52,不卽出降,4,,
열하일기,관내정사,48,53,淸人惡之,4,,Y
열하일기,관내정사,48,54,歲罰銀千兩,5,銀,Y
열하일기,관내정사,48,55,康煕,2,,Y
열하일기,관내정사,48,56,末,1,,
열하일기,관내정사,48,57,代輸馬草千束,6,,
열하일기,관내정사,48,58,城中十餘大戶,6,,
열하일기,관내정사,48,59,皆宋氏奴婢,5,,
열하일기,관내정사,48,60,尙有五百餘人云,7,,Y
열하일기,관내정사,48,61,薊州城邑民物雄富,8,富,Y
열하일기,관내정사,48,62,卽京東巨鎭也,6,,Y
열하일기,관내정사,48,63,山上有安祿山廟,7,,
열하일기,관내정사,48,64,城中有三坐石牌樓,8,,
열하일기,관내정사,48,65,一樓以金字題大司成,9,,
열하일기,관내정사,48,66,下層列書國子祭酒三代誥贈,12,,
열하일기,관내정사,48,67,薊州酒味,4,,
열하일기,관내정사,48,68,甲於關東,4,,
열하일기,관내정사,48,69,入一酒樓,4,,
열하일기,관내정사,48,70,與諸人暢襟一醉,7,,
열하일기,관내정사,48,71,入獨樂寺正殿,6,,
열하일기,관내정사,48,72,額曰慈悲寺,5,,
열하일기,관내정사,48,73,後建二簷樓,5,,
열하일기,관내정사,48,74,中立九丈金佛,6,,
열하일기,관내정사,48,75,頭上,2,,
열하일기,관내정사,48,76,坐數十小金佛,6,,
열하일기,관내정사,48,77,樓下有臥佛,5,,
열하일기,관내정사,48,78,覆以錦衾,4,,
열하일기,관내정사,48,79,樓扁曰觀音之閣,7,,
열하일기,관내정사,48,80,左方小書曰太白,7,,
열하일기,관내정사,48,81,或曰覆衾而臥者,7,,
열하일기,관내정사,48,82,非佛也,3,,
열하일기,관내정사,48,83,乃李白醉眠之像也,8,,
열하일기,관내정사,48,84,有行宮,3,,
열하일기,관내정사,48,85,牢鎖,2,,
열하일기,관내정사,48,86,不許觀,3,,
열하일기,관내정사,48,87,還寓舘,3,,Y
열하일기,관내정사,48,88,則門外賈客雲集,7,賈,Y
열하일기,관내정사,48,89,持馬驢携書冊書畵器玩,10,,Y
열하일기,관내정사,48,90,亦有弄,3,,
열하일기,관내정사,48,91,熊諸戱,3,,
열하일기,관내정사,48,92,而弄蛇弄虎者,6,,
열하일기,관내정사,48,93,已罷去,3,,
열하일기,관내정사,48,94,未及觀可嘆,5,,Y
열하일기,관내정사,48,95,有賣鸚鵡者,5,賣,Y
열하일기,관내정사,48,96,日已昏,3,,Y
열하일기,관내정사,48,97,不得詳看其毛色,7,,
열하일기,관내정사,48,98,方覓燈之際,5,,Y
열하일기,관내정사,48,99,賣,1,賣,Y
열하일기,관내정사,48,100,者已去,3,,Y
열하일기,관내정사,48,101,尤爲可恨,4,,
열하일기,관내정사,49,1,三十日丙午,5,,
열하일기,관내정사,49,2,晴,1,,
열하일기,관내정사,49,3,自邦均至別山庄二里,9,,
열하일기,관내정사,49,4,曲家庄二里,5,,
열하일기,관내정사,49,5,龍灣子四里,5,,
열하일기,관내정사,49,6,一柳河二里,5,,
열하일기,관내정사,49,7,現曲子二里,5,,
열하일기,관내정사,49,8,胡李庄十,4,,
열하일기,관내정사,49,9,里,1,,
열하일기,관내정사,49,10,白榦店二里,5,,
열하일기,관내정사,49,11,段家店二里,5,,
열하일기,관내정사,49,12,滹沱河五里,5,,
열하일기,관내정사,49,13,三河縣五里,5,,
열하일기,관내정사,49,14,東西棗林五里,6,,
열하일기,관내정사,49,15,共四十六里,5,,
열하일기,관내정사,49,16,中火,2,,
열하일기,관내정사,49,17,自棗林至,4,,
열하일기,관내정사,49,18,白浮屠庄六里,6,,
열하일기,관내정사,49,19,新店六里,4,,
열하일기,관내정사,49,20,皇親店六里,5,,
열하일기,관내정사,49,21,夏店六里,4,,
열하일기,관내정사,49,22,柳河店五里,5,,
열하일기,관내정사,49,23,馬已乏六里,5,,
열하일기,관내정사,49,24,烟郊堡七里,5,,
열하일기,관내정사,49,25,共四十一里,5,,
열하일기,관내정사,49,26,是日通行八十四里,8,,
열하일기,관내정사,49,27,宿烟郊堡,4,,
열하일기,관내정사,49,28,薊州古漁陽,5,,
열하일기,관내정사,49,29,北有盤山,4,,
열하일기,관내정사,49,30,危峰削立,4,,
열하일기,관내정사,49,31,皆上豊下纖,5,,
열하일기,관내정사,49,32,類盤形,3,,
열하일기,관내정사,49,33,故名盤山,4,,
열하일기,관내정사,49,34,一,1,,
열하일기,관내정사,49,35,名五龍山,4,,
열하일기,관내정사,49,36,甞讀袁中郞盤山記,8,,
열하일기,관내정사,49,37,多奇勝,3,,
열하일기,관내정사,49,38,必欲一登而無伴遊者,9,,
열하일기,관내정사,49,39,勢無柰何,4,,
열하일기,관내정사,49,40,山雖峭嶢,4,,
열하일기,관내정사,49,41,而雄蟠數百里,6,,
열하일기,관내정사,49,42,外,1,,
열하일기,관내정사,49,43,骨內膚,3,,
열하일기,관내정사,49,44,果樹極多,4,,
열하일기,관내정사,49,45,皇城日用棗栗柹梨,8,,
열하일기,관내정사,49,46,皆出其中,4,,
열하일기,관내정사,49,47,行至漁陽橋,5,,
열하일기,관내정사,49,48,路左有楊妃廟,6,,
열하일기,관내정사,49,49,與峯頭祿山祠相對,8,,
열하일기,관내정사,49,50,天,1,,Y
열하일기,관내정사,49,51,下有錢者何限,6,錢,Y
열하일기,관내정사,49,52,而何乃設此淫穢之祠,9,,Y
열하일기,관내정사,49,53,以祈冥佑耶,5,,
열하일기,관내정사,49,54,詩云,2,,
열하일기,관내정사,49,55,求福不回,4,,Y
열하일기,관내정사,49,56,此可謂浪費錢矣,7,錢,Y
열하일기,관내정사,49,57,或曰,2,,Y
열하일기,관내정사,49,58,聖人不黜,4,,
열하일기,관내정사,49,59,鄭衛之淫詩,5,,
열하일기,관내정사,49,60,以存鑑誡,4,,
열하일기,관내정사,49,61,薊州錦屛山石壁,7,,
열하일기,관내정사,49,62,刻楊雄斬潘巧雲像云,9,,
열하일기,관내정사,49,63,白榦店,3,,
열하일기,관내정사,49,64,有遊觀秀才,5,,
열하일기,관내정사,49,65,相與胡盧曰,5,,
열하일기,관내정사,49,66,安,1,,
열하일기,관내정사,49,67,祿山儘是名士,6,,
열하일기,관내정사,49,68,其咏櫻桃詩曰,6,,
열하일기,관내정사,49,69,櫻桃一籃子,5,,
열하일기,관내정사,49,70,半靑一半黃,5,,
열하일기,관내정사,49,71,一半寄懷王,5,,
열하일기,관내정사,49,72,一半寄周摯,5,,
열하일기,관내정사,49,73,或請以周摯句易,7,,
열하일기,관내정사,49,74,懷王爲協韻,5,,
열하일기,관내정사,49,75,祿山大怒曰,5,,
열하일기,관내정사,49,76,肯使周摯壓我兒耶,8,,
열하일기,관내정사,49,77,如此詩人,4,,
열하일기,관내정사,49,78,寧可乏祠,4,,
열하일기,관내정사,49,79,相與大笑,4,,
열하일기,관내정사,49,80,歷入香林寺,5,,
열하일기,관내정사,49,81,佛殿題曰,4,,
열하일기,관내정사,49,82,香林菴,3,,
열하일기,관내정사,49,83,殿上金字題曰香林法界,10,,
열하일기,관내정사,49,84,康煕皇帝筆也,6,,
열하일기,관내정사,49,85,順治之妹,4,,
열하일기,관내정사,49,86,早寡爲尼,4,,
열하일기,관내정사,49,87,居此菴,3,,
열하일기,관내정사,49,88,壽逾九十而歿云,7,,
열하일기,관내정사,49,89,菴中,2,,
열하일기,관내정사,49,90,所居,2,,
열하일기,관내정사,49,91,皆比邱尼也,5,,
열하일기,관내정사,49,92,庭中有白榦松二株,8,,
열하일기,관내정사,49,93,高數十丈,4,,
열하일기,관내정사,49,94,鱗甲蒼白,4,,
열하일기,관내정사,49,95,菴東有小浮圖五坐,8,,
열하일기,관내정사,49,96,浮圖左右,4,,
열하일기,관내정사,49,97,有白榦松,4,,
열하일기,관내정사,49,98,三株,2,,
열하일기,관내정사,49,99,翠滿一庭,4,,
열하일기,관내정사,49,100,濤聲送凉,4,,
열하일기,관내정사,49,101,店名白榦,4,,
열하일기,관내정사,49,102,似因白榦松而稱焉,8,,
열하일기,관내정사,49,103,皇都漸近,4,,
열하일기,관내정사,49,104,車馬之聲,4,,
열하일기,관내정사,49,105,可謂白日雷霆,6,,
열하일기,관내정사,49,106,沿路,2,,
열하일기,관내정사,49,107,左右,2,,Y
열하일기,관내정사,49,108,皆富貴家墳塚,6,富,Y
열하일기,관내정사,49,109,連墻如閭閻,5,,Y
열하일기,관내정사,49,110,墻外引河爲壕,6,,
열하일기,관내정사,49,111,門前石橋,4,,
열하일기,관내정사,49,112,皆爲虹空,4,,
열하일기,관내정사,49,113,往往爲石牌樓,6,,
열하일기,관내정사,49,114,壕邊蘆荻中,5,,
열하일기,관내정사,49,115,時繫荳殼小艇,6,,
열하일기,관내정사,49,116,橋下處處設魚罾,7,,
열하일기,관내정사,49,117,墻內樹木森陰,6,,
열하일기,관내정사,49,118,時露甍檐,4,,
열하일기,관내정사,49,119,或湧出胡頂,5,,
열하일기,관내정사,49,120,小憩店中,4,,
열하일기,관내정사,49,121,欄外有數十美,6,,
열하일기,관내정사,49,122,童,1,,
열하일기,관내정사,49,123,結隊行歌,4,,
열하일기,관내정사,49,124,錦袍繡袴,4,,
열하일기,관내정사,49,125,玉貌雪膚,4,,
열하일기,관내정사,49,126,或皷檀板,4,,
열하일기,관내정사,49,127,或吹笙簧,4,,
열하일기,관내정사,49,128,或彈琵琶,4,,
열하일기,관내정사,49,129,聯袂緩唱,4,,
열하일기,관내정사,49,130,姸好都冶,4,,
열하일기,관내정사,49,131,此等皆皇城,5,,
열하일기,관내정사,49,132,丐兒,2,,
열하일기,관내정사,49,133,遊市肆中,4,,Y
열하일기,관내정사,49,134,求媚遠地客商,6,商,Y
열하일기,관내정사,49,135,一宵接枕,4,,Y
열하일기,관내정사,49,136,或給數百兩銀子云,8,銀,Y
열하일기,관내정사,49,137,道傍連簟蔽陽,6,,Y
열하일기,관내정사,49,138,處處設戱,4,,
열하일기,관내정사,49,139,有演三國誌,5,,
열하일기,관내정사,49,140,者,1,,
열하일기,관내정사,49,141,有演水滸傳者,6,,
열하일기,관내정사,49,142,有演西廂記者,6,,
열하일기,관내정사,49,143,高聲唱詞彈吹,6,,
열하일기,관내정사,49,144,並作千百玩戱之物,8,,Y
열하일기,관내정사,49,145,擺列賣買,4,買 賣,Y
열하일기,관내정사,49,146,皆爲孩提,4,,Y
열하일기,관내정사,49,147,片時供玩,4,,Y
열하일기,관내정사,49,148,之資,2,資,Y
열하일기,관내정사,49,149,而非但物料稀奇,7,,Y
열하일기,관내정사,49,150,其製作莫不精巧,7,,
열하일기,관내정사,49,151,或觸手破碎,5,,Y
열하일기,관내정사,49,152,而工費不下數兩紋銀,9,銀,Y
열하일기,관내정사,49,153,卓上列數萬關公像,8,,Y
열하일기,관내정사,49,154,橫,1,,
열하일기,관내정사,49,155,刀立馬,3,,
열하일기,관내정사,49,156,其大纔數寸,5,,
열하일기,관내정사,49,157,皆紙造而巧妙入神,8,,
열하일기,관내정사,49,158,此是小兒戱具,6,,
열하일기,관내정사,49,159,而其多如此,5,,
열하일기,관내정사,49,160,則他可推知,5,,
열하일기,관내정사,49,161,眩慌駭惑,4,,
열하일기,관내정사,49,162,三官並,3,,
열하일기,관내정사,49,163,勞,1,,
열하일기,관내정사,49,164,舟渡滹沱河,5,,
열하일기,관내정사,49,165,入三河縣城中,6,,
열하일기,관내정사,49,166,尋孫蓉洲有義宅,7,,
열하일기,관내정사,49,167,蓉洲已於月前,6,,
열하일기,관내정사,49,168,往山西未還,5,,
열하일기,관내정사,49,169,宅在城東關廟傍,7,,
열하일기,관내정사,49,170,五六,2,,
열하일기,관내정사,49,171,間草屋,3,,Y
열하일기,관내정사,49,172,可念其貧寒無應門之童,10,貧,Y
열하일기,관내정사,49,173,隔簾有婦人之聲,7,,Y
열하일기,관내정사,49,174,殊不了了,4,,
열하일기,관내정사,49,175,槩言其家夫爲人館師,9,,
열하일기,관내정사,49,176,迎往山西地,5,,
열하일기,관내정사,49,177,獨,1,,
열하일기,관내정사,49,178,與一女在家,5,,
열하일기,관내정사,49,179,高麗老爺儼臨敝庄,8,,
열하일기,관내정사,49,180,有失迎肅,4,,
열하일기,관내정사,49,181,又有喚人之聲,6,,
열하일기,관내정사,49,182,余出湛軒書幣,6,,
열하일기,관내정사,49,183,置之簾前而去,6,,
열하일기,관내정사,49,184,墻缺處立,4,,
열하일기,관내정사,49,185,一女子,3,,
열하일기,관내정사,49,186,年可十五六,5,,
열하일기,관내정사,49,187,皓面素項,4,,
열하일기,관내정사,49,188,可念孫蓉洲女也,7,,
열하일기,관내정사,49,189,三河縣古臨昫,6,,
열하일기,관내정사,50,1,八月初一日丁未,7,,
열하일기,관내정사,50,2,朝晴,2,,
열하일기,관내정사,50,3,極熱,2,,
열하일기,관내정사,50,4,午後乍雨乍止,6,,
열하일기,관내정사,50,5,夜大雷雨,4,,
열하일기,관내정사,50,6,自烟郊堡曉發,6,,
열하일기,관내정사,50,7,至師姑庄五里,6,,
열하일기,관내정사,50,8,鄧家庄三里,5,,
열하일기,관내정사,50,9,胡家庄四里,5,,
열하일기,관내정사,50,10,習家庄三里,5,,
열하일기,관내정사,50,11,潞河四里通州二里,8,,
열하일기,관내정사,50,12,永通橋八里,5,,
열하일기,관내정사,50,13,楊家閘三里,5,,
열하일기,관내정사,50,14,管家庄三里,5,,
열하일기,관내정사,50,15,共三十五里,5,,
열하일기,관내정사,50,16,中,1,,
열하일기,관내정사,50,17,火,1,,
열하일기,관내정사,50,18,又行至三間房三里,8,,
열하일기,관내정사,50,19,定府庄三里,5,,
열하일기,관내정사,50,20,大王庄三里,5,,
열하일기,관내정사,50,21,太平庄三里,5,,
열하일기,관내정사,50,22,紅門三里,4,,
열하일기,관내정사,50,23,是里堡三里,5,,
열하일기,관내정사,50,24,巴里堡二里,5,,
열하일기,관내정사,50,25,新橋六里,4,,
열하일기,관내정사,50,26,東岳廟一里,5,,
열하일기,관내정사,50,27,朝陽門一里,5,,
열하일기,관내정사,50,28,入西館共二十七里,8,,
열하일기,관내정사,50,29,是日通行六十二里,8,,
열하일기,관내정사,50,30,自鴨綠江至皇城,7,,
열하일기,관내정사,50,31,統計,2,,
열하일기,관내정사,50,32,三十三站,4,,
열하일기,관내정사,50,33,爲二千三十里,6,,
열하일기,관내정사,50,34,曉發烟郊堡,5,,
열하일기,관내정사,50,35,與卞,2,,
열하일기,관내정사,50,36,鄭諸人先行,5,,
열하일기,관내정사,50,37,行未數里,4,,
열하일기,관내정사,50,38,已平明,3,,
열하일기,관내정사,50,39,忽聞震雷轟天,6,,
열하일기,관내정사,50,40,潞河舟,3,,
열하일기,관내정사,50,41,中萬砲聲云,5,,
열하일기,관내정사,50,42,朝露澹蕩,4,,
열하일기,관내정사,50,43,遙看檣頭簇立如荼,8,,
열하일기,관내정사,50,44,柳樹上多掛浮槎草根,9,,
열하일기,관내정사,50,45,一旬前京師大雨,7,,
열하일기,관내정사,50,46,潞河漲溢,4,,
열하일기,관내정사,50,47,壞民,2,,
열하일기,관내정사,50,48,廬舍數萬戶,5,,
열하일기,관내정사,50,49,人畜漂溺不計其數,8,,
열하일기,관내정사,50,50,今於馬上,4,,
열하일기,관내정사,50,51,以烟竹,3,,
열하일기,관내정사,50,52,伸臂仰揣柳上水痕,8,,
열하일기,관내정사,50,53,距平地可爲數丈,7,,
열하일기,관내정사,50,54,至河邊,3,,
열하일기,관내정사,50,55,河,1,,
열하일기,관내정사,50,56,廣且淸,3,,
열하일기,관내정사,50,57,舟楫之盛,4,,
열하일기,관내정사,50,58,可敵長城之雄,6,,
열하일기,관내정사,50,59,巨舶十萬艘,5,,
열하일기,관내정사,50,60,皆畵龍,3,,
열하일기,관내정사,50,61,湖北轉運使,5,,
열하일기,관내정사,50,62,昨日領到湖北粟三百萬石,11,,
열하일기,관내정사,50,63,試登,2,,
열하일기,관내정사,50,64,一船,2,,
열하일기,관내정사,50,65,略玩其制度,5,,
열하일기,관내정사,50,66,船皆長十餘丈,6,,
열하일기,관내정사,50,67,以鐵釘裝造,5,,
열하일기,관내정사,50,68,船上鋪板,4,,
열하일기,관내정사,50,69,建層屋,3,,
열하일기,관내정사,50,70,糓物皆直寫于艙艎中,9,,
열하일기,관내정사,50,71,屋皆飾以雕,5,,
열하일기,관내정사,50,72,欄畵棟,3,,
열하일기,관내정사,50,73,文窓繡戶,4,,
열하일기,관내정사,50,74,制如陸宅,4,,
열하일기,관내정사,50,75,下庫上樓,4,,
열하일기,관내정사,50,76,牌額柱聯,4,,
열하일기,관내정사,50,77,帷帟書畵,4,,
열하일기,관내정사,50,78,渺若仙居,4,,
열하일기,관내정사,50,79,屋上建雙檣帆,6,,
열하일기,관내정사,50,80,則以細藤簞,5,,
열하일기,관내정사,50,81,聯幅,2,,
열하일기,관내정사,50,82,渾船以鉛粉和油厚塗,9,,
열하일기,관내정사,50,83,上加黃漆,4,,
열하일기,관내정사,50,84,所以點水不滲,6,,
열하일기,관내정사,50,85,上雨亦無所憂也,7,,
열하일기,관내정사,50,86,船旗大書浙江山東等號,10,,
열하일기,관내정사,50,87,沿,1,,
열하일기,관내정사,50,88,河百里之間,5,,
열하일기,관내정사,50,89,密若竹林,4,,
열하일기,관내정사,50,90,南通直沽海,5,,
열하일기,관내정사,50,91,自天津衛會于張家灣,9,,
열하일기,관내정사,50,92,天下船運之物,6,,
열하일기,관내정사,50,93,皆湊集於通州,6,,
열하일기,관내정사,50,94,不見潞河,4,,
열하일기,관내정사,50,95,之舟楫,3,,
열하일기,관내정사,50,96,則不識帝都之壯也,8,,
열하일기,관내정사,50,97,又與三使齊登一船,8,,
열하일기,관내정사,50,98,左右設彩欄,5,,
열하일기,관내정사,50,99,屋前設帷帳爲棨門,8,,
열하일기,관내정사,50,100,左右竪儀仗旗幟刀,8,,
열하일기,관내정사,50,101,鎗釖戟鋒刃,5,,
열하일기,관내정사,50,102,皆木造,3,,
열하일기,관내정사,50,103,屋中置一柩,5,,
열하일기,관내정사,50,104,前設椅卓,4,,
열하일기,관내정사,50,105,擺列奠具,4,,
열하일기,관내정사,50,106,喪人據椅,4,,
열하일기,관내정사,50,107,碧紗牕下,4,,
열하일기,관내정사,50,108,身披一領綿布衣,7,,
열하일기,관내정사,50,109,頭髮,2,,
열하일기,관내정사,50,110,不削,2,,
열하일기,관내정사,50,111,長得數寸,4,,
열하일기,관내정사,50,112,如頭陀形,4,,
열하일기,관내정사,50,113,不肯與人酬酌,6,,
열하일기,관내정사,50,114,前置儀禮一卷,6,,
열하일기,관내정사,50,115,副使前爲之揖,6,,
열하일기,관내정사,50,116,喪人答揖稽顙起,7,,
열하일기,관내정사,50,117,伏頓首復,4,,
열하일기,관내정사,50,118,坐椅,2,,
열하일기,관내정사,50,119,副使要余筆譚,6,,
열하일기,관내정사,50,120,余遂書示副使姓名官啣,10,,
열하일기,관내정사,50,121,喪人頓首書曰,6,,
열하일기,관내정사,50,122,賤姓秦名璟,5,,
열하일기,관내정사,50,123,系是湖北之人,6,,
열하일기,관내정사,50,124,亡父遊宦,4,,
열하일기,관내정사,50,125,京師,2,,
열하일기,관내정사,50,126,官至翰林修撰,6,,
열하일기,관내정사,50,127,本年七月初九日身故,9,,
열하일기,관내정사,50,128,皇上欽賜土地歸船,8,,
열하일기,관내정사,50,129,返骸故鄕,4,,
열하일기,관내정사,50,130,衰麻在身,4,,
열하일기,관내정사,50,131,有失主儀,4,,
열하일기,관내정사,50,132,副使,2,,
열하일기,관내정사,50,133,書問年甲,4,,
열하일기,관내정사,50,134,秦璟不答,4,,
열하일기,관내정사,50,135,副使書問中國皆行三年之制否,13,,
열하일기,관내정사,50,136,秦璟曰,3,,
열하일기,관내정사,50,137,聖人緣情制禮,6,,
열하일기,관내정사,50,138,不肖者跂而及之,7,,
열하일기,관내정사,50,139,副使,2,,
열하일기,관내정사,50,140,曰,1,,
열하일기,관내정사,50,141,喪制皆遵朱子否,7,,
열하일기,관내정사,50,142,秦璟曰,3,,
열하일기,관내정사,50,143,一遵文公,4,,
열하일기,관내정사,50,144,牕外斑竹欄干,6,,
열하일기,관내정사,50,145,映紗瓏,3,,
열하일기,관내정사,50,146,鄰船鼓樂喧咽,6,,
열하일기,관내정사,50,147,鷗鳥烟雲,4,,
열하일기,관내정사,50,148,樓臺之勝,4,,
열하일기,관내정사,50,149,透窓映帶,4,,
열하일기,관내정사,50,150,沙堤浩渺,4,,
열하일기,관내정사,50,151,風帆出沒,4,,
열하일기,관내정사,50,152,悠然忘其爲浮家泛宅,9,,
열하일기,관내정사,50,153,若寓身闤闠華堂之間,9,,
열하일기,관내정사,50,154,而兼有江湖景物之樂,9,,
열하일기,관내정사,50,155,副使回身作哂曰,7,,
열하일기,관내정사,50,156,可謂月波亭喪人,7,,
열하일기,관내정사,50,157,余亦隱笑,4,,
열하일기,관내정사,50,158,正使使人忙邀,6,,
열하일기,관내정사,50,159,謂有可觀,4,,
열하일기,관내정사,50,160,遂與副使同起,6,,
열하일기,관내정사,50,161,背後撲地響,5,,
열하일기,관내정사,50,162,顧視則副房裨將李瑞龜跌顚,12,,
열하일기,관내정사,50,163,視人而笑,4,,
열하일기,관내정사,50,164,盖船上鋪板氷滑,7,,
열하일기,관내정사,50,165,不堪着足,4,,
열하일기,관내정사,50,166,副使方兢兢扶擁,7,,
열하일기,관내정사,50,167,顧囑未了,4,,
열하일기,관내정사,50,168,帶,1,,
열하일기,관내정사,50,169,左連右,3,,
열하일기,관내정사,50,170,一瀏同顚,4,,
열하일기,관내정사,50,171,帳裡四人,4,,
열하일기,관내정사,50,172,方投紙牌,4,,
열하일기,관내정사,50,173,余就視之,4,,
열하일기,관내정사,50,174,皆滿書不可知矣,7,,
열하일기,관내정사,50,175,或曰,2,,
열하일기,관내정사,50,176,此名馬吊也,5,,
열하일기,관내정사,50,177,深奧處列卓,5,,
열하일기,관내정사,50,178,擺器,2,,
열하일기,관내정사,50,179,其尊壺觚罐,5,,
열하일기,관내정사,50,180,皆瑰奇,3,,
열하일기,관내정사,50,181,出一門,3,,
열하일기,관내정사,50,182,正使與書狀,5,,
열하일기,관내정사,50,183,據鋪板,3,,
열하일기,관내정사,50,184,俯瞰艙艎中,5,,
열하일기,관내정사,50,185,此是廚房,4,,
열하일기,관내정사,50,186,二個老婦人,5,,
열하일기,관내정사,50,187,髻裹白,3,,
열하일기,관내정사,50,188,布,1,,
열하일기,관내정사,50,189,方鼎熟菉荳芽,6,,
열하일기,관내정사,50,190,菁根,2,,
열하일기,관내정사,50,191,水芹之屬,4,,
열하일기,관내정사,50,192,更浴冷水,4,,
열하일기,관내정사,50,193,有一個處女年可二八,9,,
열하일기,관내정사,50,194,佳麗無雙,4,,
열하일기,관내정사,50,195,見客小無羞澀之態,8,,
열하일기,관내정사,50,196,窈窕幽閒,4,,
열하일기,관내정사,50,197,執事天然,4,,
열하일기,관내정사,50,198,而縐縠如霧,5,,
열하일기,관내정사,50,199,皓腕若藕,4,,
열하일기,관내정사,50,200,似是秦家叉鬟,6,,
열하일기,관내정사,50,201,爲具朝饌也,5,,
열하일기,관내정사,50,202,船左右遍揷蕉葉扇,8,,
열하일기,관내정사,50,203,書翰林,3,,
열하일기,관내정사,50,204,知州正堂布政使,7,,
열하일기,관내정사,50,205,皆亡者履歷也,6,,
열하일기,관내정사,50,206,江中處處,4,,
열하일기,관내정사,50,207,船遊小艇,4,,
열하일기,관내정사,50,208,或張紅繖,4,,
열하일기,관내정사,50,209,或設靑幔,4,,
열하일기,관내정사,50,210,三三五五,4,,
열하일기,관내정사,50,211,各踞短脚椅,5,,
열하일기,관내정사,50,212,或坐凳子,4,,
열하일기,관내정사,50,213,牀上擺列書卷畵軸香鼎茶鎗,12,,
열하일기,관내정사,50,214,或吹鳳笙龍管,6,,
열하일기,관내정사,50,215,或據牀作書畵,6,,Y
열하일기,관내정사,50,216,或飮酒賦詩,5,賦,Y
열하일기,관내정사,50,217,未必盡高人韻士,7,,Y
열하일기,관내정사,50,218,而閒雅有趣矣,6,,
열하일기,관내정사,50,219,下船登岸,4,,
열하일기,관내정사,50,220,車馬塞路不可行,7,,
열하일기,관내정사,50,221,旣入東門,4,,
열하일기,관내정사,50,222,至西門五里之間,7,,
열하일기,관내정사,50,223,獨輪車數萬塡塞,7,,
열하일기,관내정사,50,224,無回旋處,4,,
열하일기,관내정사,50,225,遂下馬入一舖中,7,,Y
열하일기,관내정사,50,226,其瑰麗繁富,5,富,Y
열하일기,관내정사,50,227,已非盛京山海關之比矣,10,,Y
열하일기,관내정사,50,228,艱穿條路,4,,
열하일기,관내정사,50,229,寸寸前進,4,,
열하일기,관내정사,50,230,市門之扁曰萬艘雲集,9,,
열하일기,관내정사,50,231,大街上,3,,
열하일기,관내정사,50,232,建二檐高樓,5,,
열하일기,관내정사,50,233,題曰聲聞九天,6,,
열하일기,관내정사,50,234,城外有三所倉廒,7,,
열하일기,관내정사,50,235,制如城郭,4,,
열하일기,관내정사,50,236,上覆瓦屋,4,,
열하일기,관내정사,50,237,屋上建疎牕小閣,7,,
열하일기,관내정사,50,238,以洩積,3,,
열하일기,관내정사,50,239,氣,1,,
열하일기,관내정사,50,240,墻壁間垂穿傍穴,7,,
열하일기,관내정사,50,241,以疎濕氣,4,,
열하일기,관내정사,50,242,引河環倉爲壕,6,,
열하일기,관내정사,50,243,行至永通橋,5,,
열하일기,관내정사,50,244,一名八里橋也,6,,
열하일기,관내정사,50,245,長數百丈廣十餘丈,8,,
열하일기,관내정사,50,246,虹空,2,,
열하일기,관내정사,50,247,高十餘丈,4,,
열하일기,관내정사,50,248,左右設欄,4,,
열하일기,관내정사,50,249,欄頭坐數百狻猊,7,,
열하일기,관내정사,50,250,雕刻之工,4,,
열하일기,관내정사,50,251,類圖章細鈕,5,,
열하일기,관내정사,50,252,橋下舟楫,4,,
열하일기,관내정사,50,253,直達朝陽門外,6,,
열하일기,관내정사,50,254,復以小船,4,,
열하일기,관내정사,50,255,開閘運漕,4,,
열하일기,관내정사,50,256,以入太倉云,5,,
열하일기,관내정사,50,257,自通州至皇城四十里間,10,,
열하일기,관내정사,50,258,鋪石爲梁,4,,
열하일기,관내정사,50,259,鐵輪相搏,4,,
열하일기,관내정사,50,260,車聲益壯,4,,
열하일기,관내정사,50,261,令人心神,4,,
열하일기,관내정사,50,262,震蕩不寧,4,,
열하일기,관내정사,50,263,沿道左右,4,,
열하일기,관내정사,50,264,盡是墳塋,4,,
열하일기,관내정사,50,265,而垣墻相連,5,,
열하일기,관내정사,50,266,樹木茂密,4,,
열하일기,관내정사,50,267,不見塚形,4,,
열하일기,관내정사,50,268,至大王庄小憩,6,,
열하일기,관내정사,50,269,又行路左有三間石牌樓,10,,
열하일기,관내정사,50,270,立馬,2,,
열하일기,관내정사,50,271,牌樓下,3,,
열하일기,관내정사,50,272,觀其制作,4,,
열하일기,관내정사,50,273,乃佟國維塋域也,7,,
열하일기,관내정사,50,274,牌樓列刻官誥,6,,
열하일기,관내정사,50,275,上層刻褒寵詔敕,7,,
열하일기,관내정사,50,276,遂渡橋入其門,6,,
열하일기,관내정사,50,277,左右竪八楞華,6,,
열하일기,관내정사,50,278,表,1,,
열하일기,관내정사,50,279,上置石獅,4,,
열하일기,관내정사,50,280,中庭築路墄高一丈,8,,
열하일기,관내정사,50,281,路左右有古松數十株,9,,
열하일기,관내정사,50,282,築三層石臺,5,,
열하일기,관내정사,50,283,列竪十三穹碑,6,,
열하일기,관내정사,50,284,皆敕奬佟氏三,6,,
열하일기,관내정사,50,285,世勳伐,3,,
열하일기,관내정사,50,286,國維一名隆科多,7,,Y
열하일기,관내정사,50,287,其妻何奢禮氏,6,奢,Y
열하일기,관내정사,50,288,北墻下有六塋,6,,Y
열하일기,관내정사,50,289,一行入葬,4,,
열하일기,관내정사,50,290,不封莎草,4,,
열하일기,관내정사,50,291,下圓上銳,4,,
열하일기,관내정사,50,292,以石灰塗滑,5,,
열하일기,관내정사,50,293,有黃瓦屋數十間,7,,
열하일기,관내정사,50,294,丹靑昧,3,,
열하일기,관내정사,50,295,階級夷倒,4,,
열하일기,관내정사,50,296,畵簾朽隳,4,,
열하일기,관내정사,50,297,滿堂蝙蝠矢,5,,
열하일기,관내정사,50,298,寂無一物,4,,
열하일기,관내정사,50,299,亦不見守者,5,,
열하일기,관내정사,50,300,類深山廢刹,5,,
열하일기,관내정사,50,301,甚可恠也,4,,
열하일기,관내정사,50,302,似是勳戚隆赫之家,8,,
열하일기,관내정사,50,303,今焉無子孫而然歟,8,,
열하일기,관내정사,50,304,至東嶽廟,4,,
열하일기,관내정사,50,305,三使改服整班,6,,
열하일기,관내정사,50,306,如入瀋陽時,5,,
열하일기,관내정사,50,307,通官烏林,4,,
열하일기,관내정사,50,308,哺,1,,
열하일기,관내정사,50,309,徐宗顯,3,,
열하일기,관내정사,50,310,朴寶秀等,4,,
열하일기,관내정사,50,311,已來候廟中,5,,
열하일기,관내정사,50,312,皆蟒袍繡補,5,,
열하일기,관내정사,50,313,項掛朝珠,4,,
열하일기,관내정사,50,314,乘馬先導,4,,
열하일기,관내정사,50,315,至朝陽門,4,,
열하일기,관내정사,50,316,其制度一如山海關,8,,
열하일기,관내정사,50,317,但目不暇視,5,,
열하일기,관내정사,50,318,緇塵漲天,4,,
열하일기,관내정사,50,319,車載水桶,4,,
열하일기,관내정사,50,320,處處灑道,4,,
열하일기,관내정사,50,321,使臣直往禮部,6,,
열하일기,관내정사,50,322,呈表咨而去,5,,
열하일기,관내정사,50,323,余分路與趙明會先詣舘所,11,,
열하일기,관내정사,50,324,順治初,3,,
열하일기,관내정사,50,325,設朝鮮使邸于玉河西畔,10,,
열하일기,관내정사,50,326,稱玉河館,4,,
열하일기,관내정사,50,327,後爲鄂羅斯所占,7,,
열하일기,관내정사,50,328,鄂羅斯,3,,
열하일기,관내정사,50,329,所謂大鼻子,5,,
열하일기,관내정사,50,330,最凶悍,3,,
열하일기,관내정사,50,331,淸人不,3,,
열하일기,관내정사,50,332,能制,2,,
열하일기,관내정사,50,333,遂設會同館于乾魚衚衕,10,,
열하일기,관내정사,50,334,都統滿丕之宅也,7,,
열하일기,관내정사,50,335,丕之被戮也,5,,
열하일기,관내정사,50,336,家人多自裁,5,,
열하일기,관내정사,50,337,故館多鬼魅,5,,
열하일기,관내정사,50,338,或我國別使,5,,
열하일기,관내정사,50,339,與冬行相値,5,,
열하일기,관내정사,50,340,則分寓西館,5,,
열하일기,관내정사,50,341,年前別使,4,,
열하일기,관내정사,50,342,先寓乾魚衚衕,6,,
열하일기,관내정사,50,343,錦城尉以冬至使,7,,
열하일기,관내정사,50,344,寓於西館,4,,
열하일기,관내정사,50,345,去歲乾魚衚衕會同,8,,
열하일기,관내정사,50,346,館失火,3,,
열하일기,관내정사,50,347,未及改建,4,,
열하일기,관내정사,50,348,故今行又爲移寓於西館,10,,
열하일기,관내정사,50,349,噫,1,,
열하일기,관내정사,50,350,古史稱,3,,Y
열하일기,관내정사,50,351,書契以前,4,契,Y
열하일기,관내정사,50,352,年代國都不可攷,7,,Y
열하일기,관내정사,50,353,然自有書契以來,7,契,Y
열하일기,관내정사,50,354,二十一代三千餘年,8,,Y
열하일기,관내정사,50,355,治天下將以何術也,8,,
열하일기,관내정사,50,356,豈非所謂惟精惟一之心法乎,12,,
열하일기,관내정사,50,357,故治天下者,5,,
열하일기,관내정사,50,358,吾知其有堯舜氏,7,,
열하일기,관내정사,50,359,治水吾知其有夏禹氏,9,,
열하일기,관내정사,50,360,井田吾知其有周公氏,9,,
열하일기,관내정사,50,361,學問吾知其有孔子氏,9,,Y
열하일기,관내정사,50,362,財賦吾知其有管仲氏,9,財 賦,Y
열하일기,관내정사,50,363,吾未知復,4,,Y
열하일기,관내정사,50,364,有幾聖人竭其心思焉,9,,
열하일기,관내정사,50,365,幾聖人竭其目力焉,8,,
열하일기,관내정사,50,366,幾聖人竭其耳力焉,8,,
열하일기,관내정사,50,367,幾聖人艸刱之,6,,
열하일기,관내정사,50,368,幾聖人潤色之,6,,
열하일기,관내정사,50,369,幾聖人,3,,
열하일기,관내정사,50,370,修飾之,3,,Y
열하일기,관내정사,50,371,於二十一代三千餘年書契未造之前耶,16,契,Y
열하일기,관내정사,50,372,群聖人之所以竭其心思耳目艸刱潤色修飾者,19,,Y
열하일기,관내정사,50,373,將以自,3,,Y
열하일기,관내정사,50,374,利乎,2,利,Y
열하일기,관내정사,50,375,抑欲與萬世共享其福耶,10,,Y
열하일기,관내정사,50,376,一有心術不同,6,,
열하일기,관내정사,50,377,事業各殊,4,,
열하일기,관내정사,50,378,則目之爲愚人,6,,
열하일기,관내정사,50,379,而未始不凶國害家也,9,,
열하일기,관내정사,50,380,然而,2,,
열하일기,관내정사,50,381,其所以竭心思之淫,8,,
열하일기,관내정사,50,382,耳目之巧,4,,
열하일기,관내정사,50,383,反有過於聖人,6,,
열하일기,관내정사,50,384,則尤爲後世之所喜,8,,
열하일기,관내정사,50,385,顯斥其身,4,,
열하일기,관내정사,50,386,而暗收其功,5,,
열하일기,관내정사,50,387,陽怒其人,4,,Y
열하일기,관내정사,50,388,而陰享其利,5,利,Y
열하일기,관내정사,50,389,天下之寄技淫巧,7,,Y
열하일기,관내정사,50,390,由是而日滋矣,6,,
열하일기,관내정사,50,391,夫瓊其宮而瑤其臺者,9,,
열하일기,관내정사,50,392,豈非所謂桀紂乎,7,,
열하일기,관내정사,50,393,夫塹山塡谷,5,,
열하일기,관내정사,50,394,築城萬里者,5,,
열하일기,관내정사,50,395,豈非所謂蒙恬乎,7,,
열하일기,관내정사,50,396,除天下之直道者,7,,
열하일기,관내정사,50,397,豈非所謂始皇乎,7,,
열하일기,관내정사,50,398,天下之事,4,,
열하일기,관내정사,50,399,非法不立,4,,
열하일기,관내정사,50,400,於是立法於,5,,
열하일기,관내정사,50,401,徙木棄灰,4,,
열하일기,관내정사,50,402,而以一其制度者,7,,Y
열하일기,관내정사,50,403,豈非所謂商鞅乎,7,商,Y
열하일기,관내정사,50,404,夫此四五諸公者,7,,Y
열하일기,관내정사,50,405,其力量才智,5,,
열하일기,관내정사,50,406,精神氣魄,4,,
열하일기,관내정사,50,407,鋪排施設,4,,
열하일기,관내정사,50,408,莫,1,,
열하일기,관내정사,50,409,不震天動地,5,,
열하일기,관내정사,50,410,而未始不欲與群聖人對頭並立乎宇宙之間矣,19,,Y
열하일기,관내정사,50,411,不幸首出於書契旣造之後,11,契,Y
열하일기,관내정사,50,412,功利之享,4,利,Y
열하일기,관내정사,50,413,獨,1,,Y
열하일기,관내정사,50,414,歸後人,3,,
열하일기,관내정사,50,415,而身爲禍首,5,,
열하일기,관내정사,50,416,長蒙愚夫之名,6,,
열하일기,관내정사,50,417,豈不哀哉,4,,
열하일기,관내정사,50,418,吾又未知二十一代三千餘年之間,14,,
열하일기,관내정사,50,419,幾桀紂幾蒙恬幾始,8,,Y
열하일기,관내정사,50,420,皇幾商鞅,4,商,Y
열하일기,관내정사,50,421,效尤於書契旣造之後耶,10,契,Y
열하일기,관내정사,50,422,書契旣造之後如此,8,契,Y
열하일기,관내정사,50,423,則書契未造之前,7,契,Y
열하일기,관내정사,50,424,其所損益可知也,7,,Y
열하일기,관내정사,50,425,何以知其,4,,
열하일기,관내정사,50,426,然也,2,,
열하일기,관내정사,50,427,昔秦皇帝倣寫六國,8,,
열하일기,관내정사,50,428,大治阿房前殿,6,,
열하일기,관내정사,50,429,倣寫者,3,,
열하일기,관내정사,50,430,畵史之爲傳摹也,7,,
열하일기,관내정사,50,431,六國之士,4,,
열하일기,관내정사,50,432,遊說其君,4,,
열하일기,관내정사,50,433,未始不叱桀,5,,
열하일기,관내정사,50,434,罵紂,2,,
열하일기,관내정사,50,435,而所謂瓊其宮而瑤其臺者,11,,
열하일기,관내정사,50,436,適足爲章華金臺之副本,10,,
열하일기,관내정사,50,437,則章華金臺,5,,
열하일기,관내정사,50,438,未始非阿房之白描耳,9,,
열하일기,관내정사,50,439,項羽一,3,,
열하일기,관내정사,50,440,炬而燒之,4,,
열하일기,관내정사,50,441,蕩爲粉地,4,,
열하일기,관내정사,50,442,足爲後世土木之鑑,8,,
열하일기,관내정사,50,443,而其心以爲身旣不居,9,,
열하일기,관내정사,50,444,猶恐他人之來占,7,,
열하일기,관내정사,50,445,則彭城之都,5,,
열하일기,관내정사,50,446,又將,2,,
열하일기,관내정사,50,447,一阿房,3,,
열하일기,관내정사,50,448,但未及耳,4,,
열하일기,관내정사,50,449,蕭何大治未央宮,7,,
열하일기,관내정사,50,450,漢高帝有耳有目,7,,
열하일기,관내정사,50,451,而佯若不知,5,,
열하일기,관내정사,50,452,及宮旣成,4,,
열하일기,관내정사,50,453,乃反罵何,4,,
열하일기,관내정사,50,454,罵誠是也,4,,
열하일기,관내정사,50,455,何不以何徇諸市朝而一炬以焚燒之,15,,
열하일기,관내정사,50,456,由是觀之,4,,
열하일기,관내정사,50,457,向之所以倣寫六國,8,,
열하일기,관내정사,50,458,大治阿房前殿者,7,,
열하일기,관내정사,50,459,未始不爲未央,6,,
열하일기,관내정사,50,460,宮起草耳,4,,
열하일기,관내정사,50,461,吾入朝陽門,5,,
열하일기,관내정사,50,462,而可以見夫堯舜精一之心如此也,14,,
열하일기,관내정사,50,463,夏禹之治水如此也,8,,
열하일기,관내정사,50,464,周公之井田如此也,8,,
열하일기,관내정사,50,465,孔,1,,
열하일기,관내정사,50,466,子之學問如此也,7,,Y
열하일기,관내정사,50,467,管仲之理財如此也,8,財,Y
열하일기,관내정사,50,468,桀紂之瓊宮瑤臺不過是法,11,,Y
열하일기,관내정사,50,469,蒙恬之塹山塡谷不過是法,11,,
열하일기,관내정사,50,470,始皇之,3,,
열하일기,관내정사,50,471,除直道不過是法,7,,Y
열하일기,관내정사,50,472,商鞅之一其制度不過是法,11,商,Y
열하일기,관내정사,50,473,何以知其然也,6,,Y
열하일기,관내정사,50,474,聖人甞同其律度量衡矣,10,,
열하일기,관내정사,50,475,圓者欲其中規,6,,
열하일기,관내정사,50,476,方者欲其中矩,6,,
열하일기,관내정사,50,477,直者欲其從繩,6,,
열하일기,관내정사,50,478,則放諸四海而四海準,9,,
열하일기,관내정사,50,479,放諸桀紂而桀紂準,8,,
열하일기,관내정사,50,480,聖人甞治懷山襄陵之水矣,11,,
열하일기,관내정사,50,481,其畚鍤之多,5,,Y
열하일기,관내정사,50,482,斧鑿之利,4,利,Y
열하일기,관내정사,50,483,工倕之巧,4,,Y
열하일기,관내정사,50,484,役夫之衆,4,,
열하일기,관내정사,50,485,豈特塹山塡谷築城萬里而止哉,13,,
열하일기,관내정사,50,486,聖人甞畫天下之田,8,,
열하일기,관내정사,50,487,而,1,,
열하일기,관내정사,50,488,至匀百畝之制矣,7,,
열하일기,관내정사,50,489,其溝澮畎隧之間,7,,
열하일기,관내정사,50,490,所謂行車幾乘,6,,
열하일기,관내정사,50,491,則其矩方繩正,6,,
열하일기,관내정사,50,492,豈特除道千里之直哉,9,,
열하일기,관내정사,50,493,聖人甞答門,5,,
열하일기,관내정사,50,494,人以爲邦之道矣,7,,
열하일기,관내정사,50,495,是特設於其辭,6,,
열하일기,관내정사,50,496,而未能躳行之,6,,
열하일기,관내정사,50,497,然後世繼天立極之君,9,,
열하일기,관내정사,50,498,未必其學問勝於聖人,9,,
열하일기,관내정사,50,499,而一朝,3,,
열하일기,관내정사,50,500,能擧而行之,5,,
열하일기,관내정사,50,501,亦奚特中華之族如此哉,10,,
열하일기,관내정사,50,502,夷狄之主凾夏者,7,,
열하일기,관내정사,50,503,未甞不襲其道而有之矣,10,,
열하일기,관내정사,50,504,衣食足而知禮節,7,,
열하일기,관내정사,50,505,則,1,,Y
열하일기,관내정사,50,506,後世之欲富其國而强其兵者,12,富,Y
열하일기,관내정사,50,507,寧冒刻薄小恩之名,8,,Y
열하일기,관내정사,50,508,豈適私利於其身哉,8,利,Y
열하일기,관내정사,50,509,論其心術於危微之際,9,,Y
열하일기,관내정사,50,510,辨其事,3,,
열하일기,관내정사,50,511,業於公私之間,6,,
열하일기,관내정사,50,512,則精一之法非彼之謂也,10,,Y
열하일기,관내정사,50,513,然若其功利之享,7,利,Y
열하일기,관내정사,50,514,雖其法之出乎夷狄,8,,Y
열하일기,관내정사,50,515,集其衆長,4,,
열하일기,관내정사,50,516,莫不以精一,5,,
열하일기,관내정사,50,517,爲師也,3,,
열하일기,관내정사,50,518,故向所謂才智力量震天動地者,13,,
열하일기,관내정사,50,519,所以成中國之大,7,,
열하일기,관내정사,50,520,而二十一代三千餘年之間,11,,
열하일기,관내정사,50,521,成法遺制,4,,
열하일기,관내정사,50,522,可得,2,,
열하일기,관내정사,50,523,以攷焉,3,,
열하일기,관내정사,50,524,其建國之號曰淸,7,,
열하일기,관내정사,50,525,其設都之府曰順天,8,,
열하일기,관내정사,50,526,在天之文曰箕尾之分,9,,Y
열하일기,관내정사,50,527,在地之志曰禹貢冀州之域,11,貢,Y
열하일기,관내정사,50,528,高陽,2,,Y
열하일기,관내정사,50,529,氏謂之幽陵,5,,
열하일기,관내정사,50,530,陶唐曰幽都,5,,
열하일기,관내정사,50,531,虞曰幽州,4,,
열하일기,관내정사,50,532,夏殷曰冀州,5,,
열하일기,관내정사,50,533,秦爲上谷漁陽,6,,
열하일기,관내정사,50,534,漢初爲燕國,5,,
열하일기,관내정사,50,535,後分爲涿郡,5,,
열하일기,관내정사,50,536,又改爲廣,4,,
열하일기,관내정사,50,537,陽,1,,
열하일기,관내정사,50,538,晉唐曰范陽,5,,
열하일기,관내정사,50,539,遼爲南京,4,,
열하일기,관내정사,50,540,後改爲析津府,6,,
열하일기,관내정사,50,541,宋改名燕山府,6,,
열하일기,관내정사,50,542,金稱燕京,4,,
열하일기,관내정사,50,543,尋改號中都,5,,
열하일기,관내정사,50,544,元爲大都,4,,
열하일기,관내정사,50,545,皇明初,3,,
열하일기,관내정사,50,546,爲北平府,4,,
열하일기,관내정사,50,547,太宗皇帝徙都焉,7,,
열하일기,관내정사,50,548,改稱順天府,5,,
열하일기,관내정사,50,549,今淸因以都之,6,,
열하일기,관내정사,50,550,城之周四十里,6,,
열하일기,관내정사,50,551,左環滄海,4,,
열하일기,관내정사,50,552,右擁太行,4,,
열하일기,관내정사,50,553,北枕居,3,,
열하일기,관내정사,50,554,庸,1,,
열하일기,관내정사,50,555,南襟河濟,4,,
열하일기,관내정사,50,556,城門之正南曰正陽,8,,
열하일기,관내정사,50,557,右曰崇文,4,,
열하일기,관내정사,50,558,左曰宣武,4,,
열하일기,관내정사,50,559,東南曰齊化,5,,
열하일기,관내정사,50,560,東北曰朝陽,5,,
열하일기,관내정사,50,561,西南曰平澤,5,,
열하일기,관내정사,50,562,西北,2,,
열하일기,관내정사,50,563,曰西直,3,,
열하일기,관내정사,50,564,北東曰德勝,5,,
열하일기,관내정사,50,565,北西曰安定,5,,
열하일기,관내정사,50,566,外城之門有七,6,,
열하일기,관내정사,50,567,紫禁城之門有三,7,,
열하일기,관내정사,50,568,宮城十七里,5,,
열하일기,관내정사,50,569,其門有四,4,,
열하일기,관내정사,50,570,前殿曰太,4,,
열하일기,관내정사,50,571,和,1,,
열하일기,관내정사,50,572,一人居焉,4,,
열하일기,관내정사,50,573,其姓曰愛新覺羅,7,,
열하일기,관내정사,50,574,其種曰女眞滿洲部,8,,
열하일기,관내정사,50,575,其位則天子也,6,,
열하일기,관내정사,50,576,其號則皇帝也,6,,
열하일기,관내정사,50,577,其職則代天莅物,7,,
열하일기,관내정사,50,578,也,1,,
열하일기,관내정사,50,579,其自稱曰朕,5,,
열하일기,관내정사,50,580,萬國尊之曰陛下,7,,
열하일기,관내정사,50,581,出言曰詔,4,,
열하일기,관내정사,50,582,發號曰敕,4,,
열하일기,관내정사,50,583,其冠曰紅帽,5,,
열하일기,관내정사,50,584,其服曰馬蹄袖,6,,
열하일기,관내정사,50,585,其傳世維四,5,,
열하일기,관내정사,50,586,其,1,,
열하일기,관내정사,50,587,建元曰乾隆,5,,
열하일기,관내정사,50,588,記之者誰,4,,
열하일기,관내정사,50,589,朝鮮朴趾源也,6,,
열하일기,관내정사,50,590,記之時維何,5,,
열하일기,관내정사,50,591,乾隆四十五年秋八月初一日也,13,,
열하일기,관내정사,51,1,初二日戊申,5,,
열하일기,관내정사,51,2,晴,1,,
열하일기,관내정사,51,3,昨夜大雷雨震電,7,,
열하일기,관내정사,51,4,未及修理所寓牕紙破落,10,,
열하일기,관내정사,51,5,曉又風寒,4,,
열하일기,관내정사,51,6,微有外感,4,,
열하일기,관내정사,51,7,不能飮食,4,,
열하일기,관내정사,51,8,朝日衙門,4,,
열하일기,관내정사,51,9,齊會禮部戶部郞中光祿寺官員也,14,,
열하일기,관내정사,51,10,米荳五六車,5,,
열하일기,관내정사,51,11,猪羊鷄鵝菜蔬充牣外庭,10,,
열하일기,관내정사,51,12,該部官列椅而坐,7,,
열하일기,관내정사,51,13,肅然無敢,4,,
열하일기,관내정사,51,14,喧譁者,3,,
열하일기,관내정사,51,15,正使每日館餼,6,,
열하일기,관내정사,51,16,鵝一雙雞三首,6,,
열하일기,관내정사,51,17,猪肉五斤,4,,
열하일기,관내정사,51,18,魚三尾牛乳一鏇,7,,
열하일기,관내정사,51,19,豆腐三觔,4,,
열하일기,관내정사,51,20,白麪二斤,4,,
열하일기,관내정사,51,21,黃酒六壺,4,,
열하일기,관내정사,51,22,醃菜三觔,4,,
열하일기,관내정사,51,23,茶葉四兩,4,,
열하일기,관내정사,51,24,醬瓜四兩,4,,
열하일기,관내정사,51,25,鹽二兩淸醬六兩,7,,
열하일기,관내정사,51,26,甘醬八兩,4,,
열하일기,관내정사,51,27,醋十兩,3,,
열하일기,관내정사,51,28,香油一兩,4,,Y
열하일기,관내정사,51,29,花椒一錢,4,錢,Y
열하일기,관내정사,51,30,燈油三鏇,4,,Y
열하일기,관내정사,51,31,蠟燭三枝,4,,
열하일기,관내정사,51,32,奶酥油三兩,5,,
열하일기,관내정사,51,33,細粉一觔半,5,,
열하일기,관내정사,51,34,生薑五兩蒜十頭,7,,
열하일기,관내정사,51,35,蘋果十五箇,5,,
열하일기,관내정사,51,36,黃梨十五箇,5,,
열하일기,관내정사,51,37,柹子十五箇,5,,
열하일기,관내정사,51,38,曬棗一,3,,
열하일기,관내정사,51,39,觔,1,,
열하일기,관내정사,51,40,葡萄一觔,4,,
열하일기,관내정사,51,41,沙果十五箇,5,,
열하일기,관내정사,51,42,燒酒一甁,4,,
열하일기,관내정사,51,43,米二升,3,,
열하일기,관내정사,51,44,柴三十觔,4,,
열하일기,관내정사,51,45,每三日,3,,
열하일기,관내정사,51,46,給蒙古羊一隻,6,,
열하일기,관내정사,51,47,副使書狀每日給羊,8,,
열하일기,관내정사,51,48,共一隻,3,,
열하일기,관내정사,51,49,鵝各一隻,4,,
열하일기,관내정사,51,50,鷄各一隻,4,,
열하일기,관내정사,51,51,魚各一尾,4,,
열하일기,관내정사,51,52,牛乳共一鏇,5,,
열하일기,관내정사,51,53,肉共三觔,4,,
열하일기,관내정사,51,54,白麪各二觔,5,,
열하일기,관내정사,51,55,豆腐各二觔,5,,
열하일기,관내정사,51,56,醃菜各三,4,,
열하일기,관내정사,51,57,觔,1,,Y
열하일기,관내정사,51,58,花椒各一錢,5,錢,Y
열하일기,관내정사,51,59,茶葉各一兩,5,,Y
열하일기,관내정사,51,60,鹽各一兩,4,,
열하일기,관내정사,51,61,淸醬各六兩,5,,
열하일기,관내정사,51,62,甘醬各六兩,5,,
열하일기,관내정사,51,63,醋各十兩,4,,
열하일기,관내정사,51,64,黃酒各六壺,5,,
열하일기,관내정사,51,65,醬瓜各四,4,,
열하일기,관내정사,51,66,兩,1,,
열하일기,관내정사,51,67,香油各一兩,5,,
열하일기,관내정사,51,68,燈油各一鍾,5,,
열하일기,관내정사,51,69,米各二升,4,,
열하일기,관내정사,51,70,蘋果共十五箇,6,,
열하일기,관내정사,51,71,沙果共十五箇,6,,
열하일기,관내정사,51,72,黃梨共十五箇,6,,
열하일기,관내정사,51,73,葡萄共五觔,5,,
열하일기,관내정사,51,74,曬棗共五觔,5,,
열하일기,관내정사,51,75,果物則每五日一給,8,,
열하일기,관내정사,51,76,副使每日給柴十七觔,9,,
열하일기,관내정사,51,77,書狀每日給柴十五觔,9,,
열하일기,관내정사,51,78,大通官三員,5,,
열하일기,관내정사,51,79,押物官二,4,,
열하일기,관내정사,51,80,十四員,3,,
열하일기,관내정사,51,81,每日給雞一隻,6,,
열하일기,관내정사,51,82,肉二二觔,4,,
열하일기,관내정사,51,83,白麪一觔,4,,
열하일기,관내정사,51,84,醃菜一觔,4,,
열하일기,관내정사,51,85,豆腐一觔,4,,
열하일기,관내정사,51,86,黃酒二壺,4,,
열하일기,관내정사,51,87,花椒五分,4,,Y
열하일기,관내정사,51,88,茶葉五錢,4,錢,Y
열하일기,관내정사,51,89,淸,1,,Y
열하일기,관내정사,51,90,醬二兩,3,,
열하일기,관내정사,51,91,甘醬四兩,4,,Y
열하일기,관내정사,51,92,香油四錢,4,錢,Y
열하일기,관내정사,51,93,燈油一鍾,4,,Y
열하일기,관내정사,51,94,鹽一兩,3,,
열하일기,관내정사,51,95,米一升,3,,
열하일기,관내정사,51,96,柴一觔,3,,
열하일기,관내정사,51,97,得賞從人三十名,7,,
열하일기,관내정사,51,98,每日給肉一觔半,7,,
열하일기,관내정사,51,99,白麪半觔,4,,
열하일기,관내정사,51,100,醃菜二兩,4,,
열하일기,관내정사,51,101,鹽一兩,3,,
열하일기,관내정사,51,102,燈油共六鍾,5,,
열하일기,관내정사,51,103,黃酒共六壺,5,,
열하일기,관내정사,51,104,米一升,3,,
열하일기,관내정사,51,105,柴四觔,3,,
열하일기,관내정사,51,106,無賞從人二百二十一名,10,,
열하일기,관내정사,51,107,每,1,,
열하일기,관내정사,51,108,日給肉半觔,5,,
열하일기,관내정사,51,109,醃菜四兩,4,,
열하일기,관내정사,51,110,醋二兩,3,,
열하일기,관내정사,51,111,鹽一兩米一升,6,,
열하일기,관내정사,51,112,柴四觔,3,,
열하일기,관내정사,52,1,初三日己酉,5,,
열하일기,관내정사,52,2,晴,1,,
열하일기,관내정사,52,3,日出後,3,,
열하일기,관내정사,52,4,始開館門,4,,
열하일기,관내정사,52,5,遂與時大張福出館,8,,
열하일기,관내정사,52,6,步至瞻雲牌樓下,7,,
열하일기,관내정사,52,7,雇一兩太平車,6,,
열하일기,관내정사,52,8,駕一驢而行,5,,Y
열하일기,관내정사,52,9,廚房爲給一日之資,8,資,Y
열하일기,관내정사,52,10,使時大換錢,5,錢,Y
열하일기,관내정사,52,11,置車前,3,,Y
열하일기,관내정사,52,12,銀二兩,3,銀,Y
열하일기,관내정사,52,13,爲錢二千二百葉,7,錢,Y
열하일기,관내정사,52,14,時大爲車右,5,,Y
열하일기,관내정사,52,15,張福坐車後,5,,
열하일기,관내정사,52,16,疾驅至,3,,
열하일기,관내정사,52,17,宣武門,3,,
열하일기,관내정사,52,18,制如朝陽門,5,,
열하일기,관내정사,52,19,左象房,3,,
열하일기,관내정사,52,20,右天主堂,4,,
열하일기,관내정사,52,21,出門右轉,4,,
열하일기,관내정사,52,22,入琉璃廠,4,,
열하일기,관내정사,52,23,初街有五柳居三字題,9,,
열하일기,관내정사,52,24,此屠鈺冊肆也,6,,
열하일기,관내정사,52,25,前歲,2,,
열하일기,관내정사,52,26,懋官輩多貿此肆,7,,
열하일기,관내정사,52,27,津津說五柳居,6,,
열하일기,관내정사,52,28,今過此中,4,,
열하일기,관내정사,52,29,如逢故人,4,,
열하일기,관내정사,52,30,懋官臨別,4,,
열하일기,관내정사,52,31,又言若尋唐鴛港,7,,
열하일기,관내정사,52,32,樂宇,2,,
열하일기,관내정사,52,33,先至,2,,
열하일기,관내정사,52,34,先月樓,3,,
열하일기,관내정사,52,35,其南轉小衚衕第二門,9,,
열하일기,관내정사,52,36,卽唐宅云,4,,
열하일기,관내정사,52,37,驅車至楊梅書街,7,,
열하일기,관내정사,52,38,偶上六一樓,5,,
열하일기,관내정사,52,39,逢兪黃圃,4,,
열하일기,관내정사,52,40,世琦,2,,
열하일기,관내정사,52,41,少話,2,,
열하일기,관내정사,52,42,徐文,2,,
열하일기,관내정사,52,43,圃,1,,
열하일기,관내정사,52,44,璜,1,,
열하일기,관내정사,52,45,陳立齋,3,,
열하일기,관내정사,52,46,庭訓,2,,
열하일기,관내정사,52,47,在座,2,,
열하일기,관내정사,52,48,皆佳士,3,,
열하일기,관내정사,52,49,約選日會此,5,,
열하일기,관내정사,52,50,回車入北條,5,,
열하일기,관내정사,52,51,路傍金字先月樓,7,,
열하일기,관내정사,52,52,忽映車前,4,,
열하일기,관내정사,52,53,此亦冊肆,4,,
열하일기,관내정사,52,54,也,1,,
열하일기,관내정사,52,55,遂下車,3,,
열하일기,관내정사,52,56,與兩隷步至唐宅,7,,
열하일기,관내정사,52,57,若慣踏者,4,,
열하일기,관내정사,52,58,門首有三僕,5,,
열하일기,관내정사,52,59,迎謂曰老爺卯刻上衙,9,,
열하일기,관내정사,52,60,余問幾時回家,6,,
열하일기,관내정사,52,61,答曰,2,,
열하일기,관내정사,52,62,卯,1,,
열하일기,관내정사,52,63,去酉還,3,,
열하일기,관내정사,52,64,一僕請外館暫坐納汗,9,,
열하일기,관내정사,52,65,遂隨入,3,,
열하일기,관내정사,52,66,有一踈拙學究出迎,8,,
열하일기,관내정사,52,67,姓周忘其名,5,,
열하일기,관내정사,52,68,曩聞鴛港有五子,7,,
열하일기,관내정사,52,69,箇箇麒麟,4,,
열하일기,관내정사,52,70,兒云,2,,
열하일기,관내정사,52,71,今兩小童下炕肅揖,8,,
열하일기,관내정사,52,72,不問可知爲鴛港子也,9,,
열하일기,관내정사,52,73,余問兩兒年齒,6,,
열하일기,관내정사,52,74,長十三,3,,
열하일기,관내정사,52,75,次十一,3,,
열하일기,관내정사,52,76,余曰,2,,
열하일기,관내정사,52,77,長名張友,4,,
열하일기,관내정사,52,78,次,1,,
열하일기,관내정사,52,79,名張瑤否,4,,
열하일기,관내정사,52,80,兩兒俱對曰,5,,
열하일기,관내정사,52,81,是也,2,,
열하일기,관내정사,52,82,大人何從知之,6,,
열하일기,관내정사,52,83,余曰,2,,
열하일기,관내정사,52,84,童子善讀書,5,,
열하일기,관내정사,52,85,名聞海外,4,,
열하일기,관내정사,52,86,小焉,2,,
열하일기,관내정사,52,87,唐家蒼頭擎蕉葉鑞,8,,
열하일기,관내정사,52,88,盤而出,3,,
열하일기,관내정사,52,89,慇懃來餉,4,,
열하일기,관내정사,52,90,熱茶一椀,4,,
열하일기,관내정사,52,91,蘋果三箇,4,,
열하일기,관내정사,52,92,楊梅湯一椀,5,,
열하일기,관내정사,52,93,蒼頭傳唐家大夫人之言曰,11,,
열하일기,관내정사,52,94,往歲,2,,
열하일기,관내정사,52,95,朝鮮兩老爺,5,,
열하일기,관내정사,52,96,常常來遊弊庄,6,,
열하일기,관내정사,52,97,今無恙否,4,,
열하일기,관내정사,52,98,如有帶來淸心元,7,,
열하일기,관내정사,52,99,願得一二丸,5,,
열하일기,관내정사,52,100,余答現今無隨身者,8,,
열하일기,관내정사,52,101,後日再來時,5,,
열하일기,관내정사,52,102,當持獻也,4,,
열하일기,관내정사,52,103,舊聞唐家老夫人,7,,
열하일기,관내정사,52,104,常居東絡山房,6,,
열하일기,관내정사,52,105,年八十餘,4,,
열하일기,관내정사,52,106,筋力尙健云,5,,
열하일기,관내정사,52,107,蒼頭遙指曰,5,,
열하일기,관내정사,52,108,太夫人今方出立中門,9,,
열하일기,관내정사,52,109,看貴國,3,,
열하일기,관내정사,52,110,從者衣服也,5,,
열하일기,관내정사,52,111,余嫌於直望,5,,
열하일기,관내정사,52,112,若不見者,4,,
열하일기,관내정사,52,113,以紅紙僧頭扇二柄及各色詩箋紙,14,,
열하일기,관내정사,52,114,分給張友張瑤,6,,
열하일기,관내정사,52,115,約旬前再來,5,,
열하일기,관내정사,52,116,遂辭起出門,5,,
열하일기,관내정사,52,117,回看,2,,
열하일기,관내정사,52,118,唐家老母,4,,
열하일기,관내정사,52,119,猶立門中,4,,
열하일기,관내정사,52,120,兩丫鬟在傍扶侍,7,,
열하일기,관내정사,52,121,遙見其鶴髮覆頂,7,,
열하일기,관내정사,52,122,體榦雄健,4,,
열하일기,관내정사,52,123,而尙不廢鉛粉,6,,
열하일기,관내정사,52,124,珠翠也,3,,
열하일기,관내정사,52,125,兩隷云,3,,
열하일기,관내정사,52,126,俄刻唐家諸僕,6,,
열하일기,관내정사,52,127,左右挾持,4,,
열하일기,관내정사,52,128,立之庭中,4,,
열하일기,관내정사,52,129,老夫人,3,,
열하일기,관내정사,52,130,使之脫衣,4,,
열하일기,관내정사,52,131,欲觀其制樣云,6,,
열하일기,관내정사,52,132,小人等惶恐,5,,
열하일기,관내정사,52,133,不敢仰視,4,,
열하일기,관내정사,52,134,辭以日熱,4,,
열하일기,관내정사,52,135,所著只是單衫云爾,8,,
열하일기,관내정사,52,136,則使之背立隅立,7,,
열하일기,관내정사,52,137,更令衆僕,4,,
열하일기,관내정사,52,138,披拂襟裾而視之,7,,
열하일기,관내정사,52,139,出酒食饋之,5,,
열하일기,관내정사,52,140,小人等衣服若是破落,9,,
열하일기,관내정사,52,141,可爲羞恥幾死,6,,
열하일기,관내정사,52,142,歸時,2,,
열하일기,관내정사,52,143,歷觀回子館,5,,
열하일기,관내정사,53,1,初四日庚戌,5,,
열하일기,관내정사,53,2,晴,1,,
열하일기,관내정사,53,3,極熱無異三伏,6,,
열하일기,관내정사,53,4,驅車出正陽門,6,,
열하일기,관내정사,53,5,過琉璃廠,4,,
열하일기,관내정사,53,6,問廠幾間矣,5,,
열하일기,관내정사,53,7,有對者曰,4,,
열하일기,관내정사,53,8,共有二十七萬間,7,,
열하일기,관내정사,53,9,蓋自正陽橫亘至宣武門,10,,
열하일기,관내정사,53,10,有五巷而皆琉璃廠,8,,Y
열하일기,관내정사,53,11,海內外貨寶之所居積也,10,貨,Y
열하일기,관내정사,53,12,余登一樓,4,,Y
열하일기,관내정사,53,13,憑欄而嘆曰,5,,
열하일기,관내정사,53,14,天下得,3,,
열하일기,관내정사,53,15,一知己,3,,
열하일기,관내정사,53,16,足以不恨,4,,
열하일기,관내정사,53,17,噫,1,,
열하일기,관내정사,53,18,人情常欲自視而不可得,10,,
열하일기,관내정사,53,19,則有時乎爲大癡猖狂,9,,
열하일기,관내정사,53,20,乃以非我觀我,6,,
열하일기,관내정사,53,21,而我遂與萬物,6,,
열하일기,관내정사,53,22,無異,2,,
열하일기,관내정사,53,23,其於遊身,4,,
열하일기,관내정사,53,24,恢恢乎有餘地矣,7,,
열하일기,관내정사,53,25,聖人用是道焉,6,,
열하일기,관내정사,53,26,遯世而無悶,5,,
열하일기,관내정사,53,27,獨立而不懼,5,,
열하일기,관내정사,53,28,孔子曰,3,,
열하일기,관내정사,53,29,人不知而不慍,6,,
열하일기,관내정사,53,30,不亦君子乎,5,,
열하일기,관내정사,53,31,老聃亦云,4,,
열하일기,관내정사,53,32,知我者希,4,,
열하일기,관내정사,53,33,我其貴矣,4,,
열하일기,관내정사,53,34,其不欲使人知我也如此,10,,
열하일기,관내정사,53,35,或變其衣服,5,,
열하일기,관내정사,53,36,或變其形貌,5,,
열하일기,관내정사,53,37,或變,2,,
열하일기,관내정사,53,38,其名姓,3,,
열하일기,관내정사,53,39,此聖佛賢豪之所以大玩於世,12,,
열하일기,관내정사,53,40,而王天下,4,,
열하일기,관내정사,53,41,無與易其樂也,6,,
열하일기,관내정사,53,42,當此之時,4,,
열하일기,관내정사,53,43,天下或有一人知我,8,,
열하일기,관내정사,53,44,則其,2,,
열하일기,관내정사,53,45,跡敗矣,3,,
열하일기,관내정사,53,46,然乃若其情,5,,
열하일기,관내정사,53,47,則未甞不待天下獨有一人知之,13,,
열하일기,관내정사,53,48,故堯微服康衢,6,,
열하일기,관내정사,53,49,厥有擊壤,4,,
열하일기,관내정사,53,50,釋迦變相,4,,
열하일기,관내정사,53,51,厥有阿難,4,,
열하일기,관내정사,53,52,太伯文身,4,,
열하일기,관내정사,53,53,厥有仲雍,4,,
열하일기,관내정사,53,54,豫讓漆身,4,,
열하일기,관내정사,53,55,厥有其友,4,,
열하일기,관내정사,53,56,三閭枯槁,4,,
열하일기,관내정사,53,57,厥有漁父,4,,
열하일기,관내정사,53,58,鴟夷五湖,4,,
열하일기,관내정사,53,59,厥有西子,4,,
열하일기,관내정사,53,60,張祿間步旅邸,6,,Y
열하일기,관내정사,53,61,厥有須賈,4,賈,Y
열하일기,관내정사,53,62,子房從容圯上,6,,Y
열하일기,관내정사,53,63,厥有黃石,4,,
열하일기,관내정사,53,64,今吾獨立於琉璃廠中,9,,
열하일기,관내정사,53,65,而其衣笠天下之所不識也,11,,
열하일기,관내정사,53,66,其鬚眉天下之,6,,
열하일기,관내정사,53,67,所初覩也,4,,
열하일기,관내정사,53,68,潘南之朴,4,,
열하일기,관내정사,53,69,天下之所未聞也,7,,
열하일기,관내정사,53,70,吾於是爲聖爲佛爲賢豪,10,,
열하일기,관내정사,53,71,其狂如箕子接輿,7,,
열하일기,관내정사,53,72,而將誰與論其至樂,8,,
열하일기,관내정사,53,73,乎,1,,
열하일기,관내정사,53,74,或問孔子過宋,6,,
열하일기,관내정사,53,75,所著何冠,4,,
열하일기,관내정사,53,76,余大笑曰,4,,
열하일기,관내정사,53,77,井廩牀琴,4,,
열하일기,관내정사,53,78,瞻前忽後,4,,
열하일기,관내정사,53,79,魚服豹蔚,4,,
열하일기,관내정사,53,80,孰參其故,4,,
열하일기,관내정사,53,81,故曰子在,4,,
열하일기,관내정사,53,82,回安敢,3,,
열하일기,관내정사,53,83,死,1,,
열하일기,관내정사,53,84,論天下知己者,6,,
열하일기,관내정사,53,85,唯顔子已矣,5,,
열하일기,관내정사,55,1,東嶽廟,3,,
열하일기,관내정사,55,2,在朝陽門外一里,7,,
열하일기,관내정사,55,3,土木之壯麗,5,,
열하일기,관내정사,55,4,沿道初見,4,,
열하일기,관내정사,55,5,盛京宮殿,4,,
열하일기,관내정사,55,6,殆不及此,4,,
열하일기,관내정사,55,7,遠甚也,3,,
열하일기,관내정사,55,8,對廟門有雙牌樓,7,,
열하일기,관내정사,55,9,以,1,,
열하일기,관내정사,55,10,碧色琉璃甎及正綠琉璃甎築成,13,,
열하일기,관내정사,55,11,其璀璨照耀,5,,
열하일기,관내정사,55,12,反勝於前所見石制也,9,,
열하일기,관내정사,55,13,廟始建于元延祐中,8,,
열하일기,관내정사,55,14,皇明正統時,5,,
열하일기,관내정사,55,15,益拓之,3,,
열하일기,관내정사,55,16,廟中仁聖帝,5,,
열하일기,관내정사,55,17,炳靈公,3,,
열하일기,관내정사,55,18,司命君,3,,
열하일기,관내정사,55,19,四丞相像,4,,
열하일기,관내정사,55,20,皆元昭文館太學士正奉大夫秘書監卿劉元所塑,20,,
열하일기,관내정사,55,21,元,1,,
열하일기,관내정사,55,22,最善搏換之法,6,,
열하일기,관내정사,55,23,天下無雙,4,,
열하일기,관내정사,55,24,今淸康煕庚三月,7,,
열하일기,관내정사,55,25,廟災,2,,
열하일기,관내정사,55,26,殿廡皆燼,4,,
열하일기,관내정사,55,27,廟中諸像盡燬于火,8,,
열하일기,관내정사,55,28,獨左右道院不焚,7,,
열하일기,관내정사,55,29,康煕特發內帑,6,,
열하일기,관내정사,55,30,並令京外大小官員捐助,10,,
열하일기,관내정사,55,31,以裕親王監視之,7,,
열하일기,관내정사,55,32,閱數歲始成,5,,
열하일기,관내정사,55,33,帝臨幸,3,,
열하일기,관내정사,55,34,雍正及今皇帝,6,,
열하일기,관내정사,55,35,又發,2,,
열하일기,관내정사,55,36,帑修葺,3,,
열하일기,관내정사,55,37,第一殿曰靈昭化育,8,,
열하일기,관내정사,55,38,東嶽大帝,4,,
열하일기,관내정사,55,39,具袞冕,3,,
열하일기,관내정사,55,40,侍衛諸神,4,,
열하일기,관내정사,55,41,左文右武,4,,
열하일기,관내정사,55,42,榻前設數石金釭,7,,
열하일기,관내정사,55,43,貯漆爇四炷,5,,
열하일기,관내정사,55,44,罩以鐵網,4,,
열하일기,관내정사,55,45,燈前置一丈金爐,7,,
열하일기,관내정사,55,46,爇沉香,3,,
열하일기,관내정사,55,47,漆燈靑熒,4,,
열하일기,관내정사,55,48,篆烟繚翠,4,,
열하일기,관내정사,55,49,流蘇寶帳,4,,
열하일기,관내정사,55,50,金鈴互動,4,,
열하일기,관내정사,55,51,殿宇沉沉,4,,
열하일기,관내정사,55,52,如夢中也,4,,
열하일기,관내정사,55,53,第二殿,3,,
열하일기,관내정사,55,54,坐三位女像,5,,
열하일기,관내정사,55,55,亦垂珠旒,4,,
열하일기,관내정사,55,56,左右侍立者皆女仙,8,,
열하일기,관내정사,55,57,第三殿不識像何神,8,,
열하일기,관내정사,55,58,而廊廡列七十二曹,8,,
열하일기,관내정사,55,59,三十六,3,,
열하일기,관내정사,55,60,獄,1,,
열하일기,관내정사,55,61,奇奇恠恠,4,,
열하일기,관내정사,55,62,千態萬狀,4,,
열하일기,관내정사,55,63,臺上所設金寶諸器,8,,
열하일기,관내정사,55,64,多宋元款識,5,,
열하일기,관내정사,55,65,庭中穹碑百餘笏,7,,
열하일기,관내정사,55,66,多趙孟頫所書,6,,
열하일기,관내정사,55,67,亦有其弟,4,,
열하일기,관내정사,55,68,世延及虞集筆,6,,
열하일기,관내정사,55,69,東西第一行碑,6,,
열하일기,관내정사,55,70,皆建黃瓦閣,5,,
열하일기,관내정사,55,71,上設鼓樓,4,,
열하일기,관내정사,55,72,東曰鼈音,4,,
열하일기,관내정사,55,73,西曰鯨音,4,,
열하일기,옥갑야화,2,1,行還至玉匣,5,,
열하일기,옥갑야화,2,2,與諸裨連牀夜語,7,,
열하일기,옥갑야화,2,3,燕京舊時風俗淳厚,8,,Y
열하일기,옥갑야화,2,4,譯輩雖萬金能相假貸,9,萬金,Y
열하일기,옥갑야화,2,5,今則彼以欺詐爲能事,9,,Y
열하일기,옥갑야화,2,6,而其,2,,
열하일기,옥갑야화,2,7,曲未嘗不先自我人始也,10,,
열하일기,옥갑야화,2,8,三十年前,4,,
열하일기,옥갑야화,2,9,有一譯空手入燕,7,,
열하일기,옥갑야화,2,10,將還,2,,
열하일기,옥갑야화,2,11,對其主顧而泣,6,,
열하일기,옥갑야화,2,12,主顧怪而問之,6,,
열하일기,옥갑야화,2,13,對曰,2,,
열하일기,옥갑야화,2,14,渡江,2,,Y
열하일기,옥갑야화,2,15,時潛挾他人銀,6,銀,Y
열하일기,옥갑야화,2,16,事發,2,,Y
열하일기,옥갑야화,2,17,倂已包沒于官,6,,
열하일기,옥갑야화,2,18,今空手還,4,,
열하일기,옥갑야화,2,19,無以爲生,4,,
열하일기,옥갑야화,2,20,不如無還,4,,
열하일기,옥갑야화,2,21,拔刀欲自殺,5,,
열하일기,옥갑야화,2,22,主顧驚急抱持,6,,
열하일기,옥갑야화,2,23,奪,1,,
열하일기,옥갑야화,2,24,刀問曰,3,,Y
열하일기,옥갑야화,2,25,所沒銀幾何,5,銀,Y
열하일기,옥갑야화,2,26,曰,1,,Y
열하일기,옥갑야화,2,27,三千兩,3,,
열하일기,옥갑야화,2,28,主顧慰曰,4,,
열하일기,옥갑야화,2,29,大丈夫獨患無身,7,,Y
열하일기,옥갑야화,2,30,何患無銀,4,銀,Y
열하일기,옥갑야화,2,31,今死不還,4,,Y
열하일기,옥갑야화,2,32,將如妻子何,5,,
열하일기,옥갑야화,2,33,吾貸,2,,Y
열하일기,옥갑야화,2,34,君萬金,3,萬金,Y
열하일기,옥갑야화,2,35,五年貨殖,4,貨殖,Y
열하일기,옥갑야화,2,36,可復得萬金,5,萬金,Y
열하일기,옥갑야화,2,37,以本銀償我,5,銀 償,Y
열하일기,옥갑야화,2,38,譯旣得萬金,5,萬金,Y
열하일기,옥갑야화,2,39,遂大貿而還,5,,Y
열하일기,옥갑야화,2,40,當時未有識之者,7,,
열하일기,옥갑야화,2,41,莫不神其才,5,,Y
열하일기,옥갑야화,2,42,五年中遂致鉅富,7,富,Y
열하일기,옥갑야화,2,43,乃自削籍譯院,6,,Y
열하일기,옥갑야화,2,44,不復入燕,4,,
열하일기,옥갑야화,2,45,久之,2,,
열하일기,옥갑야화,2,46,密囑其所親之入燕者曰,10,,
열하일기,옥갑야화,2,47,燕市若遇某主顧,7,,
열하일기,옥갑야화,2,48,當問安,3,,
열하일기,옥갑야화,2,49,否,1,,
열하일기,옥갑야화,2,50,須道闔家遘癘死,7,,
열하일기,옥갑야화,2,51,所親以說謊頗難之,8,,
열하일기,옥갑야화,2,52,譯曰,2,,
열하일기,옥갑야화,2,53,第如此而還,5,,
열하일기,옥갑야화,2,54,當奉君百金,5,,
열하일기,옥갑야화,2,55,旣入燕,3,,
열하일기,옥갑야화,2,56,果遇某主顧,5,,
열하일기,옥갑야화,2,57,問譯,2,,
열하일기,옥갑야화,2,58,安否,2,,
열하일기,옥갑야화,2,59,俱對如所受囑,6,,
열하일기,옥갑야화,2,60,主顧掩面大慟,6,,
열하일기,옥갑야화,2,61,泣如雨下曰,5,,
열하일기,옥갑야화,2,62,天乎天乎,4,,
열하일기,옥갑야화,2,63,何降禍善人之家,7,,
열하일기,옥갑야화,2,64,若是之慘耶,5,,
열하일기,옥갑야화,2,65,遂以百金,4,,
열하일기,옥갑야화,2,66,托之曰,3,,
열하일기,옥갑야화,2,67,彼妻子俱亡無主者,8,,
열하일기,옥갑야화,2,68,幸君還國,4,,
열하일기,옥갑야화,2,69,爲我以五十金具幣設奠,10,,
열하일기,옥갑야화,2,70,以五十金追齋薦福,8,,
열하일기,옥갑야화,2,71,所親者殊錯愣然,7,,
열하일기,옥갑야화,2,72,業已謬言,4,,
열하일기,옥갑야화,2,73,遂受百金而還,6,,
열하일기,옥갑야화,2,74,其譯家已遘癘沒死,8,,
열하일기,옥갑야화,2,75,無遺者,3,,
열하일기,옥갑야화,2,76,其人大驚且懼,6,,
열하일기,옥갑야화,2,77,悉以百金爲主顧薦齋,9,,
열하일기,옥갑야화,2,78,終身不,3,,
열하일기,옥갑야화,2,79,復爲燕行曰,5,,
열하일기,옥갑야화,2,80,吾無面目復見主顧,8,,
열하일기,옥갑야화,3,1,有言李知事樞,6,,
열하일기,옥갑야화,3,2,近世名譯也,5,,Y
열하일기,옥갑야화,3,3,平居口未嘗言錢,7,錢,Y
열하일기,옥갑야화,3,4,出入燕京四十餘年,8,,Y
열하일기,옥갑야화,3,5,手未嘗執銀,5,銀,Y
열하일기,옥갑야화,3,6,有愷悌君子之風,7,,Y
열하일기,옥갑야화,4,1,有言唐城君洪純彥,8,,
열하일기,옥갑야화,4,2,明萬曆時名譯也,7,,
열하일기,옥갑야화,4,3,入皇城,3,,
열하일기,옥갑야화,4,4,嘗遊娼館,4,,
열하일기,옥갑야화,4,5,女隨色第,4,,Y
열하일기,옥갑야화,4,6,價有千金者,5,千金 價,Y
열하일기,옥갑야화,4,7,洪以千金求薦枕,7,千金,Y
열하일기,옥갑야화,4,8,女,1,,Y
열하일기,옥갑야화,4,9,方二八,3,,
열하일기,옥갑야화,4,10,有殊色,3,,
열하일기,옥갑야화,4,11,對君泣曰,4,,Y
열하일기,옥갑야화,4,12,奴所以索高價者,7,價,Y
열하일기,옥갑야화,4,13,誠謂天下皆慳男,7,,Y
열하일기,옥갑야화,4,14,無肯捐千金者,6,千金,Y
열하일기,옥갑야화,4,15,祈以免斯須之辱,7,,Y
열하일기,옥갑야화,4,16,一日,2,,
열하일기,옥갑야화,4,17,再日,2,,
열하일기,옥갑야화,4,18,本欲以愚館主,6,,
열하일기,옥갑야화,4,19,一以望天下有義氣人,9,,Y
열하일기,옥갑야화,4,20,贖奴作箕帚妾,6,贖,Y
열하일기,옥갑야화,4,21,奴入娼館五日,6,,Y
열하일기,옥갑야화,4,22,無敢以千金來者,7,千金,Y
열하일기,옥갑야화,4,23,今日幸,3,,Y
열하일기,옥갑야화,4,24,逢天下義氣人,6,,
열하일기,옥갑야화,4,25,然公外國人,5,,
열하일기,옥갑야화,4,26,法不當將奴還,6,,
열하일기,옥갑야화,4,27,此身一染,4,,
열하일기,옥갑야화,4,28,不可復浣,4,,
열하일기,옥갑야화,4,29,洪殊憐之,4,,
열하일기,옥갑야화,4,30,問其所以入娼館者,8,,
열하일기,옥갑야화,4,31,對曰,2,,
열하일기,옥갑야화,4,32,奴南京戶部侍郞某女也,10,,
열하일기,옥갑야화,4,33,家被籍追贓,5,,Y
열하일기,옥갑야화,4,34,自賣身娼館,5,賣,Y
열하일기,옥갑야화,4,35,以贖父死,4,贖,Y
열하일기,옥갑야화,4,36,洪大驚曰,4,,Y
열하일기,옥갑야화,4,37,吾實不識如此,6,,Y
열하일기,옥갑야화,4,38,今當贖妹,4,贖,Y
열하일기,옥갑야화,4,39,償,1,償,Y
열하일기,옥갑야화,4,40,價幾何,3,價,Y
열하일기,옥갑야화,4,41,女曰,2,,Y
열하일기,옥갑야화,4,42,二千金,3,千金,Y
열하일기,옥갑야화,4,43,洪立輸之,4,,Y
열하일기,옥갑야화,4,44,與訣別,3,,
열하일기,옥갑야화,4,45,女百拜稱恩父而去,8,,
열하일기,옥갑야화,4,46,其後洪復絶不置意嘗又入中國,13,,
열하일기,옥갑야화,4,47,沿道數,3,,
열하일기,옥갑야화,4,48,訪洪純彥來否,6,,
열하일기,옥갑야화,4,49,洪怪之,3,,
열하일기,옥갑야화,4,50,及近皇城,4,,
열하일기,옥갑야화,4,51,路左盛設供帳,6,,
열하일기,옥갑야화,4,52,迎謂洪曰,4,,
열하일기,옥갑야화,4,53,本兵石老爺奉邀,7,,
열하일기,옥갑야화,4,54,及至石第,4,,
열하일기,옥갑야화,4,55,石尙書迎拜,5,,
열하일기,옥갑야화,4,56,曰,1,,
열하일기,옥갑야화,4,57,恩丈也,3,,
열하일기,옥갑야화,4,58,公女待翁久,5,,
열하일기,옥갑야화,4,59,遂握手入內室,6,,
열하일기,옥갑야화,4,60,夫人盛粧拜堂下,7,,
열하일기,옥갑야화,4,61,洪惶恐不知所爲,7,,
열하일기,옥갑야화,4,62,尙書笑曰,4,,
열하일기,옥갑야화,4,63,丈人久忘乃女,6,,
열하일기,옥갑야화,4,64,耶,1,,Y
열하일기,옥갑야화,4,65,洪始知夫人乃娼館所贖女也,12,贖,Y
열하일기,옥갑야화,4,66,出娼館,3,,Y
열하일기,옥갑야화,4,67,卽歸石星,4,,
열하일기,옥갑야화,4,68,爲繼室,3,,
열하일기,옥갑야화,4,69,比石貴,3,,
열하일기,옥갑야화,4,70,夫人猶手自織錦,7,,
열하일기,옥갑야화,4,71,皆刺報恩字,5,,
열하일기,옥갑야화,4,72,及洪歸,3,,Y
열하일기,옥갑야화,4,73,裝送報恩緞及他錦綺金銀,11,銀,Y
열하일기,옥갑야화,4,74,不可勝數,4,,Y
열하일기,옥갑야화,4,75,及壬倭寇,4,,
열하일기,옥갑야화,4,76,石在本兵,4,,
열하일기,옥갑야화,4,77,力主出兵者,5,,
열하일기,옥갑야화,4,78,以石本義朝鮮人,7,,
열하일기,옥갑야화,4,79,故也,2,,Y
열하일기,옥갑야화,5,1,有言朝鮮商賈熟主顧鄭世泰之富,14,富 商 賈,Y
열하일기,옥갑야화,5,2,甲于皇城,4,,Y
열하일기,옥갑야화,5,3,及世泰死,4,,
열하일기,옥갑야화,5,4,一敗塗地,4,,
열하일기,옥갑야화,5,5,世泰,2,,
열하일기,옥갑야화,5,6,只有一孫,4,,
열하일기,옥갑야화,5,7,男中絶色,4,,Y
열하일기,옥갑야화,5,8,幼賣塲,3,賣,Y
열하일기,옥갑야화,5,9,戱,1,,Y
열하일기,옥갑야화,5,10,世泰時夥計林哥,7,,Y
열하일기,옥갑야화,5,11,今鉅富,3,富,Y
열하일기,옥갑야화,5,12,見塲戱中一美男子,8,,Y
열하일기,옥갑야화,5,13,呈戱,2,,
열하일기,옥갑야화,5,14,心慕之,3,,
열하일기,옥갑야화,5,15,聞其爲鄭家兒郞,7,,
열하일기,옥갑야화,5,16,相持泣,3,,Y
열하일기,옥갑야화,5,17,遂以千金,4,千金,Y
열하일기,옥갑야화,5,18,贖之,2,贖,Y
열하일기,옥갑야화,5,19,與俱歸家,4,,Y
열하일기,옥갑야화,5,20,戒家人曰,4,,
열하일기,옥갑야화,5,21,善視之,3,,
열하일기,옥갑야화,5,22,此吾家舊主人,6,,
열하일기,옥갑야화,5,23,勿以戱子賤之,6,,
열하일기,옥갑야화,5,24,及長,2,,Y
열하일기,옥갑야화,5,25,中分其財而業之,7,財,Y
열하일기,옥갑야화,5,26,世泰孫身,4,,Y
열하일기,옥갑야화,5,27,肥白美麗,4,,
열하일기,옥갑야화,5,28,無所事,3,,
열하일기,옥갑야화,5,29,惟飛紙鷂,4,,
열하일기,옥갑야화,5,30,遊戱皇城中,5,,Y
열하일기,옥갑야화,6,1,舊時買賣,4,買 賣,Y
열하일기,옥갑야화,6,2,不開包檢驗,5,,Y
열하일기,옥갑야화,6,3,直以燕裝還,5,,
열하일기,옥갑야화,6,4,照帳無少差謬,6,,
열하일기,옥갑야화,6,5,有誤以白毳帽裝送者,9,,
열하일기,옥갑야화,6,6,及歸開視,4,,
열하일기,옥갑야화,6,7,皆白帽也,4,,
열하일기,옥갑야화,6,8,自悔,2,,
열하일기,옥갑야화,6,9,未閱,2,,
열하일기,옥갑야화,6,10,丁丑兩恤,4,,Y
열하일기,옥갑야화,6,11,反獲倍直,4,倍,Y
열하일기,옥갑야화,6,12,然亦彼中不古之徵也,9,,Y
열하일기,옥갑야화,6,13,近歲則物貨自裝,7,貨,Y
열하일기,옥갑야화,6,14,不任主顧裝送云,7,,Y
열하일기,옥갑야화,7,1,有言卞承業之病也,8,,Y
열하일기,옥갑야화,7,2,欲閱視貨殖都數,7,貨殖,Y
열하일기,옥갑야화,7,3,聚諸夥計帳簿,6,,Y
열하일기,옥갑야화,7,4,合籌之,3,,Y
열하일기,옥갑야화,7,5,共銀五十餘萬,6,銀,Y
열하일기,옥갑야화,7,6,其子曰,3,,Y
열하일기,옥갑야화,7,7,斂散煩,3,,
열하일기,옥갑야화,7,8,久且耗,3,,
열하일기,옥갑야화,7,9,請因而收之,5,,
열하일기,옥갑야화,7,10,承業大恚曰,5,,
열하일기,옥갑야화,7,11,此都城中萬戶命脉也,9,,
열하일기,옥갑야화,7,12,奈何一朝絶之,6,,
열하일기,옥갑야화,7,13,亟還之,3,,
열하일기,옥갑야화,7,14,承業旣老,4,,
열하일기,옥갑야화,7,15,戒其子孫曰,5,,
열하일기,옥갑야화,7,16,吾所,2,,
열하일기,옥갑야화,7,17,事公卿多,4,,
열하일기,옥갑야화,7,18,獨秉國論,4,,
열하일기,옥갑야화,7,19,爲家計者,4,,
열하일기,옥갑야화,7,20,鮮及三世矣,5,,Y
열하일기,옥갑야화,7,21,國中之爲財者,6,財,Y
열하일기,옥갑야화,7,22,視吾家出入,5,,Y
열하일기,옥갑야화,7,23,爲高下,3,,
열하일기,옥갑야화,7,24,是亦國論也,5,,
열하일기,옥갑야화,7,25,不散,2,,
열하일기,옥갑야화,7,26,且及禍,3,,Y
열하일기,옥갑야화,7,27,故其子孫蕃而擧貧窶者,10,貧,Y
열하일기,옥갑야화,7,28,承業旣老,4,,Y
열하일기,옥갑야화,7,29,多散之也,4,,
열하일기,옥갑야화,8,1,余亦言有尹映者,7,,Y
열하일기,옥갑야화,8,2,嘗道卞承業之富,7,富,Y
열하일기,옥갑야화,8,3,其貨財有自來,6,財 貨,Y
열하일기,옥갑야화,8,4,富甲一國,4,富,Y
열하일기,옥갑야화,8,5,至承業時少衰,6,,Y
열하일기,옥갑야화,8,6,方其初起時,5,,
열하일기,옥갑야화,8,7,莫不有命,4,,
열하일기,옥갑야화,8,8,存焉,2,,
열하일기,옥갑야화,8,9,觀許生事可異也,7,,
열하일기,옥갑야화,8,10,許生竟不言其名,7,,
열하일기,옥갑야화,8,11,故世無得而知者云,8,,
열하일기,옥갑야화,8,12,映之言曰,4,,
열하일기,옥갑야화,9,1,許生居墨積洞,6,,
열하일기,옥갑야화,9,2,直抵南山下,5,,
열하일기,옥갑야화,9,3,井上有古杏樹,6,,
열하일기,옥갑야화,9,4,柴扉向樹而開,6,,
열하일기,옥갑야화,9,5,草屋數間,4,,
열하일기,옥갑야화,9,6,不蔽風雨,4,,
열하일기,옥갑야화,9,7,然許生好讀書,6,,
열하일기,옥갑야화,9,8,妻爲,2,,
열하일기,옥갑야화,9,9,人縫刺以糊口,6,,
열하일기,옥갑야화,9,10,一日妻甚饑,5,,
열하일기,옥갑야화,9,11,泣曰,2,,
열하일기,옥갑야화,9,12,子平生不赴擧,6,,
열하일기,옥갑야화,9,13,讀書何爲,4,,
열하일기,옥갑야화,9,14,許生笑曰,4,,
열하일기,옥갑야화,9,15,吾讀書未熟,5,,
열하일기,옥갑야화,9,16,妻曰,2,,
열하일기,옥갑야화,9,17,不有工乎,4,,
열하일기,옥갑야화,9,18,生曰,2,,
열하일기,옥갑야화,9,19,工未素學奈何,6,,
열하일기,옥갑야화,9,20,妻曰,2,,Y
열하일기,옥갑야화,9,21,不有商乎,4,商,Y
열하일기,옥갑야화,9,22,生曰,2,,Y
열하일기,옥갑야화,9,23,商無本錢奈何,6,錢 商,Y
열하일기,옥갑야화,9,24,其妻恚且罵曰,6,,Y
열하일기,옥갑야화,9,25,晝夜讀書,4,,
열하일기,옥갑야화,9,26,只學奈何,4,,
열하일기,옥갑야화,9,27,不工,2,,Y
열하일기,옥갑야화,9,28,不商,2,商,Y
열하일기,옥갑야화,9,29,何不盜賊,4,,Y
열하일기,옥갑야화,9,30,許生掩卷起曰,6,,
열하일기,옥갑야화,9,31,惜乎,2,,
열하일기,옥갑야화,9,32,吾讀書本期十年,7,,
열하일기,옥갑야화,9,33,今七年矣,4,,
열하일기,옥갑야화,9,34,出門而去,4,,
열하일기,옥갑야화,9,35,無相識者,4,,
열하일기,옥갑야화,9,36,直之雲從街,5,,
열하일기,옥갑야화,9,37,問市中人曰,5,,Y
열하일기,옥갑야화,9,38,漢陽中誰最富,6,富,Y
열하일기,옥갑야화,9,39,有道卞氏者,5,,Y
열하일기,옥갑야화,9,40,遂訪其家,4,,
열하일기,옥갑야화,9,41,許生長揖曰,5,,Y
열하일기,옥갑야화,9,42,吾家貧,3,貧,Y
열하일기,옥갑야화,9,43,欲有所小試,5,,Y
열하일기,옥갑야화,9,44,願從君借萬金,6,萬金,Y
열하일기,옥갑야화,9,45,卞氏曰,3,,Y
열하일기,옥갑야화,9,46,諾,1,,Y
열하일기,옥갑야화,9,47,立與萬金,4,萬金,Y
열하일기,옥갑야화,9,48,客竟不謝而去,6,,Y
열하일기,옥갑야화,9,49,子弟賓客,4,,
열하일기,옥갑야화,9,50,視許生丐者也,6,,
열하일기,옥갑야화,9,51,絲絛穗拔,4,,
열하일기,옥갑야화,9,52,革屨跟顚,4,,
열하일기,옥갑야화,9,53,笠挫袍煤,4,,
열하일기,옥갑야화,9,54,鼻流,2,,
열하일기,옥갑야화,9,55,淸涕,2,,
열하일기,옥갑야화,9,56,客旣去,3,,
열하일기,옥갑야화,9,57,皆大驚曰,4,,
열하일기,옥갑야화,9,58,大人知客乎,5,,
열하일기,옥갑야화,9,59,曰,1,,
열하일기,옥갑야화,9,60,不知也,3,,
열하일기,옥갑야화,9,61,今一朝,3,,Y
열하일기,옥갑야화,9,62,浪空擲萬金於生平所不知何人,13,萬金,Y
열하일기,옥갑야화,9,63,而不問其,4,,Y
열하일기,옥갑야화,9,64,姓名何也,4,,
열하일기,옥갑야화,9,65,卞氏曰,3,,
열하일기,옥갑야화,9,66,此非爾所知,5,,
열하일기,옥갑야화,9,67,凡有求於人者,6,,
열하일기,옥갑야화,9,68,必廣張志意,5,,
열하일기,옥갑야화,9,69,先耀信義,4,,
열하일기,옥갑야화,9,70,然顔色媿屈,5,,
열하일기,옥갑야화,9,71,言辭重複,4,,
열하일기,옥갑야화,9,72,彼客,2,,
열하일기,옥갑야화,9,73,衣屨雖弊,4,,
열하일기,옥갑야화,9,74,辭簡而視傲,5,,
열하일기,옥갑야화,9,75,容無怍色,4,,
열하일기,옥갑야화,9,76,不待物而自足者也,8,,
열하일기,옥갑야화,9,77,彼其所試術不小,7,,
열하일기,옥갑야화,9,78,吾亦有所試於客,7,,
열하일기,옥갑야화,9,79,不與則已,4,,Y
열하일기,옥갑야화,9,80,旣與之萬金,5,萬金,Y
열하일기,옥갑야화,9,81,問姓名何爲,5,,Y
열하일기,옥갑야화,9,82,於是許生旣得萬金,8,萬金,Y
열하일기,옥갑야화,9,83,不復還家,4,,Y
열하일기,옥갑야화,9,84,以爲安城畿湖之交,8,,
열하일기,옥갑야화,9,85,三南之綰口,5,,
열하일기,옥갑야화,9,86,遂止居焉,4,,
열하일기,옥갑야화,9,87,棗栗柹梨柑榴橘柚之屬,10,,Y
열하일기,옥갑야화,9,88,皆以倍直居之,6,倍,Y
열하일기,옥갑야화,9,89,許生榷菓,4,,Y
열하일기,옥갑야화,9,90,而國中無以讌祀,7,,
열하일기,옥갑야화,9,91,居頃之,3,,Y
열하일기,옥갑야화,9,92,諸賈之獲倍直於許生者,10,賈 倍,Y
열하일기,옥갑야화,9,93,反輸十倍,4,倍,Y
열하일기,옥갑야화,9,94,許生喟然嘆曰,6,,Y
열하일기,옥갑야화,9,95,以萬金傾之,5,萬金,Y
열하일기,옥갑야화,9,96,短國淺深矣,5,,Y
열하일기,옥갑야화,9,97,以刀鏄布帛綿入濟州,9,,
열하일기,옥갑야화,9,98,悉收馬鬉鬣曰,6,,
열하일기,옥갑야화,9,99,居數年,3,,
열하일기,옥갑야화,9,100,國,1,,
열하일기,옥갑야화,9,101,人不裹頭矣,5,,
열하일기,옥갑야화,9,102,居頃之,3,,Y
열하일기,옥갑야화,9,103,網巾價至十倍,6,價 倍,Y
열하일기,옥갑야화,9,104,許生問老篙師曰,7,,Y
열하일기,옥갑야화,9,105,海外豈有空島可以居者乎,11,,
열하일기,옥갑야화,9,106,篙師曰,3,,
열하일기,옥갑야화,9,107,有之,2,,
열하일기,옥갑야화,9,108,常漂,2,,
열하일기,옥갑야화,9,109,風直西行三日夜,7,,
열하일기,옥갑야화,9,110,泊一空島,4,,
열하일기,옥갑야화,9,111,計在沙門長崎之間,8,,
열하일기,옥갑야화,9,112,花木自開,4,,
열하일기,옥갑야화,9,113,菓蓏自熟,4,,
열하일기,옥갑야화,9,114,麋鹿成群,4,,
열하일기,옥갑야화,9,115,游魚不驚,4,,
열하일기,옥갑야화,9,116,許生大喜,4,,
열하일기,옥갑야화,9,117,曰,1,,
열하일기,옥갑야화,9,118,爾能導我,4,,Y
열하일기,옥갑야화,9,119,富貴共之,4,富,Y
열하일기,옥갑야화,9,120,篙師從之,4,,Y
열하일기,옥갑야화,9,121,遂御風東南,5,,
열하일기,옥갑야화,9,122,入其島,3,,
열하일기,옥갑야화,9,123,許生登高而望,6,,
열하일기,옥갑야화,9,124,悵然曰,3,,
열하일기,옥갑야화,9,125,地不滿千里,5,,
열하일기,옥갑야화,9,126,惡能有,3,,
열하일기,옥갑야화,9,127,爲,1,,
열하일기,옥갑야화,9,128,土肥泉甘,4,,Y
열하일기,옥갑야화,9,129,只可作富家翁,6,富,Y
열하일기,옥갑야화,9,130,篙師曰,3,,Y
열하일기,옥갑야화,9,131,島空無人,4,,
열하일기,옥갑야화,9,132,尙誰與居,4,,
열하일기,옥갑야화,9,133,許生曰,3,,
열하일기,옥갑야화,9,134,德者人所歸也,6,,
열하일기,옥갑야화,9,135,尙恐不德,4,,
열하일기,옥갑야화,9,136,何患無,3,,
열하일기,옥갑야화,9,137,人,1,,
열하일기,옥갑야화,9,138,是時邊山群盜數千,8,,
열하일기,옥갑야화,9,139,州郡發卒逐捕,6,,
열하일기,옥갑야화,9,140,不能得,3,,
열하일기,옥갑야화,9,141,然群盜亦不敢出剽掠,9,,
열하일기,옥갑야화,9,142,方饑困,3,,
열하일기,옥갑야화,9,143,許生入賊中說其魁帥,9,,
열하일기,옥갑야화,9,144,曰,1,,Y
열하일기,옥갑야화,9,145,千人掠千金,5,千金,Y
열하일기,옥갑야화,9,146,所分幾何,4,,Y
열하일기,옥갑야화,9,147,曰,1,,
열하일기,옥갑야화,9,148,人一兩耳,4,,
열하일기,옥갑야화,9,149,許生曰,3,,
열하일기,옥갑야화,9,150,爾有妻乎,4,,
열하일기,옥갑야화,9,151,群盜曰,3,,
열하일기,옥갑야화,9,152,無,1,,
열하일기,옥갑야화,9,153,曰,1,,
열하일기,옥갑야화,9,154,爾有田乎,4,,
열하일기,옥갑야화,9,155,群盜笑曰,4,,
열하일기,옥갑야화,9,156,有,1,,
열하일기,옥갑야화,9,157,田有妻,3,,
열하일기,옥갑야화,9,158,何苦爲盜,4,,
열하일기,옥갑야화,9,159,許生曰,3,,
열하일기,옥갑야화,9,160,審若是也,4,,
열하일기,옥갑야화,9,161,何不娶妻樹屋,6,,Y
열하일기,옥갑야화,9,162,買牛耕田,4,買,Y
열하일기,옥갑야화,9,163,生無盜賊之名,6,,Y
열하일기,옥갑야화,9,164,而居有妻室之樂,7,,
열하일기,옥갑야화,9,165,行,1,,
열하일기,옥갑야화,9,166,無逐捕之患,5,,
열하일기,옥갑야화,9,167,而長享衣食之饒乎,8,,
열하일기,옥갑야화,9,168,群盜曰,3,,
열하일기,옥갑야화,9,169,豈不願如此,5,,Y
열하일기,옥갑야화,9,170,但無錢耳,4,錢,Y
열하일기,옥갑야화,9,171,許生笑曰,4,,Y
열하일기,옥갑야화,9,172,爾爲盜何患無錢,7,錢,Y
열하일기,옥갑야화,9,173,吾能爲,3,,Y
열하일기,옥갑야화,9,174,汝辦之,3,,
열하일기,옥갑야화,9,175,明日,2,,
열하일기,옥갑야화,9,176,視海上風旗紅者,7,,Y
열하일기,옥갑야화,9,177,皆錢船也,4,錢,Y
열하일기,옥갑야화,9,178,恣汝取去,4,,Y
열하일기,옥갑야화,9,179,許生約群盜,5,,
열하일기,옥갑야화,9,180,旣去,2,,
열하일기,옥갑야화,9,181,群盜皆笑其狂,6,,
열하일기,옥갑야화,9,182,及明日,3,,
열하일기,옥갑야화,9,183,至海,2,,
열하일기,옥갑야화,9,184,上,1,,Y
열하일기,옥갑야화,9,185,許生載錢三十萬,7,錢,Y
열하일기,옥갑야화,9,186,皆大驚羅拜曰,6,,Y
열하일기,옥갑야화,9,187,唯將軍令,4,,
열하일기,옥갑야화,9,188,許生曰,3,,
열하일기,옥갑야화,9,189,惟力負去,4,,
열하일기,옥갑야화,9,190,於是群盜,4,,Y
열하일기,옥갑야화,9,191,爭負錢,3,錢,Y
열하일기,옥갑야화,9,192,人不過百金,5,,Y
열하일기,옥갑야화,9,193,許,1,,
열하일기,옥갑야화,9,194,生曰,2,,
열하일기,옥갑야화,9,195,爾等力不足以擧百金,9,,
열하일기,옥갑야화,9,196,何能爲盜,4,,
열하일기,옥갑야화,9,197,今爾等雖欲爲平民,8,,
열하일기,옥갑야화,9,198,名在賊簿,4,,
열하일기,옥갑야화,9,199,無可往矣,4,,
열하일기,옥갑야화,9,200,吾在此俟汝各持百,8,,
열하일기,옥갑야화,9,201,金而去,3,,
열하일기,옥갑야화,9,202,人一婦一牛來,6,,
열하일기,옥갑야화,9,203,群盜曰,3,,
열하일기,옥갑야화,9,204,諾,1,,
열하일기,옥갑야화,9,205,皆散去,3,,
열하일기,옥갑야화,9,206,許生自具二千人一歲之食以待之,14,,
열하일기,옥갑야화,9,207,及群盜至,4,,
열하일기,옥갑야화,9,208,無後者,3,,
열하일기,옥갑야화,9,209,遂,1,,
열하일기,옥갑야화,9,210,俱載入其空島,6,,
열하일기,옥갑야화,9,211,許生榷盜而國中無警矣,10,,
열하일기,옥갑야화,9,212,於是伐樹爲屋,6,,
열하일기,옥갑야화,9,213,編竹爲籬,4,,
열하일기,옥갑야화,9,214,地氣旣全,4,,
열하일기,옥갑야화,9,215,百種碩茂,4,,
열하일기,옥갑야화,9,216,不菑不畬,4,,
열하일기,옥갑야화,9,217,一,1,,
열하일기,옥갑야화,9,218,莖九穗,3,,
열하일기,옥갑야화,9,219,留三年之儲,5,,
열하일기,옥갑야화,9,220,餘悉舟載往糶長崎島,9,,
열하일기,옥갑야화,9,221,長崎者,3,,
열하일기,옥갑야화,9,222,日本屬州,4,,
열하일기,옥갑야화,9,223,戶三十一萬,5,,
열하일기,옥갑야화,9,224,方大饑,3,,
열하일기,옥갑야화,9,225,遂賑之,3,,Y
열하일기,옥갑야화,9,226,獲銀百,3,銀,Y
열하일기,옥갑야화,9,227,萬,1,,Y
열하일기,옥갑야화,9,228,許生歎曰,4,,
열하일기,옥갑야화,9,229,今吾已小試矣,6,,
열하일기,옥갑야화,9,230,於是悉召男女二千人,9,,
열하일기,옥갑야화,9,231,令之曰,3,,
열하일기,옥갑야화,9,232,吾始與汝等入此島,8,,Y
열하일기,옥갑야화,9,233,先富之,3,富,Y
열하일기,옥갑야화,9,234,然後別造文,5,,Y
열하일기,옥갑야화,9,235,字,1,,
열하일기,옥갑야화,9,236,刱製衣冠,4,,
열하일기,옥갑야화,9,237,地小德薄,4,,
열하일기,옥갑야화,9,238,吾今去矣,4,,
열하일기,옥갑야화,9,239,兒生執匙,4,,
열하일기,옥갑야화,9,240,敎以右手,4,,
열하일기,옥갑야화,9,241,一日之長,4,,
열하일기,옥갑야화,9,242,讓之先食,4,,
열하일기,옥갑야화,9,243,悉焚他船曰,5,,
열하일기,옥갑야화,9,244,莫往則莫,4,,
열하일기,옥갑야화,9,245,來,1,,Y
열하일기,옥갑야화,9,246,投銀五十萬於海中曰,9,銀,Y
열하일기,옥갑야화,9,247,海枯有得者,5,,Y
열하일기,옥갑야화,9,248,百萬無所容於國中,8,,
열하일기,옥갑야화,9,249,况小島乎,4,,
열하일기,옥갑야화,9,250,有知書者載與俱出曰,9,,
열하일기,옥갑야화,9,251,爲絶禍,3,,
열하일기,옥갑야화,9,252,於此島,3,,
열하일기,옥갑야화,9,253,於是遍行國中,6,,Y
열하일기,옥갑야화,9,254,賑施與貧無告者,7,貧,Y
열하일기,옥갑야화,9,255,銀尙餘十萬曰,6,銀,Y
열하일기,옥갑야화,9,256,此可以報卞氏,6,,Y
열하일기,옥갑야화,9,257,往見卞氏曰,5,,
열하일기,옥갑야화,9,258,君記我乎,4,,
열하일기,옥갑야화,9,259,卞氏,2,,
열하일기,옥갑야화,9,260,驚曰,2,,
열하일기,옥갑야화,9,261,子之容色,4,,
열하일기,옥갑야화,9,262,不少瘳,3,,Y
열하일기,옥갑야화,9,263,得無敗萬金乎,6,萬金,Y
열하일기,옥갑야화,9,264,許生笑曰,4,,Y
열하일기,옥갑야화,9,265,以財粹面,4,財,Y
열하일기,옥갑야화,9,266,君輩事耳,4,,Y
열하일기,옥갑야화,9,267,萬金何肥於道哉,7,萬金,Y
열하일기,옥갑야화,9,268,於是以銀,4,銀,Y
열하일기,옥갑야화,9,269,十萬付卞氏曰,6,,Y
열하일기,옥갑야화,9,270,吾不耐一朝之饑,7,,
열하일기,옥갑야화,9,271,未竟讀書,4,,Y
열하일기,옥갑야화,9,272,慙君萬金,4,萬金,Y
열하일기,옥갑야화,9,273,卞氏大驚,4,,Y
열하일기,옥갑야화,9,274,起拜辭謝,4,,Y
열하일기,옥갑야화,9,275,願受什一之利,6,利 什,Y
열하일기,옥갑야화,9,276,許生大怒,4,,Y
열하일기,옥갑야화,9,277,曰,1,,Y
열하일기,옥갑야화,9,278,君何以賈竪視我,7,賈,Y
열하일기,옥갑야화,9,279,拂衣而去,4,,Y
열하일기,옥갑야화,9,280,卞氏潛踵之,5,,
열하일기,옥갑야화,9,281,望見,2,,
열하일기,옥갑야화,9,282,客向南山下,5,,
열하일기,옥갑야화,9,283,入小屋,3,,
열하일기,옥갑야화,9,284,有老嫗,3,,
열하일기,옥갑야화,9,285,井上澣,3,,
열하일기,옥갑야화,9,286,卞氏問曰,4,,
열하일기,옥갑야화,9,287,彼小屋誰家,5,,
열하일기,옥갑야화,9,288,嫗曰,2,,
열하일기,옥갑야화,9,289,許生員宅,4,,Y
열하일기,옥갑야화,9,290,貧而好讀書,5,貧,Y
열하일기,옥갑야화,9,291,一朝出門不返者已五年,10,,Y
열하일기,옥갑야화,9,292,獨有妻在,4,,
열하일기,옥갑야화,9,293,祭其去日,4,,
열하일기,옥갑야화,9,294,卞氏始知客,5,,
열하일기,옥갑야화,9,295,乃姓許,3,,Y
열하일기,옥갑야화,9,296,歎息而歸,4,息,Y
열하일기,옥갑야화,9,297,明日悉持其銀往遺之,9,銀,Y
열하일기,옥갑야화,9,298,許生辭曰,4,,Y
열하일기,옥갑야화,9,299,我欲富也,4,富,Y
열하일기,옥갑야화,9,300,棄百萬而取十萬乎,8,,Y
열하일기,옥갑야화,9,301,吾從今得君而活,7,,
열하일기,옥갑야화,9,302,矣,1,,
열하일기,옥갑야화,9,303,君數視我計口送糧,8,,
열하일기,옥갑야화,9,304,度身授布,4,,
열하일기,옥갑야화,9,305,一生如此足矣,6,,Y
열하일기,옥갑야화,9,306,孰肯以財勞神,6,財,Y
열하일기,옥갑야화,9,307,卞氏說許生百端,7,,Y
열하일기,옥갑야화,9,308,竟不可奈何,5,,
열하일기,옥갑야화,9,309,卞氏,2,,
열하일기,옥갑야화,9,310,自是度許生匱乏,7,,
열하일기,옥갑야화,9,311,輒身自往遺之,6,,
열하일기,옥갑야화,9,312,許生欣然受之,6,,
열하일기,옥갑야화,9,313,或有加則不悅曰,7,,
열하일기,옥갑야화,9,314,君奈何遺我災也,7,,
열하일기,옥갑야화,9,315,以酒往則益大喜,7,,
열하일기,옥갑야화,9,316,相與酌至醉,5,,
열하일기,옥갑야화,9,317,旣數歲,3,,
열하일기,옥갑야화,9,318,情好日篤,4,,
열하일기,옥갑야화,9,319,嘗從容言五歲中,7,,
열하일기,옥갑야화,9,320,何以致百萬,5,,
열하일기,옥갑야화,9,321,許生曰,3,,
열하일기,옥갑야화,9,322,此易知耳,4,,
열하일기,옥갑야화,9,323,朝鮮舟不通外國,7,,
열하일기,옥갑야화,9,324,車不行域中,5,,
열하일기,옥갑야화,9,325,故百物生于其中,7,,
열하일기,옥갑야화,9,326,消于其中,4,,Y
열하일기,옥갑야화,9,327,夫千金小財也,6,千金 財,Y
열하일기,옥갑야화,9,328,未足以盡物,5,,Y
열하일기,옥갑야화,9,329,然析而十之百金,7,,
열하일기,옥갑야화,9,330,十亦足以致,5,,
열하일기,옥갑야화,9,331,十物,2,,
열하일기,옥갑야화,9,332,物輕則易轉,5,,Y
열하일기,옥갑야화,9,333,故一貨雖絀,5,貨,Y
열하일기,옥갑야화,9,334,九貨伸之,4,貨,Y
열하일기,옥갑야화,9,335,此常利之道,5,利,Y
열하일기,옥갑야화,9,336,小人之賈也,5,賈,Y
열하일기,옥갑야화,9,337,夫萬金足以盡物,7,萬金,Y
열하일기,옥갑야화,9,338,故在車專車,5,,Y
열하일기,옥갑야화,9,339,在船專船,4,,
열하일기,옥갑야화,9,340,在邑專邑,4,,
열하일기,옥갑야화,9,341,如綱之有罟,5,,
열하일기,옥갑야화,9,342,括物而數之,5,,Y
열하일기,옥갑야화,9,343,陸之產萬,4,產,Y
열하일기,옥갑야화,9,344,潛停其一,4,,Y
열하일기,옥갑야화,9,345,水之族萬,4,,
열하일기,옥갑야화,9,346,潛停其一,4,,
열하일기,옥갑야화,9,347,醫之材萬,4,,
열하일기,옥갑야화,9,348,潛停其一,4,,Y
열하일기,옥갑야화,9,349,一貨潛藏,4,貨,Y
열하일기,옥갑야화,9,350,百賈涸,3,賈,Y
열하일기,옥갑야화,9,351,此賊民之道也,6,,Y
열하일기,옥갑야화,9,352,後世有司者,5,,
열하일기,옥갑야화,9,353,如有用我道,5,,
열하일기,옥갑야화,9,354,必病其國,4,,
열하일기,옥갑야화,9,355,卞氏曰,3,,
열하일기,옥갑야화,9,356,初子何以,4,,Y
열하일기,옥갑야화,9,357,知吾出萬金而來吾求也,10,萬金,Y
열하일기,옥갑야화,9,358,許生曰,3,,Y
열하일기,옥갑야화,9,359,不必君與我也,6,,Y
열하일기,옥갑야화,9,360,能有萬金者,5,萬金,Y
열하일기,옥갑야화,9,361,莫不與也,4,,Y
열하일기,옥갑야화,9,362,吾自料吾才足以致百萬,10,,
열하일기,옥갑야화,9,363,然,1,,
열하일기,옥갑야화,9,364,命則在天,4,,
열하일기,옥갑야화,9,365,吾何能知之,5,,
열하일기,옥갑야화,9,366,故能用我者,5,,
열하일기,옥갑야화,9,367,有福者也,4,,Y
열하일기,옥갑야화,9,368,必富益富,4,富,Y
열하일기,옥갑야화,9,369,天所命也,4,,Y
열하일기,옥갑야화,9,370,安得不與,4,,Y
열하일기,옥갑야화,9,371,旣得萬金,4,萬金,Y
열하일기,옥갑야화,9,372,憑其福而,4,,Y
열하일기,옥갑야화,9,373,行,1,,
열하일기,옥갑야화,9,374,故動輒有成,5,,
열하일기,옥갑야화,9,375,若吾私自與,5,,
열하일기,옥갑야화,9,376,則成敗亦未可知也,8,,
열하일기,옥갑야화,9,377,卞氏曰,3,,
열하일기,옥갑야화,9,378,方今士大夫欲雪南漢之恥,11,,
열하일기,옥갑야화,9,379,此志士扼脆奮,6,,
열하일기,옥갑야화,9,380,智之秋也,4,,
열하일기,옥갑야화,9,381,以子之才,4,,
열하일기,옥갑야화,9,382,何自苦沉冥以沒世耶,9,,
열하일기,옥갑야화,9,383,許生曰,3,,
열하일기,옥갑야화,9,384,古來沉冥者何限,7,,
열하일기,옥갑야화,9,385,趙聖期拙修齋可使敵國,10,,
열하일기,옥갑야화,9,386,而老,2,,
열하일기,옥갑야화,9,387,死布褐,3,,
열하일기,옥갑야화,9,388,柳馨遠,3,,
열하일기,옥갑야화,9,389,磻溪居士,4,,
열하일기,옥갑야화,9,390,足繼軍食,4,,
열하일기,옥갑야화,9,391,而逍遙海曲,5,,
열하일기,옥갑야화,9,392,今之謀國政者,6,,
열하일기,옥갑야화,9,393,可知已,3,,Y
열하일기,옥갑야화,9,394,吾善賈者也,5,賈,Y
열하일기,옥갑야화,9,395,其銀足以市,5,銀,Y
열하일기,옥갑야화,9,396,九王之頭,4,,Y
열하일기,옥갑야화,9,397,然投之海中而來者,8,,
열하일기,옥갑야화,9,398,無所可用故耳,6,,Y
열하일기,옥갑야화,9,399,卞氏喟然太息而去,8,息,Y
열하일기,옥갑야화,9,400,卞氏本與李政丞浣善,9,,Y
열하일기,옥갑야화,9,401,李公時爲御,5,,
열하일기,옥갑야화,9,402,營大將,3,,
열하일기,옥갑야화,9,403,嘗與言委巷閭閻之中,9,,
열하일기,옥갑야화,9,404,亦有奇才可與共大事者乎,11,,
열하일기,옥갑야화,9,405,卞氏爲言許生,6,,
열하일기,옥갑야화,9,406,李公大驚曰,5,,
열하일기,옥갑야화,9,407,奇哉,2,,
열하일기,옥갑야화,9,408,眞有是,3,,
열하일기,옥갑야화,9,409,否,1,,
열하일기,옥갑야화,9,410,其名云何,4,,
열하일기,옥갑야화,9,411,卞氏曰,3,,
열하일기,옥갑야화,9,412,小人與居三年,6,,
열하일기,옥갑야화,9,413,竟不識其名,5,,
열하일기,옥갑야화,9,414,李公曰,3,,
열하일기,옥갑야화,9,415,此異人,3,,
열하일기,옥갑야화,9,416,與君俱往,4,,
열하일기,옥갑야화,9,417,夜公屛騶徒,5,,
열하일기,옥갑야화,9,418,獨與卞氏,4,,
열하일기,옥갑야화,9,419,俱步至許生,5,,
열하일기,옥갑야화,9,420,卞氏止公立門外,7,,
열하일기,옥갑야화,9,421,獨先入,3,,
열하일기,옥갑야화,9,422,見許生具道李公所以來者,11,,
열하일기,옥갑야화,9,423,許生若不聞者曰,7,,
열하일기,옥갑야화,9,424,輒解君所佩壺,6,,
열하일기,옥갑야화,9,425,相與歡飮,4,,
열하일기,옥갑야화,9,426,卞氏閔公久露立數言之,10,,
열하일기,옥갑야화,9,427,許生不應,4,,
열하일기,옥갑야화,9,428,旣夜深,3,,
열하일기,옥갑야화,9,429,許生曰可召客,6,,
열하일기,옥갑야화,9,430,李公入,3,,
열하일기,옥갑야화,9,431,許生安坐不起,6,,
열하일기,옥갑야화,9,432,李公無,3,,
열하일기,옥갑야화,9,433,所措躬,3,,
열하일기,옥갑야화,9,434,乃叙述國家所以求賢之意,11,,
열하일기,옥갑야화,9,435,許生揮手曰,5,,
열하일기,옥갑야화,9,436,夜短語長,4,,
열하일기,옥갑야화,9,437,聽之太遲,4,,
열하일기,옥갑야화,9,438,汝今何官,4,,
열하일기,옥갑야화,9,439,曰,1,,
열하일기,옥갑야화,9,440,大將,2,,
열하일기,옥갑야화,9,441,許生曰,3,,
열하일기,옥갑야화,9,442,然,1,,
열하일기,옥갑야화,9,443,則汝乃國之信臣,7,,
열하일기,옥갑야화,9,444,我當薦臥龍先生,7,,
열하일기,옥갑야화,9,445,汝能請于朝三顧草廬乎,10,,
열하일기,옥갑야화,9,446,公低頭良久曰,6,,
열하일기,옥갑야화,9,447,難矣,2,,
열하일기,옥갑야화,9,448,願得其次,4,,
열하일기,옥갑야화,9,449,許生曰,3,,
열하일기,옥갑야화,9,450,我未學第二義,6,,
열하일기,옥갑야화,9,451,固問之,3,,
열하일기,옥갑야화,9,452,許生曰,3,,
열하일기,옥갑야화,9,453,明將士以朝鮮有舊恩,9,,
열하일기,옥갑야화,9,454,其子孫多脫身東來,8,,
열하일기,옥갑야화,9,455,流離惸鰥,4,,
열하일기,옥갑야화,9,456,汝能請于朝,5,,
열하일기,옥갑야화,9,457,出,1,,
열하일기,옥갑야화,9,458,宗室女遍嫁之,6,,
열하일기,옥갑야화,9,459,奪勳戚權貴家,6,,
열하일기,옥갑야화,9,460,以處之乎,4,,
열하일기,옥갑야화,9,461,公低頭良久曰,6,,
열하일기,옥갑야화,9,462,難矣,2,,
열하일기,옥갑야화,9,463,許生曰,3,,
열하일기,옥갑야화,9,464,此亦難彼亦難,6,,
열하일기,옥갑야화,9,465,何事可能,4,,
열하일기,옥갑야화,9,466,有,1,,
열하일기,옥갑야화,9,467,最易者,3,,
열하일기,옥갑야화,9,468,汝能之乎,4,,
열하일기,옥갑야화,9,469,李公曰,3,,
열하일기,옥갑야화,9,470,願聞之,3,,
열하일기,옥갑야화,9,471,許生曰,3,,
열하일기,옥갑야화,9,472,夫欲聲大義於天下而不先交結天下之豪傑者,19,,
열하일기,옥갑야화,9,473,未之有也,4,,
열하일기,옥갑야화,9,474,欲伐人之國而不先用諜,10,,
열하일기,옥갑야화,9,475,未有能成者也,6,,
열하일기,옥갑야화,9,476,今滿洲遽而主天下,8,,
열하일기,옥갑야화,9,477,自以不親於中國,7,,
열하일기,옥갑야화,9,478,而朝鮮率先他國而服,9,,
열하일기,옥갑야화,9,479,彼所信也,4,,
열하일기,옥갑야화,9,480,誠能請遣子弟入學遊宦,10,,
열하일기,옥갑야화,9,481,如唐元故事,5,,Y
열하일기,옥갑야화,9,482,商賈出入不禁,6,商 賈,Y
열하일기,옥갑야화,9,483,彼必喜其見親而許之,9,,Y
열하일기,옥갑야화,9,484,妙選國中之子,6,,
열하일기,옥갑야화,9,485,弟,1,,
열하일기,옥갑야화,9,486,薙髮胡服,4,,
열하일기,옥갑야화,9,487,其君子往赴賓擧,7,,Y
열하일기,옥갑야화,9,488,其小人遠商江南,7,商,Y
열하일기,옥갑야화,9,489,覘其虛實,4,,Y
열하일기,옥갑야화,9,490,結其豪傑,4,,
열하일기,옥갑야화,9,491,天下可圖而國恥可雪,9,,
열하일기,옥갑야화,9,492,若求朱,3,,
열하일기,옥갑야화,9,493,氏而不得率天下諸侯,9,,
열하일기,옥갑야화,9,494,薦人於天,4,,
열하일기,옥갑야화,9,495,進可爲大國師,6,,
열하일기,옥갑야화,9,496,退不失伯舅之國矣,8,,
열하일기,옥갑야화,9,497,李公憮然曰,5,,
열하일기,옥갑야화,9,498,士大夫皆謹守禮法,8,,
열하일기,옥갑야화,9,499,誰肯薙髮胡服乎,7,,
열하일기,옥갑야화,9,500,許生大叱曰,5,,
열하일기,옥갑야화,9,501,所謂士大夫,5,,
열하일기,옥갑야화,9,502,是何等也,4,,Y
열하일기,옥갑야화,9,503,產於彛貊之地,6,產,Y
열하일기,옥갑야화,9,504,自稱曰士大夫,6,,Y
열하일기,옥갑야화,9,505,豈非騃乎,4,,
열하일기,옥갑야화,9,506,衣袴,2,,
열하일기,옥갑야화,9,507,純素,2,,
열하일기,옥갑야화,9,508,是有喪之服,5,,
열하일기,옥갑야화,9,509,會撮如錐,4,,
열하일기,옥갑야화,9,510,是南蠻之椎結也,7,,
열하일기,옥갑야화,9,511,何謂禮法,4,,
열하일기,옥갑야화,9,512,樊於期,3,,
열하일기,옥갑야화,9,513,欲報私怨而不惜其頭,9,,
열하일기,옥갑야화,9,514,武靈王,3,,
열하일기,옥갑야화,9,515,欲,1,,
열하일기,옥갑야화,9,516,强其國而不恥胡服,8,,
열하일기,옥갑야화,9,517,乃今欲爲大明復讎,8,,
열하일기,옥갑야화,9,518,而猶惜其一髮,6,,
열하일기,옥갑야화,9,519,乃今將馳馬擊釖刺鎗弓飛石,12,,
열하일기,옥갑야화,9,520,而不變其廣袖,6,,
열하일기,옥갑야화,9,521,自以爲禮法乎,6,,
열하일기,옥갑야화,9,522,吾始三言,4,,
열하일기,옥갑야화,9,523,汝無一可得而能者,8,,
열하일기,옥갑야화,9,524,自謂信臣,4,,
열하일기,옥갑야화,9,525,信臣固如是乎,6,,
열하일기,옥갑야화,9,526,是可斬也,4,,
열하일기,옥갑야화,9,527,左右顧索釖欲刺,7,,
열하일기,옥갑야화,9,528,之,1,,
열하일기,옥갑야화,9,529,公大驚而起,5,,
열하일기,옥갑야화,9,530,躍出後牖疾走歸,7,,
열하일기,옥갑야화,9,531,明日復往,4,,
열하일기,옥갑야화,9,532,已空室而去矣,6,,
열하일기,옥갑야화,10,1,或曰,2,,
열하일기,옥갑야화,10,2,此皇明遺民也,6,,
열하일기,옥갑야화,10,3,崇禎甲申後多來居者,9,,
열하일기,옥갑야화,10,4,生或者其人,5,,
열하일기,옥갑야화,10,5,則亦未必其姓許也,8,,
열하일기,옥갑야화,10,6,世傳趙判書啓遠爲慶尙,10,,
열하일기,옥갑야화,10,7,監司,2,,
열하일기,옥갑야화,10,8,巡到靑松,4,,
열하일기,옥갑야화,10,9,路左有二僧相枕而臥,9,,
열하일기,옥갑야화,10,10,前騶至呵之不避,7,,
열하일기,옥갑야화,10,11,鞭之不起,4,,
열하일기,옥갑야화,10,12,衆捽曳之,4,,
열하일기,옥갑야화,10,13,莫能動,3,,
열하일기,옥갑야화,10,14,趙公至停轎問,6,,
열하일기,옥갑야화,10,15,僧何居,3,,
열하일기,옥갑야화,10,16,二僧起坐,4,,
열하일기,옥갑야화,10,17,益偃蹇,3,,
열하일기,옥갑야화,10,18,睥睨良久曰,5,,
열하일기,옥갑야화,10,19,汝以虛聲趨勢,6,,
열하일기,옥갑야화,10,20,得方伯乃復爾耶,7,,
열하일기,옥갑야화,10,21,趙公視僧,4,,
열하일기,옥갑야화,10,22,一赤面而圓,5,,
열하일기,옥갑야화,10,23,一,1,,
열하일기,옥갑야화,10,24,黑面而長,4,,
열하일기,옥갑야화,10,25,語殊不凡,4,,
열하일기,옥갑야화,10,26,乃下轎欲與語,6,,
열하일기,옥갑야화,10,27,僧曰,2,,
열하일기,옥갑야화,10,28,屛徒衛,3,,
열하일기,옥갑야화,10,29,隨我來,3,,
열하일기,옥갑야화,10,30,趙公行數里,5,,Y
열하일기,옥갑야화,10,31,喘息汗流不止,6,息,Y
열하일기,옥갑야화,10,32,願小憩,3,,Y
열하일기,옥갑야화,10,33,僧罵,2,,
열하일기,옥갑야화,10,34,曰,1,,
열하일기,옥갑야화,10,35,汝平居,3,,
열하일기,옥갑야화,10,36,衆中常大言,5,,
열하일기,옥갑야화,10,37,身被堅執銳當先鋒,8,,
열하일기,옥갑야화,10,38,爲大明復讐雪恥,7,,
열하일기,옥갑야화,10,39,今行數里,4,,
열하일기,옥갑야화,10,40,一步十喘,4,,
열하일기,옥갑야화,10,41,五步三憩,4,,
열하일기,옥갑야화,10,42,尙能,2,,
열하일기,옥갑야화,10,43,馳遼薊之野乎,6,,
열하일기,옥갑야화,10,44,至一巖下,4,,
열하일기,옥갑야화,10,45,因樹爲屋,4,,
열하일기,옥갑야화,10,46,積薪而寢處其上,7,,
열하일기,옥갑야화,10,47,趙公渴求水,5,,
열하일기,옥갑야화,10,48,僧曰,2,,
열하일기,옥갑야화,10,49,此貴人,3,,
열하일기,옥갑야화,10,50,又當饑也,4,,
열하일기,옥갑야화,10,51,出黃精,3,,
열하일기,옥갑야화,10,52,餠以饋之,4,,
열하일기,옥갑야화,10,53,屑松葉,3,,
열하일기,옥갑야화,10,54,和澗水以進,5,,
열하일기,옥갑야화,10,55,趙公嚬蹙不能飮,7,,
열하일기,옥갑야화,10,56,僧復大罵曰,5,,
열하일기,옥갑야화,10,57,遼野水遠,4,,
열하일기,옥갑야화,10,58,渴當飮馬溲,5,,
열하일기,옥갑야화,10,59,兩僧相持痛哭,6,,
열하일기,옥갑야화,10,60,曰,1,,
열하일기,옥갑야화,10,61,孫老爺孫老爺,6,,
열하일기,옥갑야화,10,62,問趙公曰,4,,
열하일기,옥갑야화,10,63,吳三桂起兵滇中,7,,
열하일기,옥갑야화,10,64,江浙騷然,4,,
열하일기,옥갑야화,10,65,汝知之乎,4,,
열하일기,옥갑야화,10,66,曰,1,,
열하일기,옥갑야화,10,67,未之聞也,4,,
열하일기,옥갑야화,10,68,兩僧歎曰,4,,
열하일기,옥갑야화,10,69,身爲方,3,,
열하일기,옥갑야화,10,70,伯,1,,
열하일기,옥갑야화,10,71,天下有如此大事而不聞不知,12,,
열하일기,옥갑야화,10,72,徒大言得官耳,6,,
열하일기,옥갑야화,10,73,趙公問僧是何人,7,,
열하일기,옥갑야화,10,74,曰,1,,
열하일기,옥갑야화,10,75,不必問,3,,
열하일기,옥갑야화,10,76,世間亦應有知我者,8,,
열하일기,옥갑야화,10,77,汝,1,,
열하일기,옥갑야화,10,78,且少坐待我,5,,
열하일기,옥갑야화,10,79,我當與吾師俱來,7,,
열하일기,옥갑야화,10,80,與汝有言,4,,
열하일기,옥갑야화,10,81,兩僧俱起入深山,7,,
열하일기,옥갑야화,10,82,少焉日沒,4,,
열하일기,옥갑야화,10,83,僧久不返,4,,
열하일기,옥갑야화,10,84,趙公待僧,4,,
열하일기,옥갑야화,10,85,至夜深,3,,
열하일기,옥갑야화,10,86,草動風鳴,4,,
열하일기,옥갑야화,10,87,有虎鬪聲,4,,
열하일기,옥갑야화,10,88,趙公大恐幾絶,6,,
열하일기,옥갑야화,10,89,已而,2,,
열하일기,옥갑야화,10,90,衆明燎炬,4,,
열하일기,옥갑야화,10,91,尋監司而至,5,,
열하일기,옥갑야화,10,92,趙公狼狽出谷中,7,,
열하일기,옥갑야화,10,93,久之居常悒悒恨,7,,
열하일기,옥갑야화,10,94,于中也,3,,
열하일기,옥갑야화,10,95,後趙公問于尤庵宋先生,10,,
열하일기,옥갑야화,10,96,先生曰,3,,
열하일기,옥갑야화,10,97,此似是明末總兵官也,9,,
열하일기,옥갑야화,10,98,常斥我以爾汝者何,8,,
열하일기,옥갑야화,10,99,先生曰,3,,
열하일기,옥갑야화,10,100,自明其,3,,
열하일기,옥갑야화,10,101,非東國緇徒也,6,,
열하일기,옥갑야화,10,102,積薪者,3,,
열하일기,옥갑야화,10,103,臥薪之義也,5,,
열하일기,옥갑야화,10,104,哭必呼孫老爺何,7,,
열하일기,옥갑야화,10,105,先生曰,3,,
열하일기,옥갑야화,10,106,似是太學士孫承宗也,9,,
열하일기,옥갑야화,10,107,承宗嘗視師山,6,,
열하일기,옥갑야화,10,108,海關,2,,
열하일기,옥갑야화,10,109,兩僧似是孫之麾下士也,10,,
열하일기,행재잡록,2,1,嗚呼,2,,
열하일기,행재잡록,2,2,皇明,2,,
열하일기,행재잡록,2,3,吾上國也,4,,
열하일기,행재잡록,2,4,上國之於屬邦,6,,
열하일기,행재잡록,2,5,其錫賚之物,5,,
열하일기,행재잡록,2,6,雖微如絲毫,5,,
열하일기,행재잡록,2,7,若隕自天,4,,
열하일기,행재잡록,2,8,榮動一域,4,,
열하일기,행재잡록,2,9,慶流萬世,4,,
열하일기,행재잡록,2,10,而其,2,,
열하일기,행재잡록,2,11,奉溫諭,3,,
열하일기,행재잡록,2,12,雖數行之札,5,,
열하일기,행재잡록,2,13,高若雲漢,4,,
열하일기,행재잡록,2,14,驚若雷霆,4,,
열하일기,행재잡록,2,15,感若時雨,4,,
열하일기,행재잡록,2,16,何也,2,,
열하일기,행재잡록,2,17,上國也,3,,
열하일기,행재잡록,2,18,何爲上國,4,,
열하일기,행재잡록,2,19,曰中華也,4,,
열하일기,행재잡록,2,20,吾先王列朝,5,,
열하일기,행재잡록,2,21,之所受命也,5,,
열하일기,행재잡록,2,22,故其所都燕京曰京師,9,,
열하일기,행재잡록,2,23,其巡幸之所曰行在,8,,Y
열하일기,행재잡록,2,24,我效土物之儀曰職貢,9,貢,Y
열하일기,행재잡록,2,25,其語當宁曰天子,7,,Y
열하일기,행재잡록,2,26,其朝,2,,
열하일기,행재잡록,2,27,廷曰天朝,4,,
열하일기,행재잡록,2,28,陪臣之在庭曰朝天,8,,
열하일기,행재잡록,2,29,行人之出我疆塲曰天使,10,,
열하일기,행재잡록,2,30,屬邦之婦人孺子語上國,10,,
열하일기,행재잡록,2,31,莫不稱天而尊之者,8,,
열하일기,행재잡록,2,32,四百年猶一日,6,,
열하일기,행재잡록,2,33,葢吾明室之恩,6,,
열하일기,행재잡록,2,34,不可忘也,4,,
열하일기,행재잡록,2,35,昔倭人覆我疆域,7,,
열하일기,행재잡록,2,36,我神宗皇帝提天下之師東援之,13,,Y
열하일기,행재잡록,2,37,竭帑銀以,4,銀,Y
열하일기,행재잡록,2,38,供師旅,3,,Y
열하일기,행재잡록,2,39,復我三都,4,,
열하일기,행재잡록,2,40,還我八路,4,,
열하일기,행재잡록,2,41,我祖宗無國而有國,8,,
열하일기,행재잡록,2,42,我百姓得免雕題卉服之俗,11,,
열하일기,행재잡록,2,43,恩在肌髓,4,,
열하일기,행재잡록,2,44,萬世永賴,4,,
열하일기,행재잡록,2,45,皆,1,,
열하일기,행재잡록,2,46,吾上國之恩也,6,,
열하일기,행재잡록,2,47,今淸按明之舊,6,,
열하일기,행재잡록,2,48,臣一四海,4,,
열하일기,행재잡록,2,49,所以加惠我國者,7,,
열하일기,행재잡록,2,50,亦累葉矣,4,,Y
열하일기,행재잡록,2,51,金非土產則蠲之,7,產,Y
열하일기,행재잡록,2,52,綵馬衰小則,5,,Y
열하일기,행재잡록,2,53,免之,2,,
열하일기,행재잡록,2,54,米苧紙席之幣,6,,
열하일기,행재잡록,2,55,世減其數,4,,
열하일기,행재잡록,2,56,而比年以來,5,,
열하일기,행재잡록,2,57,凡可以出勅者,6,,
열하일기,행재잡록,2,58,必令順付以除迎送之弊,10,,
열하일기,행재잡록,2,59,今我使之入熱,6,,
열하일기,행재잡록,2,60,河也,2,,
열하일기,행재잡록,2,61,特遣軍機近臣道迎之,9,,
열하일기,행재잡록,2,62,其在庭也,4,,
열하일기,행재잡록,2,63,命班于大臣之列,7,,
열하일기,행재잡록,2,64,其聽戱得比廷臣而宴賚之,11,,Y
열하일기,행재잡록,2,65,又詔永蠲正貢外,7,貢,Y
열하일기,행재잡록,2,66,別使方物,4,,Y
열하일기,행재잡록,2,67,此實曠世盛典,6,,
열하일기,행재잡록,2,68,而固所未得於皇明之世也,11,,
열하일기,행재잡록,2,69,然而我以惠而不以恩,9,,
열하일기,행재잡록,2,70,以憂而不以榮者,7,,
열하일기,행재잡록,2,71,何也,2,,
열하일기,행재잡록,2,72,非上國也,4,,
열하일기,행재잡록,2,73,我今稱皇帝所在之處曰行在而錄其事,16,,
열하일기,행재잡록,2,74,然而不謂之上國者,8,,
열하일기,행재잡록,2,75,何也,2,,
열하일기,행재잡록,2,76,非中華也,4,,
열하일기,행재잡록,2,77,我力屈而服彼,6,,
열하일기,행재잡록,2,78,則大國也,4,,
열하일기,행재잡록,2,79,大國能以力而屈之,8,,
열하일기,행재잡록,2,80,非吾所初受命之天子也,10,,
열하일기,행재잡록,2,81,今其賜賚之寵,6,,
열하일기,행재잡록,2,82,蠲免之諭,4,,
열하일기,행재잡록,2,83,在大國不過爲卹小,8,,
열하일기,행재잡록,2,84,柔遠之政,4,,Y
열하일기,행재잡록,2,85,則雖代蠲一貢,6,貢,Y
열하일기,행재잡록,2,86,歲免一幣,4,,Y
열하일기,행재잡록,2,87,是惠也,3,,
열하일기,행재잡록,2,88,非吾所謂恩也,6,,
열하일기,행재잡록,2,89,噫,1,,
열하일기,행재잡록,2,90,戎狄之性如谿壑,7,,
열하일기,행재잡록,2,91,不可厭也,4,,
열하일기,행재잡록,2,92,皮幣之,3,,
열하일기,행재잡록,2,93,不足而犬馬焉,6,,
열하일기,행재잡록,2,94,犬馬之不足而珠玉焉,9,,
열하일기,행재잡록,2,95,今乃不然,4,,
열하일기,행재잡록,2,96,慈諒而款至,5,,
열하일기,행재잡록,2,97,體恕而委曲,5,,
열하일기,행재잡록,2,98,不施煩苛,4,,
열하일기,행재잡록,2,99,無所違拒,4,,
열하일기,행재잡록,2,100,雖吾,2,,
열하일기,행재잡록,2,101,事大之誠足以感彼而馴其性,12,,
열하일기,행재잡록,2,102,然彼其意,4,,
열하일기,행재잡록,2,103,亦未甞一日而忘吾也,9,,
열하일기,행재잡록,2,104,何則,2,,
열하일기,행재잡록,2,105,彼寄居中國,5,,
열하일기,행재잡록,2,106,百有餘年,4,,
열하일기,행재잡록,2,107,未甞不,3,,
열하일기,행재잡록,2,108,視中土爲逆旅也,7,,
열하일기,행재잡록,2,109,未甞不視吾東爲鄰比也,10,,
열하일기,행재잡록,2,110,及今四海昇平之日,8,,
열하일기,행재잡록,2,111,所以陰狃我人者多矣,9,,
열하일기,행재잡록,2,112,遇之厚,3,,
열하일기,행재잡록,2,113,欲其市,3,,
열하일기,행재잡록,2,114,德也,2,,
열하일기,행재잡록,2,115,結之固,3,,
열하일기,행재잡록,2,116,欲其弛備也,5,,
열하일기,행재잡록,2,117,他日歸巢,4,,
열하일기,행재잡록,2,118,壓境而坐,4,,
열하일기,행재잡록,2,119,責之以舊君臣之禮,8,,
열하일기,행재잡록,2,120,饑瘵焉求其周,6,,
열하일기,행재잡록,2,121,軍旅焉望其助,6,,
열하일기,행재잡록,2,122,安知今日區區紙席之蠲,10,,
열하일기,행재잡록,2,123,不爲異時犬馬珠玉之需乎,11,,
열하일기,행재잡록,2,124,故曰可以憂而不榮者此也,11,,
열하일기,행재잡록,2,125,今皇帝之意,5,,
열하일기,행재잡록,2,126,未必專,3,,
열하일기,행재잡록,2,127,出於此,3,,
열하일기,행재잡록,2,128,而吾東之爲大國所私厚者有年,13,,
열하일기,행재잡록,2,129,則人心之所晏然而易忽者也,12,,
열하일기,행재잡록,2,130,吾於是倂錄其奏單及勅諭,11,,
열하일기,행재잡록,2,131,以,1,,
열하일기,행재잡록,2,132,俟夫先天下之憂而憂者,10,,
열하일기,행재잡록,3,1,禮部諭大使張,6,,
열하일기,행재잡록,3,2,會同四譯舘大使張文錦字煥然,13,,
열하일기,행재잡록,3,3,順天大與人也,6,,
열하일기,행재잡록,3,4,爲人短小情悍,6,,
열하일기,행재잡록,3,5,今奉旨朝鮮所來正副,9,,
열하일기,행재잡록,3,6,使,1,,
열하일기,행재잡록,3,7,著來熟河行禮欽此,8,,
열하일기,행재잡록,3,8,卽將此旨傳諭該國使臣,10,,
열하일기,행재잡록,3,9,將帶往熱河官,6,,
열하일기,행재잡록,3,10,並從人開寫姓名淸單,9,,
열하일기,행재잡록,3,11,卽刻送至精饍,6,,
열하일기,행재잡록,3,12,司,1,,
열하일기,행재잡록,3,13,明日撥上發往,6,,
열하일기,행재잡록,3,14,爲此特諭,4,,
열하일기,행재잡록,3,15,八月初四日起更時,8,,
열하일기,행재잡록,4,1,禮部諭大使張,6,,
열하일기,행재잡록,4,2,奉旨將朝鮮使臣等,8,,
열하일기,행재잡록,4,3,帶往熱河行禮已,7,,
열하일기,행재잡록,4,4,令卽將使臣姓名,7,,
열하일기,행재잡록,4,5,隨往官役姓名,6,,
열하일기,행재잡록,4,6,並開寫淸單,5,,
열하일기,행재잡록,4,7,卽行寶送部,5,,
열하일기,행재잡록,4,8,等候封報,4,,
열하일기,행재잡록,4,9,至今尙未送到,6,,
열하일기,행재잡록,4,10,事關奉旨,4,,
열하일기,행재잡록,4,11,何得稽緩,4,,
열하일기,행재잡록,4,12,卽速開寫淸單送部,8,,
열하일기,행재잡록,4,13,立等,2,,
열하일기,행재잡록,4,14,幷此次派出隨,6,,
열하일기,행재잡록,4,15,往通官烏林哺四哥,8,,
열하일기,행재잡록,4,16,徐宗頤,3,,
열하일기,행재잡록,4,17,保壽,2,,
열하일기,행재잡록,4,18,朴寶樹,3,,
열하일기,행재잡록,4,19,等三員,3,,
열하일기,행재잡록,4,20,卽將此諭傳知該員等,9,,
열하일기,행재잡록,4,21,令其明日巳刻,6,,
열하일기,행재잡록,4,22,帶同朝鮮使,5,,
열하일기,행재잡록,4,23,臣等往宿林溝,6,,
열하일기,행재잡록,4,24,特諭並諭大使張,7,,
열하일기,행재잡록,4,25,明日卯刻,4,,
열하일기,행재잡록,4,26,在衙門伺候,5,,
열하일기,행재잡록,4,27,有面交事件特諭,7,,
열하일기,행재잡록,4,28,八月初四日,5,,
열하일기,행재잡록,5,1,朝鮮國進賀兼謝恩使,9,,
열하일기,행재잡록,5,2,前往熱河行在淸單,8,,
열하일기,행재잡록,5,3,正使錦城尉朴明源,8,,
열하일기,행재잡록,5,4,副使吏曹判書,6,,
열하일기,행재잡록,5,5,權啣,2,,
열하일기,행재잡록,5,6,鄭元始,3,,
열하일기,행재잡록,5,7,書狀官,3,,
열하일기,행재잡록,5,8,兼掌令趙鼎鎭,6,,
열하일기,행재잡록,5,9,大通官洪命福,6,,
열하일기,행재잡록,5,10,趙達東,3,,
열하일기,행재잡록,5,11,尹甲宗,3,,
열하일기,행재잡록,5,12,從官周命新,5,,
열하일기,행재잡록,5,13,正使裨將,4,,
열하일기,행재잡록,5,14,鄭昌後,3,,
열하일기,행재잡록,5,15,李瑞龜,3,,
열하일기,행재잡록,5,16,副使裨將,4,,
열하일기,행재잡록,5,17,趙,1,,
열하일기,행재잡록,5,18,時學,2,,
열하일기,행재잡록,5,19,書狀裨將,4,,
열하일기,행재잡록,5,20,從人六十四名,6,,
열하일기,행재잡록,5,21,已上共七十四人,7,,
열하일기,행재잡록,5,22,馬五十五疋,5,,
열하일기,행재잡록,6,1,臣曹臣德奏,5,,
열하일기,행재잡록,6,2,爲奏聞事,4,,
열하일기,행재잡록,6,3,滿尙書德甫,5,,
열하일기,행재잡록,6,4,漢尙書曹秀先,6,,
열하일기,행재잡록,6,5,六部皆置滿漢爲尙書侍郞,11,,
열하일기,행재잡록,6,6,所有朝鮮國來使慶賀,9,,
열하일기,행재잡록,6,7,萬壽節,3,,
열하일기,행재잡록,6,8,令該使錦城尉朴,7,,
열하일기,행재잡록,6,9,吏曹判書鄭及從人等,9,,
열하일기,행재잡록,6,10,於本月初九日,6,,
열하일기,행재잡록,6,11,來到熱河,4,,
열하일기,행재잡록,6,12,臣等派另照料妥揷外,9,,
열하일기,행재잡록,6,13,爲,1,,
열하일기,행재잡록,6,14,此奏聞,3,,
열하일기,행재잡록,6,15,乾隆四十五年八月初九日奏,12,,
열하일기,행재잡록,6,16,奉旨知道了,5,,
열하일기,행재잡록,7,1,臣曹臣德奏,5,,
열하일기,행재잡록,7,2,爲據情代奏恭謝天恩事,10,,
열하일기,행재잡록,7,3,據朝鮮國使臣錦城尉朴,10,,
열하일기,행재잡록,7,4,吏曹判書鄭等呈稱,8,,
열하일기,행재잡록,7,5,伏以國王恭遇皇,7,,
열하일기,행재잡록,7,6,上七旬萬壽,5,,
열하일기,행재잡록,7,7,不勝歡忭,4,,
열하일기,행재잡록,7,8,使職等賫表來賀,7,,
열하일기,행재잡록,7,9,得赴熱河行禮,6,,
열하일기,행재잡록,7,10,已屬榮幸,4,,
열하일기,행재잡록,7,11,又蒙聖旨,4,,
열하일기,행재잡록,7,12,令小國陪臣等得附天,9,,
열하일기,행재잡록,7,13,朝二品三品大臣之末行禮,11,,
열하일기,행재잡록,7,14,恩施格外,4,,
열하일기,행재잡록,7,15,事曠千古,4,,
열하일기,행재잡록,7,16,謹當歸啓國王,6,,
열하일기,행재잡록,7,17,感戴皇恩所有,6,,
열하일기,행재잡록,7,18,職等忭舞之忱,6,,
열하일기,행재잡록,7,19,呈請,2,,
열하일기,행재잡록,7,20,禮部大人,4,,
열하일기,행재잡록,7,21,代爲轉奏等情,6,,
열하일기,행재잡록,7,22,具呈前來,4,,
열하일기,행재잡록,7,23,爲此謹具奏聞,6,,
열하일기,행재잡록,7,24,乾隆四十五年八月十日奏,11,,
열하일기,행재잡록,7,25,奉旨知道了欽此,7,,
열하일기,행재잡록,8,1,禮部謹奏,4,,
열하일기,행재잡록,8,2,爲奏聞事,4,,
열하일기,행재잡록,8,3,本月十二日,5,,
열하일기,행재잡록,8,4,臣等遵旨派員,6,,
열하일기,행재잡록,8,5,會同理藩院司員等帶領朝鮮使臣正使朴副使鄭書,21,,
열하일기,행재잡록,8,6,狀官趙等,4,,Y
열하일기,행재잡록,8,7,前詣札什倫布,6,什,Y
열하일기,행재잡록,8,8,拜見額爾德尼,6,,Y
열하일기,행재잡록,8,9,行禮後,3,,
열하일기,행재잡록,8,10,令坐吃茶,4,,
열하일기,행재잡록,8,11,詢問該國遠近,6,,Y
열하일기,행재잡록,8,12,幷入貢緣由,5,貢,Y
열하일기,행재잡록,8,13,該使臣答以,5,,Y
열하일기,행재잡록,8,14,因皇上七旬大慶,7,,
열하일기,행재잡록,8,15,進表稱賀,4,,
열하일기,행재잡록,8,16,幷恭謝天恩,5,,
열하일기,행재잡록,8,17,額爾德尼聞之甚喜,8,,
열하일기,행재잡록,8,18,卽囑令永遠恭順,7,,
열하일기,행재잡록,8,19,自然獲福,4,,
열하일기,행재잡록,8,20,仍給以使,4,,
열하일기,행재잡록,8,21,臣銅佛藏香贍,6,,
열하일기,행재잡록,8,22,等,1,,
열하일기,행재잡록,8,23,該使等當卽叩謝,7,,
열하일기,행재잡록,8,24,所有給與使臣銅佛等物件,11,,
열하일기,행재잡록,8,25,開單呈覽,4,,
열하일기,행재잡록,8,26,爲此謹具奏聞,6,,
열하일기,행재잡록,8,27,乾隆四十,4,,
열하일기,행재잡록,8,28,五年八月十二日奏,8,,
열하일기,행재잡록,8,29,奉旨知道了欽此,7,,
열하일기,행재잡록,9,1,使臣見班禪事,6,,
열하일기,행재잡록,9,2,余具載之,4,,Y
열하일기,행재잡록,9,3,札什倫布記及見禮部奏聞,11,什,Y
열하일기,행재잡록,9,4,其稱拜見額爾德尼,8,,Y
열하일기,행재잡록,9,5,給與使臣等物件,7,,
열하일기,행재잡록,9,6,該使臣等,4,,
열하일기,행재잡록,9,7,卽當叩謝云者,6,,
열하일기,행재잡록,9,8,皆妄也,3,,
열하일기,행재잡록,9,9,然而奏語事勢,6,,
열하일기,행재잡록,9,10,不得不爾,4,,
열하일기,행재잡록,9,11,第據吾所目擊者詳錄之,10,,Y
열하일기,행재잡록,9,12,以資山中曝背一粲,8,資,Y
열하일기,행재잡록,9,13,覽者,2,,Y
열하일기,행재잡록,9,14,當有以察之,5,,
열하일기,행재잡록,10,1,正使銅佛一尊,6,,
열하일기,행재잡록,10,2,十八,2,,
열하일기,행재잡록,10,3,哈達一介,4,,
열하일기,행재잡록,10,4,哈達者,3,,
열하일기,행재잡록,10,5,猶云幣帛,4,,
열하일기,행재잡록,10,6,猩猩毡子二匹,6,,
열하일기,행재잡록,10,7,藏香二十四把,6,,
열하일기,행재잡록,10,8,計夾片一帒,5,,
열하일기,행재잡록,10,9,不識,2,,
열하일기,행재잡록,10,10,爲何物,3,,
열하일기,행재잡록,11,1,副使銅佛一尊,6,,
열하일기,행재잡록,11,2,十四,2,,
열하일기,행재잡록,11,3,哈達一介,4,,
열하일기,행재잡록,11,4,猩猩毡子一匹,6,,
열하일기,행재잡록,11,5,藏香二十把,5,,
열하일기,행재잡록,12,1,書狀官銅佛一尊,7,,
열하일기,행재잡록,12,2,十,1,,
열하일기,행재잡록,12,3,哈達一介,4,,
열하일기,행재잡록,12,4,猩猩毡子一匹,6,,
열하일기,행재잡록,12,5,藏香十四把,5,,
열하일기,행재잡록,13,1,所謂銅佛高尺餘,7,,
열하일기,행재잡록,13,2,此護身佛也,5,,
열하일기,행재잡록,13,3,中國例相贈遺遠遊者,9,,
열하일기,행재잡록,13,4,必持此朝夕供養,7,,Y
열하일기,행재잡록,13,5,藏俗年例進貢,6,貢,Y
열하일기,행재잡록,13,6,首以佛一尊爲,6,,Y
열하일기,행재잡록,13,7,方物,2,,
열하일기,행재잡록,13,8,今此銅佛,4,,
열하일기,행재잡록,13,9,乃法王所以爲我使祈祝行李之上幣也,16,,
열하일기,행재잡록,13,10,然而吾東一事涉佛,8,,
열하일기,행재잡록,13,11,必爲終身之累,6,,
열하일기,행재잡록,13,12,况此所授,4,,
열하일기,행재잡록,13,13,者,1,,
열하일기,행재잡록,13,14,乃番僧乎,4,,
열하일기,행재잡록,13,15,使臣旣還北京,6,,
열하일기,행재잡록,13,16,以其幣物盡給譯官,8,,
열하일기,행재잡록,13,17,諸譯亦視同糞穢,7,,
열하일기,행재잡록,13,18,若將凂焉,4,,Y
열하일기,행재잡록,13,19,售銀九十兩,5,銀,Y
열하일기,행재잡록,13,20,散之一行,4,,Y
열하일기,행재잡록,13,21,馬頭輩,3,,Y
열하일기,행재잡록,13,22,而不以此銀,5,銀,Y
열하일기,행재잡록,13,23,沽飮一盃酒,5,,Y
열하일기,행재잡록,13,24,潔則潔矣,4,,
열하일기,행재잡록,13,25,以他俗視之,5,,
열하일기,행재잡록,13,26,則未免鄕闇,5,,
열하일기,행재잡록,14,1,禮部爲公務事,6,,
열하일기,행재잡록,14,2,所有外撥朝鮮國公文,9,,
열하일기,행재잡록,14,3,一角相應咨送,6,,
열하일기,행재잡록,14,4,兵部轉撥可也,6,,
열하일기,행재잡록,14,5,主客司呈爲知照事,8,,
열하일기,행재잡록,14,6,準行在禮部,5,,
열하일기,행재잡록,14,7,咨,1,,
열하일기,행재잡록,14,8,稱本部具奏朝鮮使臣來到熱河一摺,15,,
열하일기,행재잡록,14,9,又具奏朝鮮使臣恭謝天恩一摺,13,,
열하일기,행재잡록,14,10,又具奏班禪額爾德尼給與使,12,,
열하일기,행재잡록,14,11,臣物件奏聞一摺,7,,
열하일기,행재잡록,14,12,相應抄錄,4,,
열하일기,행재잡록,14,13,各具奏底知照等因,8,,
열하일기,행재잡록,14,14,前來相應抄錄各原奏幷欽奉諭旨移咨上謝事件處,21,,
열하일기,행재잡록,14,15,稽察房禮科浙江幷知照,10,,
열하일기,행재잡록,15,1,禮部謹奏爲禮儀事,8,,
열하일기,행재잡록,15,2,恭照乾隆四十五年八月十三日皇上七旬萬壽聖節行慶賀禮,25,,
열하일기,행재잡록,15,3,是日鑾儀衛,5,,
열하일기,행재잡록,15,4,預陳皇,3,,
열하일기,행재잡록,15,5,上法駕鹵簿於淡泊敬誠殿庭,12,,
열하일기,행재잡록,15,6,設中和韶樂於淡泊敬誠殿簷下兩旁,15,,
열하일기,행재잡록,15,7,設丹陛大樂於二宮門內兩旁亭內,14,,
열하일기,행재잡록,15,8,俱北向,3,,
열하일기,행재잡록,15,9,扈從之和碩親王以下八人,11,,
열하일기,행재잡록,15,10,分公以上及蒙古王公,9,,
열하일기,행재잡록,15,11,土爾扈特等,5,,
열하일기,행재잡록,15,12,俱蟒袍補服,5,,
열하일기,행재잡록,15,13,至淡泊敬誠殿前,7,,
열하일기,행재잡록,15,14,按翼排立,4,,
열하일기,행재잡록,15,15,文武大臣曁朝鮮國正使土司等在二宮門外,18,,
열하일기,행재잡록,15,16,各照品級,4,,
열하일기,행재잡록,15,17,按翼排立,4,,
열하일기,행재잡록,15,18,三品以下各官曁朝鮮副,10,,
열하일기,행재잡록,15,19,使番子頭人等,6,,
열하일기,행재잡록,15,20,在避暑山莊門外,7,,
열하일기,행재잡록,15,21,各照品級,4,,
열하일기,행재잡록,15,22,按翼排立,4,,
열하일기,행재잡록,15,23,禮部堂官奏請皇上御龍袍袞服,13,,
열하일기,행재잡록,15,24,陞淡泊敬誠殿,6,,
열하일기,행재잡록,15,25,寶座,2,,
열하일기,행재잡록,15,26,中和韶樂作,5,,
열하일기,행재잡록,15,27,奏乾平之章,5,,
열하일기,행재잡록,15,28,皇上陞座樂止,6,,
열하일기,행재잡록,15,29,鑾儀衛官贊鳴鞭,7,,
열하일기,행재잡록,15,30,階下三鳴鞭,5,,
열하일기,행재잡록,15,31,鳴贊官排班,5,,
열하일기,행재잡록,15,32,丹陛大樂,4,,
열하일기,행재잡록,15,33,作,1,,
열하일기,행재잡록,15,34,奏慶平之章,5,,
열하일기,행재잡록,15,35,鴻臚寺官,4,,
열하일기,행재잡록,15,36,引諸王文武官,6,,
열하일기,행재잡록,15,37,各排班立,4,,
열하일기,행재잡록,15,38,鳴贊官贊引,5,,
열하일기,행재잡록,15,39,贊跪王以下衆官進跪,9,,
열하일기,행재잡록,15,40,贊叩頭興,4,,
열하일기,행재잡록,15,41,王以下衆官行三跪九叩頭,11,,
열하일기,행재잡록,15,42,鳴贊官贊退王以下衆官俱復原位立,15,,
열하일기,행재잡록,15,43,樂止,2,,
열하일기,행재잡록,15,44,鑾儀衛官鳴鞭,6,,
열하일기,행재잡록,15,45,階下三嗚鞭,5,,
열하일기,행재잡록,15,46,禮,1,,
열하일기,행재잡록,15,47,部堂官奏禮成,6,,
열하일기,행재잡록,15,48,中和韶樂作,5,,
열하일기,행재잡록,15,49,奏太平之章,5,,
열하일기,행재잡록,15,50,皇上鑾駕還宮,6,,
열하일기,행재잡록,15,51,樂止,2,,
열하일기,행재잡록,15,52,王公以下衆官俱出,8,,
열하일기,행재잡록,15,53,內監奏請皇上御,7,,
열하일기,행재잡록,15,54,內殿陞座,4,,
열하일기,행재잡록,15,55,妃嬪具龍袍褒服於皇上前,11,,
열하일기,행재잡록,15,56,行六肅三跪三拜禮,8,,
열하일기,행재잡록,15,57,禮成,2,,
열하일기,행재잡록,15,58,皇上起座,4,,
열하일기,행재잡록,15,59,妃嬪等還宮,5,,
열하일기,행재잡록,15,60,皇子皇孫皇,5,,
열하일기,행재잡록,15,61,曾孫等行禮,5,,
열하일기,행재잡록,15,62,爲此謹具奏聞,6,,
열하일기,행재잡록,16,1,主客司呈爲知照事準行在禮部咨,14,,
열하일기,행재잡록,16,2,稱乾隆四十五年八月十二日內閣奉上諭朝鮮世守藩封,23,,
열하일기,행재잡록,16,3,素稱恭順,4,,Y
열하일기,행재잡록,16,4,歲時職貢,4,貢,Y
열하일기,행재잡록,16,5,祗愼可嘉,4,,Y
열하일기,행재잡록,16,6,間遇特頒敕諭及資送歸國等事,13,資,Y
열하일기,행재잡록,16,7,如琉球等國,5,,Y
열하일기,행재잡록,16,8,亦俱章陳謝,5,,
열하일기,행재잡록,16,9,惟朝鮮國必備具土物,9,,
열하일기,행재잡록,16,10,附表呈進,4,,
열하일기,행재잡록,16,11,以藉悃忱,4,,
열하일기,행재잡록,16,12,向因專使遠來,6,,
열하일기,행재잡록,16,13,若令賫回徒滋跋涉,8,,Y
열하일기,행재잡록,16,14,是以歷次留作正貢,8,貢,Y
열하일기,행재잡록,16,15,以示優卹,4,,Y
열하일기,행재잡록,16,16,而該國恪供,5,,
열하일기,행재잡록,16,17,職守,2,,Y
열하일기,행재잡록,16,18,届應正貢時,5,貢,Y
열하일기,행재잡록,16,19,仍復備物呈獻,6,,Y
열하일기,행재잡록,16,20,往來煩複,4,,
열하일기,행재잡록,16,21,轉覺多一儀文,6,,
열하일기,행재잡록,16,22,我君臣推誠,5,,
열하일기,행재잡록,16,23,孚信,2,,
열하일기,행재잡록,16,24,中外一體,4,,
열하일기,행재잡록,16,25,又何必爲,4,,
열하일기,행재잡록,16,26,此繁縟之節耶,6,,
열하일기,행재잡록,16,27,今歲朕七旬萬壽,7,,
열하일기,행재잡록,16,28,該國具表稱賀,6,,
열하일기,행재잡록,16,29,業已宣命來使前赴行在,10,,
열하일기,행재잡록,16,30,隨朝臣一軆行禮宴,8,,
열하일기,행재잡록,16,31,賚其隨,3,,Y
열하일기,행재잡록,16,32,表貢物,3,貢,Y
열하일기,행재잡록,16,33,此次卽行收受,6,,Y
열하일기,행재잡록,16,34,以伸該國慶祝之誠,8,,Y
열하일기,행재잡록,16,35,嗣後除歲時慶節正貢,9,貢,Y
열하일기,행재잡록,16,36,仍聽其照例備進,7,,Y
열하일기,행재잡록,16,37,其餘陳謝表章,6,,Y
열하일기,행재잡록,16,38,所有隨表貢物,6,貢,Y
열하일기,행재잡록,16,39,槪行停止,4,,Y
열하일기,행재잡록,16,40,毋庸備進,4,,
열하일기,행재잡록,16,41,副朕柔惠遠人,6,,
열하일기,행재잡록,16,42,以實不以文之至意,8,,
열하일기,행재잡록,17,1,臣德臣曺奏爲據情代奏恭謝天恩事,15,,
열하일기,행재잡록,17,2,據朝鮮國使臣錦城尉朴吏曹判書鄭等呈稱,18,,
열하일기,행재잡록,17,3,伏以恭遇皇上萬壽,8,,
열하일기,행재잡록,17,4,節届,2,,
열하일기,행재잡록,17,5,九域慶溢,4,,
열하일기,행재잡록,17,6,本國不勝歡忭之祝,8,,
열하일기,행재잡록,17,7,略效進賀之忱,6,,
열하일기,행재잡록,17,8,禮部,2,,
열하일기,행재잡록,17,9,添膽望聖僧獲沾福佑,9,,
열하일기,행재잡록,17,10,乃者格外恩賞,6,,
열하일기,행재잡록,17,11,特沾,2,,
열하일기,행재잡록,17,12,小邦,2,,
열하일기,행재잡록,17,13,至及於陪臣之賤,7,,
열하일기,행재잡록,17,14,禮部,2,,
열하일기,행재잡록,17,15,改加賞國王,5,,
열하일기,행재잡록,17,16,陪臣幷從人等,6,,Y
열하일기,행재잡록,17,17,緞匹銀兩,4,銀,Y
열하일기,행재잡록,17,18,榮光所被,4,,Y
열하일기,행재잡록,17,19,曠絶前後,4,,
열하일기,행재잡록,17,20,謹當歸奏,4,,
열하일기,행재잡록,17,21,國王,2,,
열하일기,행재잡록,17,22,禮部,2,,
열하일기,행재잡록,17,23,添另行具表陳謝,7,,
열하일기,행재잡록,17,24,感戴皇恩,4,,
열하일기,행재잡록,17,25,呈請禮部大人,6,,
열하일기,행재잡록,17,26,代爲轉奏等情具呈前來,10,,
열하일기,행재잡록,17,27,爲此謹具奏聞,6,,
열하일기,행재잡록,17,28,乾隆,2,,
열하일기,행재잡록,17,29,四十五年八月十四日,9,,
열하일기,행재잡록,17,30,奏奉旨知道了欽此,8,,
열하일기,행재잡록,18,1,筆帖式所持文簿中,8,,
열하일기,행재잡록,18,2,有此旨下呈文,6,,
열하일기,행재잡록,18,3,而與原本大異,6,,
열하일기,행재잡록,18,4,葢禮部轉奏時添改也,9,,
열하일기,행재잡록,18,5,使臣大駭之,5,,
열하일기,행재잡록,18,6,令任譯先往禮,6,,
열하일기,행재잡록,18,7,部朝房,3,,
열하일기,행재잡록,18,8,詰其由曰,4,,
열하일기,행재잡록,18,9,何故潛改呈文,6,,
열하일기,행재잡록,18,10,而不令相知,5,,
열하일기,행재잡록,18,11,郞中大怒曰,5,,
열하일기,행재잡록,18,12,儞們呈文,4,,
열하일기,행재잡록,18,13,全沒事實,4,,
열하일기,행재잡록,18,14,故禮部大人,5,,
열하일기,행재잡록,18,15,爲你,2,,
열하일기,행재잡록,18,16,國周旋,3,,
열하일기,행재잡록,18,17,已禀下,3,,
열하일기,행재잡록,18,18,儞們不知爲德,6,,
열하일기,행재잡록,18,19,而乃反盛氣來詰何耶,9,,
열하일기,행재잡록,19,1,六部中禮部最多擧行,9,,
열하일기,행재잡록,19,2,自天地郊廟,5,,
열하일기,행재잡록,19,3,山川祠典,4,,
열하일기,행재잡록,19,4,皇帝起居,4,,
열하일기,행재잡록,19,5,四海萬國,4,,
열하일기,행재잡록,19,6,莫不關由,4,,
열하일기,행재잡록,19,7,余在熱河視禮部擧行,9,,
열하일기,행재잡록,19,8,之關我國者,5,,
열하일기,행재잡록,19,9,有以占天下事矣,7,,
열하일기,행재잡록,19,10,皇帝有特恩於使臣,8,,
열하일기,행재잡록,19,11,則禮部隨卽迫令呈文,9,,
열하일기,행재잡록,19,12,爲之轉奏,4,,
열하일기,행재잡록,19,13,此在使臣義分,6,,
열하일기,행재잡록,19,14,其叩謝當否自由,7,,
열하일기,행재잡록,19,15,使臣在大國軆統,7,,
열하일기,행재잡록,19,16,雖外國陪臣,5,,
열하일기,행재잡록,19,17,私自鳴謝,4,,
열하일기,행재잡록,19,18,以要轉奏事當退卻,8,,
열하일기,행재잡록,19,19,以煩屑瀆擾爲辭,7,,
열하일기,행재잡록,19,20,乃,1,,
열하일기,행재잡록,19,21,今不然,3,,
열하일기,행재잡록,19,22,惟恐呈文之後時,7,,
열하일기,행재잡록,19,23,轉奏之不及,5,,
열하일기,행재잡록,19,24,甚至於不詢使臣,7,,
열하일기,행재잡록,19,25,潛改句語,4,,
열하일기,행재잡록,19,26,不顧大軆,4,,Y
열하일기,행재잡록,19,27,只要一時悅豫之資,8,資,Y
열하일기,행재잡록,19,28,自,1,,Y
열하일기,행재잡록,19,29,陷罔上之科,5,,
열하일기,행재잡록,19,30,而甘取外國之侮,7,,
열하일기,행재잡록,19,31,禮部如此,4,,
열하일기,행재잡록,19,32,諸部可知矣,5,,
열하일기,행재잡록,19,33,且使臣不日當還,7,,
열하일기,행재잡록,19,34,則咨文自可受去,7,,
열하일기,행재잡록,19,35,而急先轉,4,,
열하일기,행재잡록,19,36,撥,1,,
열하일기,행재잡록,19,37,有若委巷小人衒功德色者然,12,,
열하일기,행재잡록,19,38,大國事何其淺淺然,8,,
열하일기,행재잡록,19,39,無足法於天下也,7,,
열하일기,행재잡록,19,40,又有所深可憂者,7,,
열하일기,행재잡록,19,41,禮部之所以,5,,
열하일기,행재잡록,19,42,奔趨我事,4,,
열하일기,행재잡록,19,43,非畏我也,4,,
열하일기,행재잡록,19,44,特畏皇帝之嚴急也,8,,
열하일기,행재잡록,19,45,使臣之坐督禮部,7,,
열하일기,행재잡록,19,46,事無難易,4,,
열하일기,행재잡록,19,47,惟期速成,4,,
열하일기,행재잡록,19,48,此無他,3,,
열하일기,행재잡록,19,49,自不覺其有,5,,
열하일기,행재잡록,19,50,恃乎接遇之厚也,7,,
열하일기,행재잡록,19,51,比年以來,4,,
열하일기,행재잡록,19,52,已成規例,4,,
열하일기,행재잡록,19,53,通官序班,4,,
열하일기,행재잡록,19,54,無所操縱於其間,7,,
열하일기,행재잡록,19,55,久已積不平於我使矣,9,,
열하일기,행재잡록,19,56,若皇帝一,4,,
열하일기,행재잡록,19,57,朝不視朝,4,,
열하일기,행재잡록,19,58,而禮部之假借承奉,8,,
열하일기,행재잡록,19,59,少有差池,4,,
열하일기,행재잡록,19,60,則一序班足以制我使之進退矣,13,,
열하일기,행재잡록,19,61,又况禮部所以奔趨者,9,,
열하일기,행재잡록,19,62,本出,2,,
열하일기,행재잡록,19,63,於悅豫彌縫之事乎,8,,
열하일기,행재잡록,19,64,爲使臣者,4,,
열하일기,행재잡록,19,65,不可以不察也,6,,
열하일기,행재잡록,20,1,凡使事進退,5,,
열하일기,행재잡록,20,2,專關禮部,4,,
열하일기,행재잡록,20,3,使臣之所以督成,7,,
열하일기,행재잡록,20,4,不過任譯而已,6,,
열하일기,행재잡록,20,5,任譯不過圖囑通官,8,,
열하일기,행재잡록,20,6,通官不過圖囑衙門,8,,
열하일기,행재잡록,20,7,所,1,,
열하일기,행재잡록,20,8,謂衙門,3,,
열하일기,행재잡록,20,9,卽四譯提督及大使也,9,,
열하일기,행재잡록,20,10,提督大使之於禮部堂官,10,,
열하일기,행재잡록,20,11,等威截嚴,4,,
열하일기,행재잡록,20,12,非可造次干托也,7,,
열하일기,행재잡록,20,13,然而使臣之疑怒,7,,
열하일기,행재잡록,20,14,恒在譯官者,5,,
열하일기,행재잡록,20,15,葢由言語莫能自通,8,,
열하일기,행재잡록,20,16,而只憑彼此譯舌故也,9,,
열하일기,행재잡록,20,17,使臣旣疑其受欺,7,,
열하일기,행재잡록,20,18,而任譯常怨其難明,8,,
열하일기,행재잡록,20,19,上下情,3,,
열하일기,행재잡록,20,20,地否隔,3,,
열하일기,행재잡록,20,21,不得相通,4,,
열하일기,행재잡록,20,22,使臣之督責任譯逾急,9,,
열하일기,행재잡록,20,23,則序班通官之操縱逾甚,10,,
열하일기,행재잡록,20,24,進退緩急,4,,
열하일기,행재잡록,20,25,始在掌握,4,,
열하일기,행재잡록,20,26,動輒索賂,4,,
열하일기,행재잡록,20,27,歲,1,,
열하일기,행재잡록,20,28,增年加,3,,
열하일기,행재잡록,20,29,遂成前例,4,,
열하일기,행재잡록,20,30,今其所被操縱,6,,
열하일기,행재잡록,20,31,不過回期之暫滯,7,,
열하일기,행재잡록,20,32,文書之差退而已,7,,
열하일기,행재잡록,20,33,萬一有事且急,6,,
열하일기,행재잡록,20,34,而大國之所以,6,,
열하일기,행재잡록,20,35,慰接使臣者,5,,
열하일기,행재잡록,20,36,未保其恒如前日,7,,
열하일기,행재잡록,20,37,則深坐館中者,6,,
열하일기,행재잡록,20,38,不過外國之陪臣耳,8,,
열하일기,행재잡록,20,39,將誰恃乎,4,,
열하일기,행재잡록,20,40,惟得仰成於序班,7,,
열하일기,행재잡록,20,41,而凡,2,,
열하일기,행재잡록,20,42,係禮部者,4,,
열하일기,행재잡록,20,43,始得沛然,4,,
열하일기,행재잡록,20,44,而公行其操縱矣,7,,
열하일기,행재잡록,20,45,爲使者,3,,
열하일기,행재잡록,20,46,不可以不慮也,6,,
열하일기,행재잡록,20,47,淸興百四十餘年,7,,
열하일기,행재잡록,20,48,我東士大夫夷中國,8,,
열하일기,행재잡록,20,49,而恥之,3,,
열하일기,행재잡록,20,50,雖黽勉奉使,5,,
열하일기,행재잡록,20,51,而其文書之去來,7,,
열하일기,행재잡록,20,52,事情之虗實,5,,
열하일기,행재잡록,20,53,一切委之於譯官,7,,
열하일기,행재잡록,20,54,自渡江入燕京,6,,
열하일기,행재잡록,20,55,所經二千里之,6,,
열하일기,행재잡록,20,56,間,1,,
열하일기,행재잡록,20,57,其州縣之官,5,,
열하일기,행재잡록,20,58,關阨之將,4,,
열하일기,행재잡록,20,59,不但未接其面,6,,
열하일기,행재잡록,20,60,亦不識其名,5,,
열하일기,행재잡록,20,61,由是而通官,5,,
열하일기,행재잡록,20,62,公行其索賂,5,,
열하일기,행재잡록,20,63,則我使甘受其操縱,8,,
열하일기,행재잡록,20,64,譯官遑遑然承奉之不暇,10,,
열하일기,행재잡록,20,65,常若有大機關之隱伏於其間者,13,,
열하일기,행재잡록,20,66,此使臣妄尊自便之過也,10,,
열하일기,행재잡록,20,67,使臣之於任譯,6,,
열하일기,행재잡록,20,68,太,1,,
열하일기,행재잡록,20,69,疑則非情,4,,
열하일기,행재잡록,20,70,而過信亦不可,6,,
열하일기,행재잡록,20,71,如有一朝之虞,6,,
열하일기,행재잡록,20,72,則三使者其將默然相視,10,,
열하일기,행재잡록,20,73,而徒仰任譯之口而已哉,10,,
열하일기,행재잡록,20,74,爲使者不,4,,
열하일기,행재잡록,20,75,可以不講,4,,
열하일기,행재잡록,20,76,燕巖識,3,,
열하일기,행재잡록,21,1,仲存氏曰,4,,
열하일기,행재잡록,21,2,俱是深憂遠慮,6,,Y
열하일기,행재잡록,21,3,此編及原集中所論銀貨一段,12,貨 銀,Y
열하일기,행재잡록,21,4,有司者宜熟講,6,,Y
열하일기,심세편,2,1,燕巖氏曰,4,,
열하일기,심세편,2,2,遊中國者有五妄,7,,
열하일기,심세편,2,3,地閥相高,4,,
열하일기,심세편,2,4,本是國俗之陋習,7,,
열하일기,심세편,2,5,有識之居國也,6,,
열하일기,심세편,2,6,且恥言兩班,5,,
열하일기,심세편,2,7,况以外藩土姓,6,,
열하일기,심세편,2,8,反陵中州之舊族乎,8,,
열하일기,심세편,2,9,此一妄也,4,,
열하일기,심세편,2,10,中州之紅帽蹄袖,7,,
열하일기,심세편,2,11,非獨漢人恥之,6,,
열하일기,심세편,2,12,滿人亦恥之,5,,
열하일기,심세편,2,13,然其禮俗文物,6,,
열하일기,심세편,2,14,四夷莫,3,,
열하일기,심세편,2,15,當,1,,
열하일기,심세편,2,16,顧無寸長可與頡伉中土,10,,
열하일기,심세편,2,17,而獨以一撮之髻,7,,
열하일기,심세편,2,18,自賢於天下,5,,
열하일기,심세편,2,19,此二妄也,4,,
열하일기,심세편,2,20,昔月汀尹公根壽奉使皇明,11,,
열하일기,심세편,2,21,道,1,,
열하일기,심세편,2,22,逢御史汪道昆,6,,Y
열하일기,심세편,2,23,屛息路左,4,息,Y
열하일기,심세편,2,24,瞻望行塵,4,,Y
열하일기,심세편,2,25,猶以爲榮,4,,
열하일기,심세편,2,26,今凾夏雖變而爲胡,8,,
열하일기,심세편,2,27,其天子之號未改也,8,,
열하일기,심세편,2,28,則閣部大臣,5,,
열하일기,심세편,2,29,乃天子之公卿也,7,,
열하일기,심세편,2,30,未必加尊於昔而有貶於今也,12,,
열하일기,심세편,2,31,奉使者自有見官之禮,9,,
열하일기,심세편,2,32,而恥其公庭拜揖,7,,
열하일기,심세편,2,33,輒圖寬免,4,,
열하일기,심세편,2,34,遂,1,,
열하일기,심세편,2,35,成規例,3,,
열하일기,심세편,2,36,時有接遇,4,,
열하일기,심세편,2,37,率以亢簡爲致,6,,
열하일기,심세편,2,38,恭謙爲辱,4,,
열하일기,심세편,2,39,彼雖不與苛責,6,,
열하일기,심세편,2,40,安知不侮我之無禮乎,9,,
열하일기,심세편,2,41,此三妄也,4,,
열하일기,심세편,2,42,自知文,3,,
열하일기,심세편,2,43,字以來,3,,
열하일기,심세편,2,44,莫不借讀于中州談說歷代,11,,
열하일기,심세편,2,45,無非夢中占夢,6,,
열하일기,심세편,2,46,乃以功令之餘習,7,,
열하일기,심세편,2,47,强作無致之詩文,7,,
열하일기,심세편,2,48,忽謂中土不見,6,,
열하일기,심세편,2,49,文章,2,,
열하일기,심세편,2,50,此四妄也,4,,
열하일기,심세편,2,51,中州之人士,5,,
열하일기,심세편,2,52,康煕以前,4,,
열하일기,심세편,2,53,皆皇明之遺黎也,7,,
열하일기,심세편,2,54,康煕以後,4,,
열하일기,심세편,2,55,卽淸室之臣庶也,7,,
열하일기,심세편,2,56,固將盡節本朝,6,,
열하일기,심세편,2,57,遵奉法制,4,,
열하일기,심세편,2,58,若造次談論輸情外藩,9,,
열하일기,심세편,2,59,是固當世之亂臣賊子也,10,,
열하일기,심세편,2,60,然而一遇中州之士,8,,
열하일기,심세편,2,61,見其誇張休澤,6,,
열하일기,심세편,2,62,則輒謂,3,,
열하일기,심세편,2,63,一部春秋,4,,
열하일기,심세편,2,64,無地可讀,4,,
열하일기,심세편,2,65,每歎燕趙之市,6,,
열하일기,심세편,2,66,未見悲歌之士,6,,
열하일기,심세편,2,67,此五妄也,4,,
열하일기,심세편,2,68,中州之士有三難,7,,
열하일기,심세편,2,69,一爲擧人則全史全,8,,
열하일기,심세편,2,70,經,1,,
열하일기,심세편,2,71,隨事辨證,4,,
열하일기,심세편,2,72,百家九流,4,,
열하일기,심세편,2,73,略涉源委,4,,
열하일기,심세편,2,74,酬答如響,4,,
열하일기,심세편,2,75,不如是,3,,
열하일기,심세편,2,76,未足以爲士也,6,,
열하일기,심세편,2,77,此其一難也,5,,
열하일기,심세편,2,78,寬雅嫺禮,4,,
열하일기,심세편,2,79,休休有,3,,
열하일기,심세편,2,80,容,1,,
열하일기,심세편,2,81,不施驕倨,4,,
열하일기,심세편,2,82,虛懷接物而不失大國之體,11,,
열하일기,심세편,2,83,此其二難也,5,,
열하일기,심세편,2,84,小大遠近,4,,
열하일기,심세편,2,85,莫不畏法,4,,
열하일기,심세편,2,86,畏法故愼官,5,,
열하일기,심세편,2,87,愼官故制度,5,,
열하일기,심세편,2,88,如一,2,,
열하일기,심세편,2,89,而四民分業,5,,
열하일기,심세편,2,90,莫不自修,4,,
열하일기,심세편,2,91,此其三難也,5,,
열하일기,심세편,2,92,東人有五妄,5,,
열하일기,심세편,2,93,實由中土之自侮,7,,
열하일기,심세편,2,94,然其自侮之實,6,,
열하일기,심세편,2,95,亦非中土之,5,,
열하일기,심세편,2,96,罪,1,,
열하일기,심세편,2,97,而其固有之三難,7,,
열하일기,심세편,2,98,又非東人之所可得以侮之也,12,,
열하일기,심세편,2,99,昔陳慶之自魏南還,8,,
열하일기,심세편,2,100,甚重北人,4,,
열하일기,심세편,2,101,朱异恠而問之,6,,
열하일기,심세편,2,102,慶,1,,
열하일기,심세편,2,103,之曰,2,,
열하일기,심세편,2,104,自晉宋以來,5,,
열하일기,심세편,2,105,號洛陽爲荒中,6,,
열하일기,심세편,2,106,此謂長江以北盡是夷狄,10,,
열하일기,심세편,2,107,昨至洛陽,4,,
열하일기,심세편,2,108,始知衣冠士族幷在中原,10,,
열하일기,심세편,2,109,禮儀,2,,Y
열하일기,심세편,2,110,富盛,2,富,Y
열하일기,심세편,2,111,人物殷阜,4,,Y
열하일기,심세편,2,112,耳目所識,4,,
열하일기,심세편,2,113,口不能傳,4,,
열하일기,심세편,2,114,由是觀之,4,,
열하일기,심세편,2,115,望洋發歎,4,,
열하일기,심세편,2,116,今古同情,4,,
열하일기,심세편,2,117,余在熱河,4,,
열하일기,심세편,2,118,與中州士大夫遊者,8,,
열하일기,심세편,2,119,多矣,2,,
열하일기,심세편,2,120,尋常談討,4,,
열하일기,심세편,2,121,雖日知其所不識,7,,
열하일기,심세편,2,122,而至若時政之得失,8,,
열하일기,심세편,2,123,民情之向背,5,,
열하일기,심세편,2,124,無術而可識,5,,
열하일기,심세편,2,125,傳曰,2,,
열하일기,심세편,2,126,觀其禮而知其,6,,
열하일기,심세편,2,127,政,1,,
열하일기,심세편,2,128,聞其樂而知其德,7,,
열하일기,심세편,2,129,由百世之後,5,,
열하일기,심세편,2,130,等百世之王,5,,
열하일기,심세편,2,131,莫之能違也,5,,Y
열하일기,심세편,2,132,旣無子貢之藝,6,貢,Y
열하일기,심세편,2,133,季札之智,4,,Y
열하일기,심세편,2,134,則雖使笙鏞干,6,,
열하일기,심세편,2,135,羽日陳於前,5,,
열하일기,심세편,2,136,固莫識政德之所出,8,,
열하일기,심세편,2,137,况泛論上世之律呂而惡能識當時之汚隆哉,18,,
열하일기,심세편,2,138,然而不避其支離煩複之,10,,
열하일기,심세편,2,139,嫌,1,,
열하일기,심세편,2,140,而故爲此迂闊誕漫之問者,11,,
열하일기,심세편,2,141,何也,2,,
열하일기,심세편,2,142,葢中州之士,5,,
열하일기,심세편,2,143,性喜矜誇,4,,
열하일기,심세편,2,144,學貴該洽,4,,
열하일기,심세편,2,145,出經入史,4,,
열하일기,심세편,2,146,揮麈風發,4,,
열하일기,심세편,2,147,然我人,3,,
열하일기,심세편,2,148,類多未閑辭令,6,,
열하일기,심세편,2,149,或急於質難,5,,
열하일기,심세편,2,150,逕談當世,4,,
열하일기,심세편,2,151,或自誇衣冠,5,,
열하일기,심세편,2,152,觀其愧服,4,,
열하일기,심세편,2,153,或直問思漢,5,,
열하일기,심세편,2,154,使人臆塞,4,,
열하일기,심세편,2,155,此等非但彼所,6,,
열하일기,심세편,2,156,忌諱,2,,
열하일기,심세편,2,157,在我踈失,4,,
열하일기,심세편,2,158,亦自不細,4,,
열하일기,심세편,2,159,故將要得其歡心,7,,
열하일기,심세편,2,160,必曲贊大國之聲敎,8,,
열하일기,심세편,2,161,先安其心,4,,
열하일기,심세편,2,162,勤示中外之一軆,7,,
열하일기,심세편,2,163,務遠其,3,,
열하일기,심세편,2,164,嫌,1,,
열하일기,심세편,2,165,一則寄意禮樂,6,,
열하일기,심세편,2,166,自附典雅,4,,
열하일기,심세편,2,167,一則揚扢歷代,6,,
열하일기,심세편,2,168,毋逼近境,4,,
열하일기,심세편,2,169,遜志願學,4,,
열하일기,심세편,2,170,導之縱談,4,,
열하일기,심세편,2,171,陽若未曉,4,,
열하일기,심세편,2,172,使鬱其心,4,,
열하일기,심세편,2,173,則,1,,
열하일기,심세편,2,174,眉睫之間,4,,
열하일기,심세편,2,175,誠僞可見,4,,
열하일기,심세편,2,176,談笑之際,4,,
열하일기,심세편,2,177,情實可探,4,,
열하일기,심세편,2,178,此余所以畧得其影響於紙墨之外也,15,,
열하일기,심세편,2,179,嗚呼,2,,
열하일기,심세편,2,180,中州道術陵遲,6,,
열하일기,심세편,2,181,天下之學,4,,
열하일기,심세편,2,182,不出于一,4,,
열하일기,심세편,2,183,而朱,2,,
열하일기,심세편,2,184,陸之分,3,,
열하일기,심세편,2,185,皆將數百年互相訾謷,9,,
열하일기,심세편,2,186,疾如仇敵,4,,
열하일기,심세편,2,187,至皇明季世,5,,
열하일기,심세편,2,188,天下學者,4,,
열하일기,심세편,2,189,莫不宗,3,,
열하일기,심세편,2,190,朱而爲陸者鮮矣,7,,
열하일기,심세편,2,191,及淸人入主中國,7,,
열하일기,심세편,2,192,陰察學術宗主之所在,9,,
열하일기,심세편,2,193,與夫當時趨向之衆寡,9,,
열하일기,심세편,2,194,於是從衆而力主之,8,,
열하일기,심세편,2,195,陞享朱子於十哲之列,9,,
열하일기,심세편,2,196,而號於天下曰朱子之道,10,,
열하일기,심세편,2,197,卽吾帝室之家學也,8,,
열하일기,심세편,2,198,遂天下洽然悅服者有之,10,,
열하일기,심세편,2,199,緣飾希,3,,
열하일기,심세편,2,200,世者有之,4,,
열하일기,심세편,2,201,所謂陸氏之學,6,,
열하일기,심세편,2,202,幾乎絶矣,4,,
열하일기,심세편,2,203,嗚呼,2,,
열하일기,심세편,2,204,彼豈眞識朱子之學而得其正也,13,,
열하일기,심세편,2,205,抑以天子之尊,6,,
열하일기,심세편,2,206,陽浮慕之,4,,
열하일기,심세편,2,207,此其意徒審中國之大勢而先據之,14,,
열하일기,심세편,2,208,鉗天下之口而莫敢號我以夷狄也,14,,
열하일기,심세편,2,209,何以知其然也,6,,
열하일기,심세편,2,210,朱子尊中國而攘,7,,
열하일기,심세편,2,211,夷狄,2,,
열하일기,심세편,2,212,則皇帝甞著論而斥宋高宗不識春秋之義,17,,
열하일기,심세편,2,213,討秦檜主和之罪,7,,
열하일기,심세편,2,214,朱子集註群書,6,,
열하일기,심세편,2,215,則皇帝集天下之士,8,,
열하일기,심세편,2,216,徵海內之書,5,,
열하일기,심세편,2,217,爲圖書集成,5,,
열하일기,심세편,2,218,四庫全書,4,,
열하일기,심세편,2,219,率天下而唱之曰,7,,
열하일기,심세편,2,220,此紫陽之緖言,6,,
열하일기,심세편,2,221,而考亭之遺旨也,7,,
열하일기,심세편,2,222,其所以動遵,5,,
열하일기,심세편,2,223,朱子者,3,,
열하일기,심세편,2,224,非他也,3,,
열하일기,심세편,2,225,騎天下士大夫之項,8,,
열하일기,심세편,2,226,扼其咽而撫其背,7,,
열하일기,심세편,2,227,天下之士大夫,6,,
열하일기,심세편,2,228,率被其愚脅,5,,
열하일기,심세편,2,229,區區自泥於儀文,7,,
열하일기,심세편,2,230,節目之中而莫之能覺也,10,,
열하일기,심세편,2,231,或曰,2,,
열하일기,심세편,2,232,淸人旣尊尙中土之儀文,10,,
열하일기,심세편,2,233,而不變滿洲之舊俗,8,,
열하일기,심세편,2,234,何也,2,,
열하일기,심세편,2,235,曰,1,,
열하일기,심세편,2,236,此足以見其情,6,,
열하일기,심세편,2,237,也,1,,
열하일기,심세편,2,238,彼將曰,3,,Y
열하일기,심세편,2,239,吾非利天下也,6,利,Y
열하일기,심세편,2,240,吾爲明室,4,,Y
열하일기,심세편,2,241,復大仇雪大恥,6,,
열하일기,심세편,2,242,而天下無久曠之理,8,,
열하일기,심세편,2,243,則吾爲天下守中土,8,,
열하일기,심세편,2,244,有主則,3,,
열하일기,심세편,2,245,吾亦將卷而東歸,7,,
열하일기,심세편,2,246,故不敢變祖宗之舊制也,10,,
열하일기,심세편,2,247,或曰,2,,
열하일기,심세편,2,248,彼所以自因舊俗則當矣,10,,
열하일기,심세편,2,249,奈之何擧天下而强循其法,11,,
열하일기,심세편,2,250,也,1,,
열하일기,심세편,2,251,曰,1,,
열하일기,심세편,2,252,此足以見其情也,7,,
열하일기,심세편,2,253,彼將曰,3,,
열하일기,심세편,2,254,帝王者,3,,
열하일기,심세편,2,255,同文軌一制度而已矣,9,,
열하일기,심세편,2,256,爲淸之臣子者,6,,
열하일기,심세편,2,257,當遵時王之制,6,,
열하일기,심세편,2,258,不爲,2,,
열하일기,심세편,2,259,淸之臣子者,5,,
열하일기,심세편,2,260,不遵時王之制度爾,8,,
열하일기,심세편,2,261,東南開明,4,,
열하일기,심세편,2,262,必先天下而有事情,8,,
열하일기,심세편,2,263,喜輕浮而好議論,7,,
열하일기,심세편,2,264,則康煕六巡淮淛,7,,
열하일기,심세편,2,265,所以陰沮豪傑之心,8,,
열하일기,심세편,2,266,而今皇帝踵而五巡矣,9,,
열하일기,심세편,2,267,天下之患,4,,
열하일기,심세편,2,268,常在北虜,4,,
열하일기,심세편,2,269,則迨其賓服,5,,
열하일기,심세편,2,270,自康煕時,4,,
열하일기,심세편,2,271,築宮於熱河,5,,
열하일기,심세편,2,272,宿留蒙古之重兵,7,,
열하일기,심세편,2,273,不煩中國而以胡備胡,9,,
열하일기,심세편,2,274,如此則兵費省而邊防壯,10,,
열하일기,심세편,2,275,今皇帝身自統禦而居守之矣,12,,
열하일기,심세편,2,276,西藩,2,,
열하일기,심세편,2,277,强悍而甚畏黃敎,7,,
열하일기,심세편,2,278,則皇帝循其俗而躬自崇奉,11,,
열하일기,심세편,2,279,迎其法師,4,,
열하일기,심세편,2,280,盛飾宮室,4,,
열하일기,심세편,2,281,以悅其心,4,,
열하일기,심세편,2,282,分封名王,4,,
열하일기,심세편,2,283,以析其勢,4,,
열하일기,심세편,2,284,此,1,,
열하일기,심세편,2,285,淸人所以制四方之術也,10,,
열하일기,심세편,2,286,獨於中土,4,,
열하일기,심세편,2,287,似若無所用心,6,,
열하일기,심세편,2,288,然其心以爲天下之小民,10,,Y
열하일기,심세편,2,289,薄其賦斂則安矣,7,賦,Y
열하일기,심세편,2,290,安知不,3,,Y
열하일기,심세편,2,291,反便乎我之帽服而不欲變我之制度乎,16,,
열하일기,심세편,2,292,但天下之士大夫顧無可安之術,13,,
열하일기,심세편,2,293,則姑尊朱子之學,7,,
열하일기,심세편,2,294,大慰遊士之,5,,
열하일기,심세편,2,295,心,1,,
열하일기,심세편,2,296,其豪傑敢怒而不敢言其鄙佞,12,,Y
열하일기,심세편,2,297,因時義而爲身利,7,利,Y
열하일기,심세편,2,298,一以陰弱中土之士,8,,Y
열하일기,심세편,2,299,一以顯受文敎之名,8,,
열하일기,심세편,2,300,非秦之坑,4,,
열하일기,심세편,2,301,殺而乾沒於校讐之役,9,,
열하일기,심세편,2,302,非秦之燔燒而離裂於聚珍之局,13,,
열하일기,심세편,2,303,乾隆,2,,
열하일기,심세편,2,304,以四庫全書板,6,,
열하일기,심세편,2,305,名之曰聚珍板,6,,
열하일기,심세편,2,306,嗚呼,2,,
열하일기,심세편,2,307,其,1,,
열하일기,심세편,2,308,愚天下之術,5,,
열하일기,심세편,2,309,可謂巧且深矣,6,,
열하일기,심세편,2,310,所謂購書之禍,6,,
열하일기,심세편,2,311,甚於焚書者,5,,
열하일기,심세편,2,312,正指此也,4,,
열하일기,심세편,2,313,故中土之士,5,,
열하일기,심세편,2,314,往往駁朱而不少顧,8,,
열하일기,심세편,2,315,憚,1,,
열하일기,심세편,2,316,如毛奇齡者,5,,
열하일기,심세편,2,317,或有謂之朱子之忠臣,9,,
열하일기,심세편,2,318,或又謂之有衛道之功,9,,
열하일기,심세편,2,319,或有謂之恩家作怨,8,,
열하일기,심세편,2,320,此等皆足以見其微,8,,
열하일기,심세편,2,321,意也,2,,
열하일기,심세편,2,322,噫,1,,
열하일기,심세편,2,323,朱子之道,4,,
열하일기,심세편,2,324,如日中天,4,,
열하일기,심세편,2,325,四方萬國,4,,
열하일기,심세편,2,326,咸所瞻睹,4,,
열하일기,심세편,2,327,皇帝私尊何累朱子,8,,
열하일기,심세편,2,328,而中州之士如此其恥之者,11,,Y
열하일기,심세편,2,329,葢有所激於陽尊而爲禦世之資耳,14,資,Y
열하일기,심세편,2,330,故時借一二集註之誤,9,,Y
열하일기,심세편,2,331,以洩百年煩寃之氣,8,,
열하일기,심세편,2,332,則可徵今之駁朱者,8,,
열하일기,심세편,2,333,果,1,,
열하일기,심세편,2,334,異乎昔之爲陸耳,7,,
열하일기,심세편,2,335,然而吾東之人,6,,
열하일기,심세편,2,336,不識此意,4,,
열하일기,심세편,2,337,乍接中州之士,6,,
열하일기,심세편,2,338,其草草立談,5,,
열하일기,심세편,2,339,微涉朱子則瞠然駭聽,9,,
열하일기,심세편,2,340,輒斥,2,,
열하일기,심세편,2,341,以象山之徒,5,,
열하일기,심세편,2,342,歸語國人曰,5,,
열하일기,심세편,2,343,中原陸學大盛,6,,
열하일기,심세편,2,344,邪說不熄,4,,
열하일기,심세편,2,345,聽之者又不究本末,8,,
열하일기,심세편,2,346,若見此等談論,6,,
열하일기,심세편,2,347,先怒於心,4,,
열하일기,심세편,2,348,噫,1,,
열하일기,심세편,2,349,斯文亂賊之討,6,,
열하일기,심세편,2,350,雖莫遠施於中土,7,,
열하일기,심세편,2,351,容默異端之過,6,,
열하일기,심세편,2,352,固難見恕於士林,7,,
열하일기,심세편,2,353,罨溪花下少飮,6,,
열하일기,심세편,2,354,閱次忘羊錄及鵠汀,8,,
열하일기,심세편,2,355,筆談,2,,
열하일기,심세편,2,356,因滋筆花,4,,
열하일기,심세편,2,357,露爲此義例,5,,
열하일기,심세편,2,358,使後之遊中國者,7,,
열하일기,심세편,2,359,如逢肆然駁朱者,7,,
열하일기,심세편,2,360,知其爲非常之士而毋徒斥以異端,14,,
열하일기,심세편,2,361,善其辭令,4,,
열하일기,심세편,2,362,徵質有漸,4,,
열하일기,심세편,2,363,庶幾因此而得覘夫天下之大勢也哉,15,,
